--
-- PostgreSQL database dump
--

-- Dumped from database version 12.18 (Ubuntu 12.18-0ubuntu0.20.04.1)
-- Dumped by pg_dump version 12.18 (Ubuntu 12.18-0ubuntu0.20.04.1)

SET statement_timeout = 0;
SET lock_timeout = 0;
SET idle_in_transaction_session_timeout = 0;
SET client_encoding = 'UTF8';
SET standard_conforming_strings = on;
SELECT pg_catalog.set_config('search_path', '', false);
SET check_function_bodies = false;
SET xmloption = content;
SET client_min_messages = warning;
SET row_security = off;

SET default_tablespace = '';

SET default_table_access_method = heap;

--
-- Name: accounting_expense; Type: TABLE; Schema: public; Owner: erp
--

CREATE TABLE public.accounting_expense (
    id bigint NOT NULL,
    total_cost numeric(10,2),
    type character varying(20) NOT NULL,
    accrue_date date NOT NULL
);


ALTER TABLE public.accounting_expense OWNER TO erp;

--
-- Name: accounting_expense_id_seq; Type: SEQUENCE; Schema: public; Owner: erp
--

ALTER TABLE public.accounting_expense ALTER COLUMN id ADD GENERATED BY DEFAULT AS IDENTITY (
    SEQUENCE NAME public.accounting_expense_id_seq
    START WITH 1
    INCREMENT BY 1
    NO MINVALUE
    NO MAXVALUE
    CACHE 1
);


--
-- Name: accounting_mileage; Type: TABLE; Schema: public; Owner: erp
--

CREATE TABLE public.accounting_mileage (
    expense_ptr_id bigint NOT NULL,
    miles numeric(5,1) NOT NULL,
    entry_id bigint,
    project_id bigint,
    rate_id bigint NOT NULL,
    equipment_id bigint
);


ALTER TABLE public.accounting_mileage OWNER TO erp;

--
-- Name: accounting_rate; Type: TABLE; Schema: public; Owner: erp
--

CREATE TABLE public.accounting_rate (
    id bigint NOT NULL,
    name text NOT NULL,
    value numeric(10,2) NOT NULL
);


ALTER TABLE public.accounting_rate OWNER TO erp;

--
-- Name: accounting_rate_id_seq; Type: SEQUENCE; Schema: public; Owner: erp
--

ALTER TABLE public.accounting_rate ALTER COLUMN id ADD GENERATED BY DEFAULT AS IDENTITY (
    SEQUENCE NAME public.accounting_rate_id_seq
    START WITH 1
    INCREMENT BY 1
    NO MINVALUE
    NO MAXVALUE
    CACHE 1
);


--
-- Name: accounts_passwordreset; Type: TABLE; Schema: public; Owner: erp
--

CREATE TABLE public.accounts_passwordreset (
    id integer NOT NULL,
    email character varying(100) NOT NULL,
    onetime_code character varying(10) NOT NULL,
    used boolean NOT NULL
);


ALTER TABLE public.accounts_passwordreset OWNER TO erp;

--
-- Name: accounts_passwordreset_id_seq; Type: SEQUENCE; Schema: public; Owner: erp
--

ALTER TABLE public.accounts_passwordreset ALTER COLUMN id ADD GENERATED BY DEFAULT AS IDENTITY (
    SEQUENCE NAME public.accounts_passwordreset_id_seq
    START WITH 1
    INCREMENT BY 1
    NO MINVALUE
    NO MAXVALUE
    CACHE 1
);


--
-- Name: assets_asset; Type: TABLE; Schema: public; Owner: erp
--

CREATE TABLE public.assets_asset (
    id bigint NOT NULL,
    name character varying(50) NOT NULL,
    description text,
    date_acquired timestamp with time zone NOT NULL,
    date_retired timestamp with time zone,
    equipment_id bigint
);


ALTER TABLE public.assets_asset OWNER TO erp;

--
-- Name: assets_asset_id_seq; Type: SEQUENCE; Schema: public; Owner: erp
--

ALTER TABLE public.assets_asset ALTER COLUMN id ADD GENERATED BY DEFAULT AS IDENTITY (
    SEQUENCE NAME public.assets_asset_id_seq
    START WITH 1
    INCREMENT BY 1
    NO MINVALUE
    NO MAXVALUE
    CACHE 1
);


--
-- Name: assets_building; Type: TABLE; Schema: public; Owner: erp
--

CREATE TABLE public.assets_building (
    asset_ptr_id bigint NOT NULL,
    year_built integer NOT NULL
);


ALTER TABLE public.assets_building OWNER TO erp;

--
-- Name: assets_vehicle; Type: TABLE; Schema: public; Owner: erp
--

CREATE TABLE public.assets_vehicle (
    asset_ptr_id bigint NOT NULL,
    total_mileage numeric(10,1) NOT NULL
);


ALTER TABLE public.assets_vehicle OWNER TO erp;

--
-- Name: auth_group; Type: TABLE; Schema: public; Owner: erp
--

CREATE TABLE public.auth_group (
    id integer NOT NULL,
    name character varying(150) NOT NULL
);


ALTER TABLE public.auth_group OWNER TO erp;

--
-- Name: auth_group_id_seq; Type: SEQUENCE; Schema: public; Owner: erp
--

ALTER TABLE public.auth_group ALTER COLUMN id ADD GENERATED BY DEFAULT AS IDENTITY (
    SEQUENCE NAME public.auth_group_id_seq
    START WITH 1
    INCREMENT BY 1
    NO MINVALUE
    NO MAXVALUE
    CACHE 1
);


--
-- Name: auth_group_permissions; Type: TABLE; Schema: public; Owner: erp
--

CREATE TABLE public.auth_group_permissions (
    id integer NOT NULL,
    group_id integer NOT NULL,
    permission_id integer NOT NULL
);


ALTER TABLE public.auth_group_permissions OWNER TO erp;

--
-- Name: auth_group_permissions_id_seq; Type: SEQUENCE; Schema: public; Owner: erp
--

ALTER TABLE public.auth_group_permissions ALTER COLUMN id ADD GENERATED BY DEFAULT AS IDENTITY (
    SEQUENCE NAME public.auth_group_permissions_id_seq
    START WITH 1
    INCREMENT BY 1
    NO MINVALUE
    NO MAXVALUE
    CACHE 1
);


--
-- Name: auth_permission; Type: TABLE; Schema: public; Owner: erp
--

CREATE TABLE public.auth_permission (
    id integer NOT NULL,
    name character varying(255) NOT NULL,
    content_type_id integer NOT NULL,
    codename character varying(100) NOT NULL
);


ALTER TABLE public.auth_permission OWNER TO erp;

--
-- Name: auth_permission_id_seq; Type: SEQUENCE; Schema: public; Owner: erp
--

ALTER TABLE public.auth_permission ALTER COLUMN id ADD GENERATED BY DEFAULT AS IDENTITY (
    SEQUENCE NAME public.auth_permission_id_seq
    START WITH 1
    INCREMENT BY 1
    NO MINVALUE
    NO MAXVALUE
    CACHE 1
);


--
-- Name: auth_user; Type: TABLE; Schema: public; Owner: erp
--

CREATE TABLE public.auth_user (
    id integer NOT NULL,
    password character varying(128) NOT NULL,
    last_login timestamp with time zone,
    is_superuser boolean NOT NULL,
    username character varying(150) NOT NULL,
    first_name character varying(150) NOT NULL,
    last_name character varying(150) NOT NULL,
    email character varying(254) NOT NULL,
    is_staff boolean NOT NULL,
    is_active boolean NOT NULL,
    date_joined timestamp with time zone NOT NULL
);


ALTER TABLE public.auth_user OWNER TO erp;

--
-- Name: auth_user_groups; Type: TABLE; Schema: public; Owner: erp
--

CREATE TABLE public.auth_user_groups (
    id integer NOT NULL,
    user_id integer NOT NULL,
    group_id integer NOT NULL
);


ALTER TABLE public.auth_user_groups OWNER TO erp;

--
-- Name: auth_user_groups_id_seq; Type: SEQUENCE; Schema: public; Owner: erp
--

ALTER TABLE public.auth_user_groups ALTER COLUMN id ADD GENERATED BY DEFAULT AS IDENTITY (
    SEQUENCE NAME public.auth_user_groups_id_seq
    START WITH 1
    INCREMENT BY 1
    NO MINVALUE
    NO MAXVALUE
    CACHE 1
);


--
-- Name: auth_user_id_seq; Type: SEQUENCE; Schema: public; Owner: erp
--

ALTER TABLE public.auth_user ALTER COLUMN id ADD GENERATED BY DEFAULT AS IDENTITY (
    SEQUENCE NAME public.auth_user_id_seq
    START WITH 1
    INCREMENT BY 1
    NO MINVALUE
    NO MAXVALUE
    CACHE 1
);


--
-- Name: auth_user_user_permissions; Type: TABLE; Schema: public; Owner: erp
--

CREATE TABLE public.auth_user_user_permissions (
    id integer NOT NULL,
    user_id integer NOT NULL,
    permission_id integer NOT NULL
);


ALTER TABLE public.auth_user_user_permissions OWNER TO erp;

--
-- Name: auth_user_user_permissions_id_seq; Type: SEQUENCE; Schema: public; Owner: erp
--

ALTER TABLE public.auth_user_user_permissions ALTER COLUMN id ADD GENERATED BY DEFAULT AS IDENTITY (
    SEQUENCE NAME public.auth_user_user_permissions_id_seq
    START WITH 1
    INCREMENT BY 1
    NO MINVALUE
    NO MAXVALUE
    CACHE 1
);


--
-- Name: custom_scheduler_calendar; Type: TABLE; Schema: public; Owner: erp
--

CREATE TABLE public.custom_scheduler_calendar (
    calendar_ptr_id integer NOT NULL,
    organization_id bigint NOT NULL
);


ALTER TABLE public.custom_scheduler_calendar OWNER TO erp;

--
-- Name: custom_scheduler_customevent; Type: TABLE; Schema: public; Owner: erp
--

CREATE TABLE public.custom_scheduler_customevent (
    event_ptr_id integer NOT NULL,
    duration numeric(5,2),
    event_type_id bigint
);


ALTER TABLE public.custom_scheduler_customevent OWNER TO erp;

--
-- Name: custom_scheduler_eventtype; Type: TABLE; Schema: public; Owner: erp
--

CREATE TABLE public.custom_scheduler_eventtype (
    id bigint NOT NULL,
    name character varying(50) NOT NULL,
    color_event character varying(10) NOT NULL,
    organization_id bigint NOT NULL
);


ALTER TABLE public.custom_scheduler_eventtype OWNER TO erp;

--
-- Name: custom_scheduler_eventtype_id_seq; Type: SEQUENCE; Schema: public; Owner: erp
--

ALTER TABLE public.custom_scheduler_eventtype ALTER COLUMN id ADD GENERATED BY DEFAULT AS IDENTITY (
    SEQUENCE NAME public.custom_scheduler_eventtype_id_seq
    START WITH 1
    INCREMENT BY 1
    NO MINVALUE
    NO MAXVALUE
    CACHE 1
);


--
-- Name: custom_scheduler_staff; Type: TABLE; Schema: public; Owner: erp
--

CREATE TABLE public.custom_scheduler_staff (
    id bigint NOT NULL,
    name character varying(50) NOT NULL,
    email character varying(50) NOT NULL,
    phone character varying(20),
    staff_type character varying(25) NOT NULL,
    organization_id bigint,
    user_id integer
);


ALTER TABLE public.custom_scheduler_staff OWNER TO erp;

--
-- Name: custom_scheduler_staff_id_seq; Type: SEQUENCE; Schema: public; Owner: erp
--

ALTER TABLE public.custom_scheduler_staff ALTER COLUMN id ADD GENERATED BY DEFAULT AS IDENTITY (
    SEQUENCE NAME public.custom_scheduler_staff_id_seq
    START WITH 1
    INCREMENT BY 1
    NO MINVALUE
    NO MAXVALUE
    CACHE 1
);


--
-- Name: custom_scheduler_stafftime; Type: TABLE; Schema: public; Owner: erp
--

CREATE TABLE public.custom_scheduler_stafftime (
    id bigint NOT NULL,
    start timestamp with time zone NOT NULL,
    "end" timestamp with time zone NOT NULL,
    event_id integer,
    occurrence_id integer,
    staff_member_id bigint
);


ALTER TABLE public.custom_scheduler_stafftime OWNER TO erp;

--
-- Name: custom_scheduler_stafftime_id_seq; Type: SEQUENCE; Schema: public; Owner: erp
--

ALTER TABLE public.custom_scheduler_stafftime ALTER COLUMN id ADD GENERATED BY DEFAULT AS IDENTITY (
    SEQUENCE NAME public.custom_scheduler_stafftime_id_seq
    START WITH 1
    INCREMENT BY 1
    NO MINVALUE
    NO MAXVALUE
    CACHE 1
);


--
-- Name: django_admin_log; Type: TABLE; Schema: public; Owner: erp
--

CREATE TABLE public.django_admin_log (
    id integer NOT NULL,
    action_time timestamp with time zone NOT NULL,
    object_id text,
    object_repr character varying(200) NOT NULL,
    action_flag smallint NOT NULL,
    change_message text NOT NULL,
    content_type_id integer,
    user_id integer NOT NULL,
    CONSTRAINT django_admin_log_action_flag_check CHECK ((action_flag >= 0))
);


ALTER TABLE public.django_admin_log OWNER TO erp;

--
-- Name: django_admin_log_id_seq; Type: SEQUENCE; Schema: public; Owner: erp
--

ALTER TABLE public.django_admin_log ALTER COLUMN id ADD GENERATED BY DEFAULT AS IDENTITY (
    SEQUENCE NAME public.django_admin_log_id_seq
    START WITH 1
    INCREMENT BY 1
    NO MINVALUE
    NO MAXVALUE
    CACHE 1
);


--
-- Name: django_celery_beat_clockedschedule; Type: TABLE; Schema: public; Owner: erp
--

CREATE TABLE public.django_celery_beat_clockedschedule (
    id integer NOT NULL,
    clocked_time timestamp with time zone NOT NULL
);


ALTER TABLE public.django_celery_beat_clockedschedule OWNER TO erp;

--
-- Name: django_celery_beat_clockedschedule_id_seq; Type: SEQUENCE; Schema: public; Owner: erp
--

ALTER TABLE public.django_celery_beat_clockedschedule ALTER COLUMN id ADD GENERATED BY DEFAULT AS IDENTITY (
    SEQUENCE NAME public.django_celery_beat_clockedschedule_id_seq
    START WITH 1
    INCREMENT BY 1
    NO MINVALUE
    NO MAXVALUE
    CACHE 1
);


--
-- Name: django_celery_beat_crontabschedule; Type: TABLE; Schema: public; Owner: erp
--

CREATE TABLE public.django_celery_beat_crontabschedule (
    id integer NOT NULL,
    minute character varying(240) NOT NULL,
    hour character varying(96) NOT NULL,
    day_of_week character varying(64) NOT NULL,
    day_of_month character varying(124) NOT NULL,
    month_of_year character varying(64) NOT NULL,
    timezone character varying(63) NOT NULL
);


ALTER TABLE public.django_celery_beat_crontabschedule OWNER TO erp;

--
-- Name: django_celery_beat_crontabschedule_id_seq; Type: SEQUENCE; Schema: public; Owner: erp
--

ALTER TABLE public.django_celery_beat_crontabschedule ALTER COLUMN id ADD GENERATED BY DEFAULT AS IDENTITY (
    SEQUENCE NAME public.django_celery_beat_crontabschedule_id_seq
    START WITH 1
    INCREMENT BY 1
    NO MINVALUE
    NO MAXVALUE
    CACHE 1
);


--
-- Name: django_celery_beat_intervalschedule; Type: TABLE; Schema: public; Owner: erp
--

CREATE TABLE public.django_celery_beat_intervalschedule (
    id integer NOT NULL,
    every integer NOT NULL,
    period character varying(24) NOT NULL
);


ALTER TABLE public.django_celery_beat_intervalschedule OWNER TO erp;

--
-- Name: django_celery_beat_intervalschedule_id_seq; Type: SEQUENCE; Schema: public; Owner: erp
--

ALTER TABLE public.django_celery_beat_intervalschedule ALTER COLUMN id ADD GENERATED BY DEFAULT AS IDENTITY (
    SEQUENCE NAME public.django_celery_beat_intervalschedule_id_seq
    START WITH 1
    INCREMENT BY 1
    NO MINVALUE
    NO MAXVALUE
    CACHE 1
);


--
-- Name: django_celery_beat_periodictask; Type: TABLE; Schema: public; Owner: erp
--

CREATE TABLE public.django_celery_beat_periodictask (
    id integer NOT NULL,
    name character varying(200) NOT NULL,
    task character varying(200) NOT NULL,
    args text NOT NULL,
    kwargs text NOT NULL,
    queue character varying(200),
    exchange character varying(200),
    routing_key character varying(200),
    expires timestamp with time zone,
    enabled boolean NOT NULL,
    last_run_at timestamp with time zone,
    total_run_count integer NOT NULL,
    date_changed timestamp with time zone NOT NULL,
    description text NOT NULL,
    crontab_id integer,
    interval_id integer,
    solar_id integer,
    one_off boolean NOT NULL,
    start_time timestamp with time zone,
    priority integer,
    headers text NOT NULL,
    clocked_id integer,
    expire_seconds integer,
    CONSTRAINT django_celery_beat_periodictask_expire_seconds_check CHECK ((expire_seconds >= 0)),
    CONSTRAINT django_celery_beat_periodictask_priority_check CHECK ((priority >= 0)),
    CONSTRAINT django_celery_beat_periodictask_total_run_count_check CHECK ((total_run_count >= 0))
);


ALTER TABLE public.django_celery_beat_periodictask OWNER TO erp;

--
-- Name: django_celery_beat_periodictask_id_seq; Type: SEQUENCE; Schema: public; Owner: erp
--

ALTER TABLE public.django_celery_beat_periodictask ALTER COLUMN id ADD GENERATED BY DEFAULT AS IDENTITY (
    SEQUENCE NAME public.django_celery_beat_periodictask_id_seq
    START WITH 1
    INCREMENT BY 1
    NO MINVALUE
    NO MAXVALUE
    CACHE 1
);


--
-- Name: django_celery_beat_periodictasks; Type: TABLE; Schema: public; Owner: erp
--

CREATE TABLE public.django_celery_beat_periodictasks (
    ident smallint NOT NULL,
    last_update timestamp with time zone NOT NULL
);


ALTER TABLE public.django_celery_beat_periodictasks OWNER TO erp;

--
-- Name: django_celery_beat_solarschedule; Type: TABLE; Schema: public; Owner: erp
--

CREATE TABLE public.django_celery_beat_solarschedule (
    id integer NOT NULL,
    event character varying(24) NOT NULL,
    latitude numeric(9,6) NOT NULL,
    longitude numeric(9,6) NOT NULL
);


ALTER TABLE public.django_celery_beat_solarschedule OWNER TO erp;

--
-- Name: django_celery_beat_solarschedule_id_seq; Type: SEQUENCE; Schema: public; Owner: erp
--

ALTER TABLE public.django_celery_beat_solarschedule ALTER COLUMN id ADD GENERATED BY DEFAULT AS IDENTITY (
    SEQUENCE NAME public.django_celery_beat_solarschedule_id_seq
    START WITH 1
    INCREMENT BY 1
    NO MINVALUE
    NO MAXVALUE
    CACHE 1
);


--
-- Name: django_celery_results_chordcounter; Type: TABLE; Schema: public; Owner: erp
--

CREATE TABLE public.django_celery_results_chordcounter (
    id integer NOT NULL,
    group_id character varying(255) NOT NULL,
    sub_tasks text NOT NULL,
    count integer NOT NULL,
    CONSTRAINT django_celery_results_chordcounter_count_check CHECK ((count >= 0))
);


ALTER TABLE public.django_celery_results_chordcounter OWNER TO erp;

--
-- Name: django_celery_results_chordcounter_id_seq; Type: SEQUENCE; Schema: public; Owner: erp
--

ALTER TABLE public.django_celery_results_chordcounter ALTER COLUMN id ADD GENERATED BY DEFAULT AS IDENTITY (
    SEQUENCE NAME public.django_celery_results_chordcounter_id_seq
    START WITH 1
    INCREMENT BY 1
    NO MINVALUE
    NO MAXVALUE
    CACHE 1
);


--
-- Name: django_celery_results_groupresult; Type: TABLE; Schema: public; Owner: erp
--

CREATE TABLE public.django_celery_results_groupresult (
    id integer NOT NULL,
    group_id character varying(255) NOT NULL,
    date_created timestamp with time zone NOT NULL,
    date_done timestamp with time zone NOT NULL,
    content_type character varying(128) NOT NULL,
    content_encoding character varying(64) NOT NULL,
    result text
);


ALTER TABLE public.django_celery_results_groupresult OWNER TO erp;

--
-- Name: django_celery_results_groupresult_id_seq; Type: SEQUENCE; Schema: public; Owner: erp
--

ALTER TABLE public.django_celery_results_groupresult ALTER COLUMN id ADD GENERATED BY DEFAULT AS IDENTITY (
    SEQUENCE NAME public.django_celery_results_groupresult_id_seq
    START WITH 1
    INCREMENT BY 1
    NO MINVALUE
    NO MAXVALUE
    CACHE 1
);


--
-- Name: django_celery_results_taskresult; Type: TABLE; Schema: public; Owner: erp
--

CREATE TABLE public.django_celery_results_taskresult (
    id integer NOT NULL,
    task_id character varying(255) NOT NULL,
    status character varying(50) NOT NULL,
    content_type character varying(128) NOT NULL,
    content_encoding character varying(64) NOT NULL,
    result text,
    date_done timestamp with time zone NOT NULL,
    traceback text,
    meta text,
    task_args text,
    task_kwargs text,
    task_name character varying(255),
    worker character varying(100),
    date_created timestamp with time zone NOT NULL,
    periodic_task_name character varying(255)
);


ALTER TABLE public.django_celery_results_taskresult OWNER TO erp;

--
-- Name: django_celery_results_taskresult_id_seq; Type: SEQUENCE; Schema: public; Owner: erp
--

ALTER TABLE public.django_celery_results_taskresult ALTER COLUMN id ADD GENERATED BY DEFAULT AS IDENTITY (
    SEQUENCE NAME public.django_celery_results_taskresult_id_seq
    START WITH 1
    INCREMENT BY 1
    NO MINVALUE
    NO MAXVALUE
    CACHE 1
);


--
-- Name: django_content_type; Type: TABLE; Schema: public; Owner: erp
--

CREATE TABLE public.django_content_type (
    id integer NOT NULL,
    app_label character varying(100) NOT NULL,
    model character varying(100) NOT NULL
);


ALTER TABLE public.django_content_type OWNER TO erp;

--
-- Name: django_content_type_id_seq; Type: SEQUENCE; Schema: public; Owner: erp
--

ALTER TABLE public.django_content_type ALTER COLUMN id ADD GENERATED BY DEFAULT AS IDENTITY (
    SEQUENCE NAME public.django_content_type_id_seq
    START WITH 1
    INCREMENT BY 1
    NO MINVALUE
    NO MAXVALUE
    CACHE 1
);


--
-- Name: django_migrations; Type: TABLE; Schema: public; Owner: erp
--

CREATE TABLE public.django_migrations (
    id integer NOT NULL,
    app character varying(255) NOT NULL,
    name character varying(255) NOT NULL,
    applied timestamp with time zone NOT NULL
);


ALTER TABLE public.django_migrations OWNER TO erp;

--
-- Name: django_migrations_id_seq; Type: SEQUENCE; Schema: public; Owner: erp
--

ALTER TABLE public.django_migrations ALTER COLUMN id ADD GENERATED BY DEFAULT AS IDENTITY (
    SEQUENCE NAME public.django_migrations_id_seq
    START WITH 1
    INCREMENT BY 1
    NO MINVALUE
    NO MAXVALUE
    CACHE 1
);


--
-- Name: django_session; Type: TABLE; Schema: public; Owner: erp
--

CREATE TABLE public.django_session (
    session_key character varying(40) NOT NULL,
    session_data text NOT NULL,
    expire_date timestamp with time zone NOT NULL
);


ALTER TABLE public.django_session OWNER TO erp;

--
-- Name: employee_alternatewagecode; Type: TABLE; Schema: public; Owner: erp
--

CREATE TABLE public.employee_alternatewagecode (
    id integer NOT NULL,
    hourly_rate numeric(10,2) NOT NULL,
    description character varying(50) NOT NULL,
    user_id integer NOT NULL
);


ALTER TABLE public.employee_alternatewagecode OWNER TO erp;

--
-- Name: employee_alternatewagecode_id_seq; Type: SEQUENCE; Schema: public; Owner: erp
--

ALTER TABLE public.employee_alternatewagecode ALTER COLUMN id ADD GENERATED BY DEFAULT AS IDENTITY (
    SEQUENCE NAME public.employee_alternatewagecode_id_seq
    START WITH 1
    INCREMENT BY 1
    NO MINVALUE
    NO MAXVALUE
    CACHE 1
);


--
-- Name: employee_employee; Type: TABLE; Schema: public; Owner: erp
--

CREATE TABLE public.employee_employee (
    id integer NOT NULL,
    emp_id integer NOT NULL,
    emp_name character varying(255) NOT NULL,
    date_time_in character varying(255) NOT NULL,
    date_time_out character varying(255) NOT NULL,
    duration numeric(10,2) NOT NULL,
    hourly_rate numeric(10,2) NOT NULL,
    is_approved boolean NOT NULL
);


ALTER TABLE public.employee_employee OWNER TO erp;

--
-- Name: employee_employee_id_seq; Type: SEQUENCE; Schema: public; Owner: erp
--

ALTER TABLE public.employee_employee ALTER COLUMN id ADD GENERATED BY DEFAULT AS IDENTITY (
    SEQUENCE NAME public.employee_employee_id_seq
    START WITH 1
    INCREMENT BY 1
    NO MINVALUE
    NO MAXVALUE
    CACHE 1
);


--
-- Name: employee_invitee; Type: TABLE; Schema: public; Owner: erp
--

CREATE TABLE public.employee_invitee (
    id integer NOT NULL,
    email character varying(75) NOT NULL,
    authentication_code character varying(15) NOT NULL,
    user_id integer,
    organization_id bigint,
    status character varying(10) NOT NULL,
    name character varying(75) NOT NULL,
    status_date timestamp with time zone NOT NULL,
    wage numeric(6,2) NOT NULL,
    inviter_id integer
);


ALTER TABLE public.employee_invitee OWNER TO erp;

--
-- Name: employee_invitee_id_seq; Type: SEQUENCE; Schema: public; Owner: erp
--

ALTER TABLE public.employee_invitee ALTER COLUMN id ADD GENERATED BY DEFAULT AS IDENTITY (
    SEQUENCE NAME public.employee_invitee_id_seq
    START WITH 1
    INCREMENT BY 1
    NO MINVALUE
    NO MAXVALUE
    CACHE 1
);


--
-- Name: employee_timesheetuser; Type: TABLE; Schema: public; Owner: erp
--

CREATE TABLE public.employee_timesheetuser (
    id integer NOT NULL,
    phone character varying(20),
    organization_id bigint,
    user_id integer NOT NULL,
    hourly_rate numeric(10,2) NOT NULL
);


ALTER TABLE public.employee_timesheetuser OWNER TO erp;

--
-- Name: employee_timesheetuser_approvers; Type: TABLE; Schema: public; Owner: erp
--

CREATE TABLE public.employee_timesheetuser_approvers (
    id integer NOT NULL,
    from_timesheetuser_id integer NOT NULL,
    to_timesheetuser_id integer NOT NULL
);


ALTER TABLE public.employee_timesheetuser_approvers OWNER TO erp;

--
-- Name: employee_timesheetuser_approvers_id_seq; Type: SEQUENCE; Schema: public; Owner: erp
--

CREATE SEQUENCE public.employee_timesheetuser_approvers_id_seq
    AS integer
    START WITH 1
    INCREMENT BY 1
    NO MINVALUE
    NO MAXVALUE
    CACHE 1;


ALTER TABLE public.employee_timesheetuser_approvers_id_seq OWNER TO erp;

--
-- Name: employee_timesheetuser_approvers_id_seq; Type: SEQUENCE OWNED BY; Schema: public; Owner: erp
--

ALTER SEQUENCE public.employee_timesheetuser_approvers_id_seq OWNED BY public.employee_timesheetuser_approvers.id;


--
-- Name: employee_timesheetuser_id_seq; Type: SEQUENCE; Schema: public; Owner: erp
--

ALTER TABLE public.employee_timesheetuser ALTER COLUMN id ADD GENERATED BY DEFAULT AS IDENTITY (
    SEQUENCE NAME public.employee_timesheetuser_id_seq
    START WITH 1
    INCREMENT BY 1
    NO MINVALUE
    NO MAXVALUE
    CACHE 1
);


--
-- Name: employee_timesheetuser_org_manager; Type: TABLE; Schema: public; Owner: erp
--

CREATE TABLE public.employee_timesheetuser_org_manager (
    id integer NOT NULL,
    timesheetuser_id integer NOT NULL,
    organization_id bigint NOT NULL
);


ALTER TABLE public.employee_timesheetuser_org_manager OWNER TO erp;

--
-- Name: employee_timesheetuser_org_manager_id_seq; Type: SEQUENCE; Schema: public; Owner: erp
--

ALTER TABLE public.employee_timesheetuser_org_manager ALTER COLUMN id ADD GENERATED BY DEFAULT AS IDENTITY (
    SEQUENCE NAME public.employee_timesheetuser_org_manager_id_seq
    START WITH 1
    INCREMENT BY 1
    NO MINVALUE
    NO MAXVALUE
    CACHE 1
);


--
-- Name: inventory_childpart; Type: TABLE; Schema: public; Owner: erp
--

CREATE TABLE public.inventory_childpart (
    id bigint NOT NULL,
    quantity numeric(10,2) NOT NULL,
    child_part_id bigint NOT NULL,
    parent_part_id bigint NOT NULL,
    CONSTRAINT not_same CHECK ((NOT (parent_part_id = child_part_id)))
);


ALTER TABLE public.inventory_childpart OWNER TO erp;

--
-- Name: inventory_childpart_id_seq; Type: SEQUENCE; Schema: public; Owner: erp
--

ALTER TABLE public.inventory_childpart ALTER COLUMN id ADD GENERATED BY DEFAULT AS IDENTITY (
    SEQUENCE NAME public.inventory_childpart_id_seq
    START WITH 1
    INCREMENT BY 1
    NO MINVALUE
    NO MAXVALUE
    CACHE 1
);


--
-- Name: inventory_equipment; Type: TABLE; Schema: public; Owner: erp
--

CREATE TABLE public.inventory_equipment (
    serialpart_ptr_id bigint NOT NULL,
    equipment_info jsonb
);


ALTER TABLE public.inventory_equipment OWNER TO erp;

--
-- Name: inventory_inventorypart; Type: TABLE; Schema: public; Owner: erp
--

CREATE TABLE public.inventory_inventorypart (
    id bigint NOT NULL,
    quantity numeric(10,2) NOT NULL,
    part_id bigint NOT NULL
);


ALTER TABLE public.inventory_inventorypart OWNER TO erp;

--
-- Name: inventory_inventorypart_id_seq; Type: SEQUENCE; Schema: public; Owner: erp
--

ALTER TABLE public.inventory_inventorypart ALTER COLUMN id ADD GENERATED BY DEFAULT AS IDENTITY (
    SEQUENCE NAME public.inventory_inventorypart_id_seq
    START WITH 1
    INCREMENT BY 1
    NO MINVALUE
    NO MAXVALUE
    CACHE 1
);


--
-- Name: inventory_part; Type: TABLE; Schema: public; Owner: erp
--

CREATE TABLE public.inventory_part (
    part_ptr_id bigint NOT NULL
);


ALTER TABLE public.inventory_part OWNER TO erp;

--
-- Name: inventory_serialpart; Type: TABLE; Schema: public; Owner: erp
--

CREATE TABLE public.inventory_serialpart (
    id bigint NOT NULL,
    serial_description character varying(255),
    man_serial_number character varying(50),
    type character varying(20) NOT NULL,
    part_id bigint NOT NULL,
    polymorphic_ctype_id integer,
    parent_serial_part_id bigint
);


ALTER TABLE public.inventory_serialpart OWNER TO erp;

--
-- Name: inventory_serialpart_id_seq; Type: SEQUENCE; Schema: public; Owner: erp
--

ALTER TABLE public.inventory_serialpart ALTER COLUMN id ADD GENERATED BY DEFAULT AS IDENTITY (
    SEQUENCE NAME public.inventory_serialpart_id_seq
    START WITH 1
    INCREMENT BY 1
    NO MINVALUE
    NO MAXVALUE
    CACHE 1
);


--
-- Name: invoice_invoice; Type: TABLE; Schema: public; Owner: erp
--

CREATE TABLE public.invoice_invoice (
    id bigint NOT NULL,
    submitted boolean NOT NULL,
    approved boolean NOT NULL,
    date_submitted timestamp with time zone,
    date_approved timestamp with time zone,
    date_remitted timestamp with time zone,
    date_received timestamp with time zone,
    amount_remitted numeric(10,2) NOT NULL,
    received_amount numeric(10,2) NOT NULL,
    status character varying(9) NOT NULL,
    period_id bigint
);


ALTER TABLE public.invoice_invoice OWNER TO erp;

--
-- Name: invoice_invoice_id_seq; Type: SEQUENCE; Schema: public; Owner: erp
--

ALTER TABLE public.invoice_invoice ALTER COLUMN id ADD GENERATED BY DEFAULT AS IDENTITY (
    SEQUENCE NAME public.invoice_invoice_id_seq
    START WITH 1
    INCREMENT BY 1
    NO MINVALUE
    NO MAXVALUE
    CACHE 1
);


--
-- Name: invoice_invoiceentry; Type: TABLE; Schema: public; Owner: erp
--

CREATE TABLE public.invoice_invoiceentry (
    id bigint NOT NULL,
    notes text,
    invoice_id bigint NOT NULL
);


ALTER TABLE public.invoice_invoiceentry OWNER TO erp;

--
-- Name: invoice_invoiceentry_id_seq; Type: SEQUENCE; Schema: public; Owner: erp
--

ALTER TABLE public.invoice_invoiceentry ALTER COLUMN id ADD GENERATED BY DEFAULT AS IDENTITY (
    SEQUENCE NAME public.invoice_invoiceentry_id_seq
    START WITH 1
    INCREMENT BY 1
    NO MINVALUE
    NO MAXVALUE
    CACHE 1
);


--
-- Name: mailer_email; Type: TABLE; Schema: public; Owner: erp
--

CREATE TABLE public.mailer_email (
    id bigint NOT NULL,
    sender character varying(75) NOT NULL,
    recipients character varying(75)[] NOT NULL,
    subject character varying(250) NOT NULL,
    message character varying(2500) NOT NULL,
    date_sent timestamp with time zone NOT NULL,
    reply_tos character varying(75)[],
    organization_id bigint
);


ALTER TABLE public.mailer_email OWNER TO erp;

--
-- Name: mailer_email_id_seq; Type: SEQUENCE; Schema: public; Owner: erp
--

ALTER TABLE public.mailer_email ALTER COLUMN id ADD GENERATED BY DEFAULT AS IDENTITY (
    SEQUENCE NAME public.mailer_email_id_seq
    START WITH 1
    INCREMENT BY 1
    NO MINVALUE
    NO MAXVALUE
    CACHE 1
);


--
-- Name: organizations_organization; Type: TABLE; Schema: public; Owner: erp
--

CREATE TABLE public.organizations_organization (
    id bigint NOT NULL,
    name character varying(255) NOT NULL,
    street1 character varying(255) NOT NULL,
    street2 character varying(255),
    city character varying(255) NOT NULL,
    zip character varying(10) NOT NULL,
    state character varying(2) NOT NULL,
    phone character varying(20) NOT NULL,
    mailer_email character varying(255) NOT NULL,
    timezone character varying(50)
);


ALTER TABLE public.organizations_organization OWNER TO erp;

--
-- Name: organizations_organization_id_seq; Type: SEQUENCE; Schema: public; Owner: erp
--

ALTER TABLE public.organizations_organization ALTER COLUMN id ADD GENERATED BY DEFAULT AS IDENTITY (
    SEQUENCE NAME public.organizations_organization_id_seq
    START WITH 1
    INCREMENT BY 1
    NO MINVALUE
    NO MAXVALUE
    CACHE 1
);


--
-- Name: organizations_periodtype; Type: TABLE; Schema: public; Owner: erp
--

CREATE TABLE public.organizations_periodtype (
    id bigint NOT NULL,
    name character varying(20) NOT NULL,
    seed_date timestamp with time zone NOT NULL,
    dates_of_month integer[] NOT NULL,
    organization_id bigint NOT NULL
);


ALTER TABLE public.organizations_periodtype OWNER TO erp;

--
-- Name: organizations_periodtype_id_seq; Type: SEQUENCE; Schema: public; Owner: erp
--

CREATE SEQUENCE public.organizations_periodtype_id_seq
    START WITH 1
    INCREMENT BY 1
    NO MINVALUE
    NO MAXVALUE
    CACHE 1;


ALTER TABLE public.organizations_periodtype_id_seq OWNER TO erp;

--
-- Name: organizations_periodtype_id_seq; Type: SEQUENCE OWNED BY; Schema: public; Owner: erp
--

ALTER SEQUENCE public.organizations_periodtype_id_seq OWNED BY public.organizations_periodtype.id;


--
-- Name: projects_project; Type: TABLE; Schema: public; Owner: erp
--

CREATE TABLE public.projects_project (
    id bigint NOT NULL,
    name character varying(50) NOT NULL,
    description text,
    owner_id integer,
    active boolean NOT NULL,
    finished_date timestamp with time zone,
    start_date timestamp with time zone NOT NULL
);


ALTER TABLE public.projects_project OWNER TO erp;

--
-- Name: projects_project_contributors; Type: TABLE; Schema: public; Owner: erp
--

CREATE TABLE public.projects_project_contributors (
    id integer NOT NULL,
    project_id bigint NOT NULL,
    user_id integer NOT NULL
);


ALTER TABLE public.projects_project_contributors OWNER TO erp;

--
-- Name: projects_project_contributors_id_seq; Type: SEQUENCE; Schema: public; Owner: erp
--

ALTER TABLE public.projects_project_contributors ALTER COLUMN id ADD GENERATED BY DEFAULT AS IDENTITY (
    SEQUENCE NAME public.projects_project_contributors_id_seq
    START WITH 1
    INCREMENT BY 1
    NO MINVALUE
    NO MAXVALUE
    CACHE 1
);


--
-- Name: projects_project_id_seq; Type: SEQUENCE; Schema: public; Owner: erp
--

ALTER TABLE public.projects_project ALTER COLUMN id ADD GENERATED BY DEFAULT AS IDENTITY (
    SEQUENCE NAME public.projects_project_id_seq
    START WITH 1
    INCREMENT BY 1
    NO MINVALUE
    NO MAXVALUE
    CACHE 1
);


--
-- Name: projects_project_organizations; Type: TABLE; Schema: public; Owner: erp
--

CREATE TABLE public.projects_project_organizations (
    id integer NOT NULL,
    project_id bigint NOT NULL,
    organization_id bigint NOT NULL
);


ALTER TABLE public.projects_project_organizations OWNER TO erp;

--
-- Name: projects_project_organizations_id_seq; Type: SEQUENCE; Schema: public; Owner: erp
--

ALTER TABLE public.projects_project_organizations ALTER COLUMN id ADD GENERATED BY DEFAULT AS IDENTITY (
    SEQUENCE NAME public.projects_project_organizations_id_seq
    START WITH 1
    INCREMENT BY 1
    NO MINVALUE
    NO MAXVALUE
    CACHE 1
);


--
-- Name: purchasing_item; Type: TABLE; Schema: public; Owner: erp
--

CREATE TABLE public.purchasing_item (
    id bigint NOT NULL,
    name character varying(75) NOT NULL,
    description character varying(255) NOT NULL,
    polymorphic_ctype_id integer,
    organization_id bigint NOT NULL
);


ALTER TABLE public.purchasing_item OWNER TO erp;

--
-- Name: purchasing_item_id_seq; Type: SEQUENCE; Schema: public; Owner: erp
--

ALTER TABLE public.purchasing_item ALTER COLUMN id ADD GENERATED BY DEFAULT AS IDENTITY (
    SEQUENCE NAME public.purchasing_item_id_seq
    START WITH 1
    INCREMENT BY 1
    NO MINVALUE
    NO MAXVALUE
    CACHE 1
);


--
-- Name: purchasing_manufacturer; Type: TABLE; Schema: public; Owner: erp
--

CREATE TABLE public.purchasing_manufacturer (
    id bigint NOT NULL,
    name character varying(100) NOT NULL,
    email character varying(100),
    website character varying(100),
    phone character varying(100),
    is_active boolean NOT NULL,
    notes text,
    organization_id bigint
);


ALTER TABLE public.purchasing_manufacturer OWNER TO erp;

--
-- Name: purchasing_manufacturer_id_seq; Type: SEQUENCE; Schema: public; Owner: erp
--

ALTER TABLE public.purchasing_manufacturer ALTER COLUMN id ADD GENERATED BY DEFAULT AS IDENTITY (
    SEQUENCE NAME public.purchasing_manufacturer_id_seq
    START WITH 1
    INCREMENT BY 1
    NO MINVALUE
    NO MAXVALUE
    CACHE 1
);


--
-- Name: purchasing_part; Type: TABLE; Schema: public; Owner: erp
--

CREATE TABLE public.purchasing_part (
    item_ptr_id bigint NOT NULL
);


ALTER TABLE public.purchasing_part OWNER TO erp;

--
-- Name: purchasing_payment; Type: TABLE; Schema: public; Owner: erp
--

CREATE TABLE public.purchasing_payment (
    id bigint NOT NULL,
    payment_date timestamp with time zone NOT NULL,
    amount numeric(10,2) NOT NULL,
    account_id bigint,
    order_id bigint NOT NULL
);


ALTER TABLE public.purchasing_payment OWNER TO erp;

--
-- Name: purchasing_payment_id_seq; Type: SEQUENCE; Schema: public; Owner: erp
--

ALTER TABLE public.purchasing_payment ALTER COLUMN id ADD GENERATED BY DEFAULT AS IDENTITY (
    SEQUENCE NAME public.purchasing_payment_id_seq
    START WITH 1
    INCREMENT BY 1
    NO MINVALUE
    NO MAXVALUE
    CACHE 1
);


--
-- Name: purchasing_paymentaccount; Type: TABLE; Schema: public; Owner: erp
--

CREATE TABLE public.purchasing_paymentaccount (
    id bigint NOT NULL,
    name character varying(50) NOT NULL,
    type character varying(20) NOT NULL,
    last_four character varying(4),
    active boolean NOT NULL
);


ALTER TABLE public.purchasing_paymentaccount OWNER TO erp;

--
-- Name: purchasing_paymentaccount_id_seq; Type: SEQUENCE; Schema: public; Owner: erp
--

ALTER TABLE public.purchasing_paymentaccount ALTER COLUMN id ADD GENERATED BY DEFAULT AS IDENTITY (
    SEQUENCE NAME public.purchasing_paymentaccount_id_seq
    START WITH 1
    INCREMENT BY 1
    NO MINVALUE
    NO MAXVALUE
    CACHE 1
);


--
-- Name: purchasing_purchaseitem; Type: TABLE; Schema: public; Owner: erp
--

CREATE TABLE public.purchasing_purchaseitem (
    id bigint NOT NULL,
    type character varying(25) NOT NULL,
    units character varying(10) NOT NULL,
    item_id bigint
);


ALTER TABLE public.purchasing_purchaseitem OWNER TO erp;

--
-- Name: purchasing_purchaseitem_id_seq; Type: SEQUENCE; Schema: public; Owner: erp
--

ALTER TABLE public.purchasing_purchaseitem ALTER COLUMN id ADD GENERATED BY DEFAULT AS IDENTITY (
    SEQUENCE NAME public.purchasing_purchaseitem_id_seq
    START WITH 1
    INCREMENT BY 1
    NO MINVALUE
    NO MAXVALUE
    CACHE 1
);


--
-- Name: purchasing_purchaseitem_manufacturer; Type: TABLE; Schema: public; Owner: erp
--

CREATE TABLE public.purchasing_purchaseitem_manufacturer (
    id integer NOT NULL,
    purchaseitem_id bigint NOT NULL,
    manufacturer_id bigint NOT NULL
);


ALTER TABLE public.purchasing_purchaseitem_manufacturer OWNER TO erp;

--
-- Name: purchasing_purchaseitem_manufacturer_id_seq; Type: SEQUENCE; Schema: public; Owner: erp
--

ALTER TABLE public.purchasing_purchaseitem_manufacturer ALTER COLUMN id ADD GENERATED BY DEFAULT AS IDENTITY (
    SEQUENCE NAME public.purchasing_purchaseitem_manufacturer_id_seq
    START WITH 1
    INCREMENT BY 1
    NO MINVALUE
    NO MAXVALUE
    CACHE 1
);


--
-- Name: purchasing_purchaseitem_vendor; Type: TABLE; Schema: public; Owner: erp
--

CREATE TABLE public.purchasing_purchaseitem_vendor (
    id integer NOT NULL,
    purchaseitem_id bigint NOT NULL,
    vendor_id bigint NOT NULL
);


ALTER TABLE public.purchasing_purchaseitem_vendor OWNER TO erp;

--
-- Name: purchasing_purchaseitem_vendor_id_seq; Type: SEQUENCE; Schema: public; Owner: erp
--

ALTER TABLE public.purchasing_purchaseitem_vendor ALTER COLUMN id ADD GENERATED BY DEFAULT AS IDENTITY (
    SEQUENCE NAME public.purchasing_purchaseitem_vendor_id_seq
    START WITH 1
    INCREMENT BY 1
    NO MINVALUE
    NO MAXVALUE
    CACHE 1
);


--
-- Name: purchasing_purchaseorder; Type: TABLE; Schema: public; Owner: erp
--

CREATE TABLE public.purchasing_purchaseorder (
    id bigint NOT NULL,
    sub_total numeric(10,2) NOT NULL,
    shipping numeric(10,2) NOT NULL,
    tax numeric(10,2) NOT NULL,
    total numeric(10,2) NOT NULL,
    create_date timestamp with time zone NOT NULL,
    organization_id bigint NOT NULL,
    vendor_id bigint NOT NULL,
    orderer_id integer,
    purchaser_id integer,
    status character varying(20) NOT NULL,
    status_change_date timestamp with time zone NOT NULL
);


ALTER TABLE public.purchasing_purchaseorder OWNER TO erp;

--
-- Name: purchasing_purchaseorder_id_seq; Type: SEQUENCE; Schema: public; Owner: erp
--

ALTER TABLE public.purchasing_purchaseorder ALTER COLUMN id ADD GENERATED BY DEFAULT AS IDENTITY (
    SEQUENCE NAME public.purchasing_purchaseorder_id_seq
    START WITH 1
    INCREMENT BY 1
    NO MINVALUE
    NO MAXVALUE
    CACHE 1
);


--
-- Name: purchasing_purchaseorderhistory; Type: TABLE; Schema: public; Owner: erp
--

CREATE TABLE public.purchasing_purchaseorderhistory (
    id bigint NOT NULL,
    status character varying(20) NOT NULL,
    status_change_date timestamp with time zone NOT NULL,
    purchase_order_id bigint NOT NULL
);


ALTER TABLE public.purchasing_purchaseorderhistory OWNER TO erp;

--
-- Name: purchasing_purchaseorderhistory_id_seq; Type: SEQUENCE; Schema: public; Owner: erp
--

ALTER TABLE public.purchasing_purchaseorderhistory ALTER COLUMN id ADD GENERATED BY DEFAULT AS IDENTITY (
    SEQUENCE NAME public.purchasing_purchaseorderhistory_id_seq
    START WITH 1
    INCREMENT BY 1
    NO MINVALUE
    NO MAXVALUE
    CACHE 1
);


--
-- Name: purchasing_purchaseorderitem; Type: TABLE; Schema: public; Owner: erp
--

CREATE TABLE public.purchasing_purchaseorderitem (
    id bigint NOT NULL,
    quantity numeric(10,2) NOT NULL,
    unit_cost numeric(10,2) NOT NULL,
    total_cost numeric(10,2) NOT NULL,
    purchase_item_id bigint NOT NULL,
    purchase_order_id bigint NOT NULL,
    status character varying(15) NOT NULL,
    status_change_date timestamp with time zone NOT NULL
);


ALTER TABLE public.purchasing_purchaseorderitem OWNER TO erp;

--
-- Name: purchasing_purchaseorderitem_id_seq; Type: SEQUENCE; Schema: public; Owner: erp
--

ALTER TABLE public.purchasing_purchaseorderitem ALTER COLUMN id ADD GENERATED BY DEFAULT AS IDENTITY (
    SEQUENCE NAME public.purchasing_purchaseorderitem_id_seq
    START WITH 1
    INCREMENT BY 1
    NO MINVALUE
    NO MAXVALUE
    CACHE 1
);


--
-- Name: purchasing_purchaseorderitemhistory; Type: TABLE; Schema: public; Owner: erp
--

CREATE TABLE public.purchasing_purchaseorderitemhistory (
    id bigint NOT NULL,
    status_change_date timestamp with time zone NOT NULL,
    purchase_order_item_id bigint NOT NULL,
    status character varying(15) NOT NULL
);


ALTER TABLE public.purchasing_purchaseorderitemhistory OWNER TO erp;

--
-- Name: purchasing_purchaseorderitemhistory_id_seq; Type: SEQUENCE; Schema: public; Owner: erp
--

ALTER TABLE public.purchasing_purchaseorderitemhistory ALTER COLUMN id ADD GENERATED BY DEFAULT AS IDENTITY (
    SEQUENCE NAME public.purchasing_purchaseorderitemhistory_id_seq
    START WITH 1
    INCREMENT BY 1
    NO MINVALUE
    NO MAXVALUE
    CACHE 1
);


--
-- Name: purchasing_service; Type: TABLE; Schema: public; Owner: erp
--

CREATE TABLE public.purchasing_service (
    item_ptr_id bigint NOT NULL,
    is_recurring boolean NOT NULL
);


ALTER TABLE public.purchasing_service OWNER TO erp;

--
-- Name: purchasing_subscription; Type: TABLE; Schema: public; Owner: erp
--

CREATE TABLE public.purchasing_subscription (
    item_ptr_id bigint NOT NULL,
    is_recurring boolean NOT NULL
);


ALTER TABLE public.purchasing_subscription OWNER TO erp;

--
-- Name: purchasing_vendor; Type: TABLE; Schema: public; Owner: erp
--

CREATE TABLE public.purchasing_vendor (
    id bigint NOT NULL,
    name character varying(100) NOT NULL,
    email character varying(100),
    website character varying(100),
    phone character varying(100),
    is_active boolean NOT NULL,
    organization_id bigint NOT NULL,
    notes text
);


ALTER TABLE public.purchasing_vendor OWNER TO erp;

--
-- Name: purchasing_vendor_id_seq; Type: SEQUENCE; Schema: public; Owner: erp
--

ALTER TABLE public.purchasing_vendor ALTER COLUMN id ADD GENERATED BY DEFAULT AS IDENTITY (
    SEQUENCE NAME public.purchasing_vendor_id_seq
    START WITH 1
    INCREMENT BY 1
    NO MINVALUE
    NO MAXVALUE
    CACHE 1
);


--
-- Name: schedule_calendar; Type: TABLE; Schema: public; Owner: erp
--

CREATE TABLE public.schedule_calendar (
    id integer NOT NULL,
    name character varying(200) NOT NULL,
    slug character varying(200) NOT NULL
);


ALTER TABLE public.schedule_calendar OWNER TO erp;

--
-- Name: schedule_calendar_id_seq; Type: SEQUENCE; Schema: public; Owner: erp
--

ALTER TABLE public.schedule_calendar ALTER COLUMN id ADD GENERATED BY DEFAULT AS IDENTITY (
    SEQUENCE NAME public.schedule_calendar_id_seq
    START WITH 1
    INCREMENT BY 1
    NO MINVALUE
    NO MAXVALUE
    CACHE 1
);


--
-- Name: schedule_calendarrelation; Type: TABLE; Schema: public; Owner: erp
--

CREATE TABLE public.schedule_calendarrelation (
    id integer NOT NULL,
    object_id integer NOT NULL,
    distinction character varying(20) NOT NULL,
    inheritable boolean NOT NULL,
    calendar_id integer NOT NULL,
    content_type_id integer NOT NULL
);


ALTER TABLE public.schedule_calendarrelation OWNER TO erp;

--
-- Name: schedule_calendarrelation_id_seq; Type: SEQUENCE; Schema: public; Owner: erp
--

ALTER TABLE public.schedule_calendarrelation ALTER COLUMN id ADD GENERATED BY DEFAULT AS IDENTITY (
    SEQUENCE NAME public.schedule_calendarrelation_id_seq
    START WITH 1
    INCREMENT BY 1
    NO MINVALUE
    NO MAXVALUE
    CACHE 1
);


--
-- Name: schedule_event; Type: TABLE; Schema: public; Owner: erp
--

CREATE TABLE public.schedule_event (
    id integer NOT NULL,
    start timestamp with time zone NOT NULL,
    "end" timestamp with time zone NOT NULL,
    title character varying(255) NOT NULL,
    description text NOT NULL,
    created_on timestamp with time zone NOT NULL,
    updated_on timestamp with time zone NOT NULL,
    end_recurring_period timestamp with time zone,
    calendar_id integer NOT NULL,
    creator_id integer,
    rule_id integer,
    color_event character varying(10) NOT NULL
);


ALTER TABLE public.schedule_event OWNER TO erp;

--
-- Name: schedule_event_id_seq; Type: SEQUENCE; Schema: public; Owner: erp
--

ALTER TABLE public.schedule_event ALTER COLUMN id ADD GENERATED BY DEFAULT AS IDENTITY (
    SEQUENCE NAME public.schedule_event_id_seq
    START WITH 1
    INCREMENT BY 1
    NO MINVALUE
    NO MAXVALUE
    CACHE 1
);


--
-- Name: schedule_eventrelation; Type: TABLE; Schema: public; Owner: erp
--

CREATE TABLE public.schedule_eventrelation (
    id integer NOT NULL,
    object_id integer NOT NULL,
    distinction character varying(20) NOT NULL,
    content_type_id integer NOT NULL,
    event_id integer NOT NULL
);


ALTER TABLE public.schedule_eventrelation OWNER TO erp;

--
-- Name: schedule_eventrelation_id_seq; Type: SEQUENCE; Schema: public; Owner: erp
--

ALTER TABLE public.schedule_eventrelation ALTER COLUMN id ADD GENERATED BY DEFAULT AS IDENTITY (
    SEQUENCE NAME public.schedule_eventrelation_id_seq
    START WITH 1
    INCREMENT BY 1
    NO MINVALUE
    NO MAXVALUE
    CACHE 1
);


--
-- Name: schedule_occurrence; Type: TABLE; Schema: public; Owner: erp
--

CREATE TABLE public.schedule_occurrence (
    id integer NOT NULL,
    title character varying(255) NOT NULL,
    description text NOT NULL,
    start timestamp with time zone NOT NULL,
    "end" timestamp with time zone NOT NULL,
    cancelled boolean NOT NULL,
    original_start timestamp with time zone NOT NULL,
    original_end timestamp with time zone NOT NULL,
    created_on timestamp with time zone NOT NULL,
    updated_on timestamp with time zone NOT NULL,
    event_id integer NOT NULL
);


ALTER TABLE public.schedule_occurrence OWNER TO erp;

--
-- Name: schedule_occurrence_id_seq; Type: SEQUENCE; Schema: public; Owner: erp
--

ALTER TABLE public.schedule_occurrence ALTER COLUMN id ADD GENERATED BY DEFAULT AS IDENTITY (
    SEQUENCE NAME public.schedule_occurrence_id_seq
    START WITH 1
    INCREMENT BY 1
    NO MINVALUE
    NO MAXVALUE
    CACHE 1
);


--
-- Name: schedule_rule; Type: TABLE; Schema: public; Owner: erp
--

CREATE TABLE public.schedule_rule (
    id integer NOT NULL,
    name character varying(32) NOT NULL,
    description text NOT NULL,
    frequency character varying(10) NOT NULL,
    params text NOT NULL
);


ALTER TABLE public.schedule_rule OWNER TO erp;

--
-- Name: schedule_rule_id_seq; Type: SEQUENCE; Schema: public; Owner: erp
--

ALTER TABLE public.schedule_rule ALTER COLUMN id ADD GENERATED BY DEFAULT AS IDENTITY (
    SEQUENCE NAME public.schedule_rule_id_seq
    START WITH 1
    INCREMENT BY 1
    NO MINVALUE
    NO MAXVALUE
    CACHE 1
);


--
-- Name: timesheets_timesheetentry; Type: TABLE; Schema: public; Owner: erp
--

CREATE TABLE public.timesheets_timesheetentry (
    id bigint NOT NULL,
    date_time_entry timestamp with time zone NOT NULL,
    date_time_in timestamp with time zone NOT NULL,
    date_time_out timestamp with time zone NOT NULL,
    duration numeric(10,2) NOT NULL,
    is_approved boolean NOT NULL,
    user_id integer NOT NULL,
    period_id bigint,
    notes text,
    hourly_rate numeric(10,2),
    project_id bigint
);


ALTER TABLE public.timesheets_timesheetentry OWNER TO erp;

--
-- Name: timesheets_timesheetentry_id_seq; Type: SEQUENCE; Schema: public; Owner: erp
--

CREATE SEQUENCE public.timesheets_timesheetentry_id_seq
    START WITH 1
    INCREMENT BY 1
    NO MINVALUE
    NO MAXVALUE
    CACHE 1;


ALTER TABLE public.timesheets_timesheetentry_id_seq OWNER TO erp;

--
-- Name: timesheets_timesheetentry_id_seq; Type: SEQUENCE OWNED BY; Schema: public; Owner: erp
--

ALTER SEQUENCE public.timesheets_timesheetentry_id_seq OWNED BY public.timesheets_timesheetentry.id;


--
-- Name: timesheets_timesheetperiod; Type: TABLE; Schema: public; Owner: erp
--

CREATE TABLE public.timesheets_timesheetperiod (
    id bigint NOT NULL,
    date_start timestamp with time zone NOT NULL,
    date_end timestamp with time zone NOT NULL,
    org_id bigint NOT NULL
);


ALTER TABLE public.timesheets_timesheetperiod OWNER TO erp;

--
-- Name: timesheets_timesheetperiod_id_seq; Type: SEQUENCE; Schema: public; Owner: erp
--

CREATE SEQUENCE public.timesheets_timesheetperiod_id_seq
    START WITH 1
    INCREMENT BY 1
    NO MINVALUE
    NO MAXVALUE
    CACHE 1;


ALTER TABLE public.timesheets_timesheetperiod_id_seq OWNER TO erp;

--
-- Name: timesheets_timesheetperiod_id_seq; Type: SEQUENCE OWNED BY; Schema: public; Owner: erp
--

ALTER SEQUENCE public.timesheets_timesheetperiod_id_seq OWNED BY public.timesheets_timesheetperiod.id;


--
-- Name: timesheets_usertimesheetperiod; Type: TABLE; Schema: public; Owner: erp
--

CREATE TABLE public.timesheets_usertimesheetperiod (
    id bigint NOT NULL,
    submitted boolean NOT NULL,
    approved boolean NOT NULL,
    date_submitted timestamp with time zone,
    date_approved timestamp with time zone,
    period_id bigint NOT NULL,
    user_id integer NOT NULL
);


ALTER TABLE public.timesheets_usertimesheetperiod OWNER TO erp;

--
-- Name: timesheets_usertimesheetperiod_id_seq; Type: SEQUENCE; Schema: public; Owner: erp
--

CREATE SEQUENCE public.timesheets_usertimesheetperiod_id_seq
    START WITH 1
    INCREMENT BY 1
    NO MINVALUE
    NO MAXVALUE
    CACHE 1;


ALTER TABLE public.timesheets_usertimesheetperiod_id_seq OWNER TO erp;

--
-- Name: timesheets_usertimesheetperiod_id_seq; Type: SEQUENCE OWNED BY; Schema: public; Owner: erp
--

ALTER SEQUENCE public.timesheets_usertimesheetperiod_id_seq OWNED BY public.timesheets_usertimesheetperiod.id;


--
-- Name: tsmanagement_approval; Type: TABLE; Schema: public; Owner: erp
--

CREATE TABLE public.tsmanagement_approval (
    id bigint NOT NULL,
    approval_time timestamp with time zone NOT NULL,
    approvee_id integer,
    approver_id integer,
    timesheet_entry_id bigint
);


ALTER TABLE public.tsmanagement_approval OWNER TO erp;

--
-- Name: tsmanagement_approval_id_seq; Type: SEQUENCE; Schema: public; Owner: erp
--

CREATE SEQUENCE public.tsmanagement_approval_id_seq
    START WITH 1
    INCREMENT BY 1
    NO MINVALUE
    NO MAXVALUE
    CACHE 1;


ALTER TABLE public.tsmanagement_approval_id_seq OWNER TO erp;

--
-- Name: tsmanagement_approval_id_seq; Type: SEQUENCE OWNED BY; Schema: public; Owner: erp
--

ALTER SEQUENCE public.tsmanagement_approval_id_seq OWNED BY public.tsmanagement_approval.id;


--
-- Name: employee_timesheetuser_approvers id; Type: DEFAULT; Schema: public; Owner: erp
--

ALTER TABLE ONLY public.employee_timesheetuser_approvers ALTER COLUMN id SET DEFAULT nextval('public.employee_timesheetuser_approvers_id_seq'::regclass);


--
-- Name: organizations_periodtype id; Type: DEFAULT; Schema: public; Owner: erp
--

ALTER TABLE ONLY public.organizations_periodtype ALTER COLUMN id SET DEFAULT nextval('public.organizations_periodtype_id_seq'::regclass);


--
-- Name: timesheets_timesheetentry id; Type: DEFAULT; Schema: public; Owner: erp
--

ALTER TABLE ONLY public.timesheets_timesheetentry ALTER COLUMN id SET DEFAULT nextval('public.timesheets_timesheetentry_id_seq'::regclass);


--
-- Name: timesheets_timesheetperiod id; Type: DEFAULT; Schema: public; Owner: erp
--

ALTER TABLE ONLY public.timesheets_timesheetperiod ALTER COLUMN id SET DEFAULT nextval('public.timesheets_timesheetperiod_id_seq'::regclass);


--
-- Name: timesheets_usertimesheetperiod id; Type: DEFAULT; Schema: public; Owner: erp
--

ALTER TABLE ONLY public.timesheets_usertimesheetperiod ALTER COLUMN id SET DEFAULT nextval('public.timesheets_usertimesheetperiod_id_seq'::regclass);


--
-- Name: tsmanagement_approval id; Type: DEFAULT; Schema: public; Owner: erp
--

ALTER TABLE ONLY public.tsmanagement_approval ALTER COLUMN id SET DEFAULT nextval('public.tsmanagement_approval_id_seq'::regclass);


--
-- Data for Name: accounting_expense; Type: TABLE DATA; Schema: public; Owner: erp
--

COPY public.accounting_expense (id, total_cost, type, accrue_date) FROM stdin;
1	10.05	MILEAGE	2024-07-28
2	3.91	MILEAGE	2024-07-25
\.


--
-- Data for Name: accounting_mileage; Type: TABLE DATA; Schema: public; Owner: erp
--

COPY public.accounting_mileage (expense_ptr_id, miles, entry_id, project_id, rate_id, equipment_id) FROM stdin;
1	15.0	105	6	1	8
2	23.0	108	7	2	10
\.


--
-- Data for Name: accounting_rate; Type: TABLE DATA; Schema: public; Owner: erp
--

COPY public.accounting_rate (id, name, value) FROM stdin;
1	Business MIleage	0.67
2	Volunteer Mileage	0.17
\.


--
-- Data for Name: accounts_passwordreset; Type: TABLE DATA; Schema: public; Owner: erp
--

COPY public.accounts_passwordreset (id, email, onetime_code, used) FROM stdin;
7	jjohannson@hotmail.com	3rcuAve0Ec	t
8	jjohannson@hotmail.com	srgPCOiNmU	t
9	jjohannson@hotmail.com	SW99NE5NYx	t
3	rgray@teknovention.com	s3azUX19OZ	t
4	rgray@teknovention.com	1cYno4SPBh	t
5	rgray@teknovention.com	aMvs6QVY3M	t
6	rgray@teknovention.com	XnMWrqgrTX	t
10	rgray@teknovention.com	XBjCrIN3Ti	t
11	rgray@teknovention.com	ekEwDg8yNC	t
12	rgray@teknovention.com	VygWzvf1y8	f
13	rgray@teknovention.com	C5QUorT55Q	f
14	rgray@teknovention.com	CPSxjU6Acx	f
15	rgray@teknovention.com	1QN5lqx2wQ	f
16	rgray@teknovention.com	2OXoMchua7	f
17	rgray@teknovention.com	ifcIAx9VqG	f
18	rgray@teknovention.com	9CWgK9VBr5	f
19	rgray@teknovention.com	mnyEKXmTBK	f
20	rgray@teknovention.com	XnnZHWjcFu	f
21	rgray@teknovention.com	Enej5BRhc5	f
22	rgray@teknovention.com	1jaNV0vYkY	f
23	rgray@teknovention.com	TXp8ByVVnV	f
24	rgray@teknovention.com	f0GykMVUcB	f
25	rgray@teknovention.com	hmV5DUASiO	f
26	rgray@teknovention.com	OjWxPxZsu9	f
27	rgray@teknovention.com	QCMfdnQHna	f
28	jjohannson@hotmail.com	MpY3hBmcAG	f
29	jjohannson@hotmail.com	UxRWq1CKxX	f
30	jjohannson@hotmail.com	i68keeehxd	f
31	jjohannson@hotmail.com	AtdQuGPrzz	f
32	jjohannson@hotmail.com	cADa4mWUGm	f
\.


--
-- Data for Name: assets_asset; Type: TABLE DATA; Schema: public; Owner: erp
--

COPY public.assets_asset (id, name, description, date_acquired, date_retired, equipment_id) FROM stdin;
1	Laburnham House	Home at 10599 Laburnham Circle	2002-05-01 00:00:00+00	\N	7
2	Nissan Frontier 4X4 2008	Nissan Frontier 4X4 2008 Crew Cab	2010-06-01 00:00:00+00	\N	8
3	Chevy Spark 2014	Chevy Spark 204 Mom's car.	2014-01-01 19:32:30+00	\N	10
\.


--
-- Data for Name: assets_building; Type: TABLE DATA; Schema: public; Owner: erp
--

COPY public.assets_building (asset_ptr_id, year_built) FROM stdin;
\.


--
-- Data for Name: assets_vehicle; Type: TABLE DATA; Schema: public; Owner: erp
--

COPY public.assets_vehicle (asset_ptr_id, total_mileage) FROM stdin;
2	130000.0
3	26100.0
\.


--
-- Data for Name: auth_group; Type: TABLE DATA; Schema: public; Owner: erp
--

COPY public.auth_group (id, name) FROM stdin;
1	Timesheet Entry Approvers
2	Timesheet Period Approvers
3	Timesheet User
\.


--
-- Data for Name: auth_group_permissions; Type: TABLE DATA; Schema: public; Owner: erp
--

COPY public.auth_group_permissions (id, group_id, permission_id) FROM stdin;
1	1	49
2	2	49
3	2	50
4	3	37
5	3	38
6	3	39
7	3	40
8	3	41
9	3	44
\.


--
-- Data for Name: auth_permission; Type: TABLE DATA; Schema: public; Owner: erp
--

COPY public.auth_permission (id, name, content_type_id, codename) FROM stdin;
1	Can add log entry	1	add_logentry
2	Can change log entry	1	change_logentry
3	Can delete log entry	1	delete_logentry
4	Can view log entry	1	view_logentry
5	Can add permission	2	add_permission
6	Can change permission	2	change_permission
7	Can delete permission	2	delete_permission
8	Can view permission	2	view_permission
9	Can add group	3	add_group
10	Can change group	3	change_group
11	Can delete group	3	delete_group
12	Can view group	3	view_group
13	Can add user	4	add_user
14	Can change user	4	change_user
15	Can delete user	4	delete_user
16	Can view user	4	view_user
17	Can add content type	5	add_contenttype
18	Can change content type	5	change_contenttype
19	Can delete content type	5	delete_contenttype
20	Can view content type	5	view_contenttype
21	Can add session	6	add_session
22	Can change session	6	change_session
23	Can delete session	6	delete_session
24	Can view session	6	view_session
25	Can add employee	7	add_employee
26	Can change employee	7	change_employee
27	Can delete employee	7	delete_employee
28	Can view employee	7	view_employee
29	Can add organization	8	add_organization
30	Can change organization	8	change_organization
31	Can delete organization	8	delete_organization
32	Can view organization	8	view_organization
33	Can add timesheet user	9	add_timesheetuser
34	Can change timesheet user	9	change_timesheetuser
35	Can delete timesheet user	9	delete_timesheetuser
36	Can view timesheet user	9	view_timesheetuser
37	Can add timesheet entry	10	add_timesheetentry
38	Can change timesheet entry	10	change_timesheetentry
39	Can delete timesheet entry	10	delete_timesheetentry
40	Can view timesheet entry	10	view_timesheetentry
41	Can add timesheet period	11	add_timesheetperiod
42	Can change timesheet period	11	change_timesheetperiod
43	Can delete timesheet period	11	delete_timesheetperiod
44	Can view timesheet period	11	view_timesheetperiod
45	Can add period type	12	add_periodtype
46	Can change period type	12	change_periodtype
47	Can delete period type	12	delete_periodtype
48	Can view period type	12	view_periodtype
49	can approve timesheetentry	10	approve_timesheetentry
50	can approve timesheetperiod	11	approve_timesheetperiod
51	Can add approval	13	add_approval
52	Can change approval	13	change_approval
53	Can delete approval	13	delete_approval
54	Can view approval	13	view_approval
55	Can add user timesheet period	14	add_usertimesheetperiod
56	Can change user timesheet period	14	change_usertimesheetperiod
57	Can delete user timesheet period	14	delete_usertimesheetperiod
58	Can view user timesheet period	14	view_usertimesheetperiod
59	Can add email	15	add_email
60	Can change email	15	change_email
61	Can delete email	15	delete_email
62	Can view email	15	view_email
63	Can add crontab	16	add_crontabschedule
64	Can change crontab	16	change_crontabschedule
65	Can delete crontab	16	delete_crontabschedule
66	Can view crontab	16	view_crontabschedule
67	Can add interval	17	add_intervalschedule
68	Can change interval	17	change_intervalschedule
69	Can delete interval	17	delete_intervalschedule
70	Can view interval	17	view_intervalschedule
71	Can add periodic task	18	add_periodictask
72	Can change periodic task	18	change_periodictask
73	Can delete periodic task	18	delete_periodictask
74	Can view periodic task	18	view_periodictask
75	Can add periodic tasks	19	add_periodictasks
76	Can change periodic tasks	19	change_periodictasks
77	Can delete periodic tasks	19	delete_periodictasks
78	Can view periodic tasks	19	view_periodictasks
79	Can add solar event	20	add_solarschedule
80	Can change solar event	20	change_solarschedule
81	Can delete solar event	20	delete_solarschedule
82	Can view solar event	20	view_solarschedule
83	Can add clocked	21	add_clockedschedule
84	Can change clocked	21	change_clockedschedule
85	Can delete clocked	21	delete_clockedschedule
86	Can view clocked	21	view_clockedschedule
87	Can add task result	22	add_taskresult
88	Can change task result	22	change_taskresult
89	Can delete task result	22	delete_taskresult
90	Can view task result	22	view_taskresult
91	Can add chord counter	23	add_chordcounter
92	Can change chord counter	23	change_chordcounter
93	Can delete chord counter	23	delete_chordcounter
94	Can view chord counter	23	view_chordcounter
95	Can add group result	24	add_groupresult
96	Can change group result	24	change_groupresult
97	Can delete group result	24	delete_groupresult
98	Can view group result	24	view_groupresult
99	Can add purchase history	25	add_purchasehistory
100	Can change purchase history	25	change_purchasehistory
101	Can delete purchase history	25	delete_purchasehistory
102	Can view purchase history	25	view_purchasehistory
103	Can add manufacturer	26	add_manufacturer
104	Can change manufacturer	26	change_manufacturer
105	Can delete manufacturer	26	delete_manufacturer
106	Can view manufacturer	26	view_manufacturer
107	Can add purchase item	27	add_purchaseitem
108	Can change purchase item	27	change_purchaseitem
109	Can delete purchase item	27	delete_purchaseitem
110	Can view purchase item	27	view_purchaseitem
111	Can add vendor	28	add_vendor
112	Can change vendor	28	change_vendor
113	Can delete vendor	28	delete_vendor
114	Can view vendor	28	view_vendor
115	Can add invoice entry	29	add_invoiceentry
116	Can change invoice entry	29	change_invoiceentry
117	Can delete invoice entry	29	delete_invoiceentry
118	Can view invoice entry	29	view_invoiceentry
119	Can add invoice	30	add_invoice
120	Can change invoice	30	change_invoice
121	Can delete invoice	30	delete_invoice
122	Can view invoice	30	view_invoice
123	Can add purchase order item	31	add_purchaseorderitem
124	Can change purchase order item	31	change_purchaseorderitem
125	Can delete purchase order item	31	delete_purchaseorderitem
126	Can view purchase order item	31	view_purchaseorderitem
127	Can add subscription	32	add_subscription
128	Can change subscription	32	change_subscription
129	Can delete subscription	32	delete_subscription
130	Can view subscription	32	view_subscription
131	Can add service	33	add_service
132	Can change service	33	change_service
133	Can delete service	33	delete_service
134	Can view service	33	view_service
135	Can add part	34	add_part
136	Can change part	34	change_part
137	Can delete part	34	delete_part
138	Can view part	34	view_part
139	Can add purchase order	35	add_purchaseorder
140	Can change purchase order	35	change_purchaseorder
141	Can delete purchase order	35	delete_purchaseorder
142	Can view purchase order	35	view_purchaseorder
143	Can add item	36	add_item
144	Can change item	36	change_item
145	Can delete item	36	delete_item
146	Can view item	36	view_item
147	Can add vendor organization	37	add_vendororganization
148	Can change vendor organization	37	change_vendororganization
149	Can delete vendor organization	37	delete_vendororganization
150	Can view vendor organization	37	view_vendororganization
151	Can add purchase order item history	38	add_purchaseorderitemhistory
152	Can change purchase order item history	38	change_purchaseorderitemhistory
153	Can delete purchase order item history	38	delete_purchaseorderitemhistory
154	Can view purchase order item history	38	view_purchaseorderitemhistory
155	Can add purchase order history	39	add_purchaseorderhistory
156	Can change purchase order history	39	change_purchaseorderhistory
157	Can delete purchase order history	39	delete_purchaseorderhistory
158	Can view purchase order history	39	view_purchaseorderhistory
159	Can add part	40	add_part
160	Can change part	40	change_part
161	Can delete part	40	delete_part
162	Can view part	40	view_part
163	Can add inventory part	41	add_inventorypart
164	Can change inventory part	41	change_inventorypart
165	Can delete inventory part	41	delete_inventorypart
166	Can view inventory part	41	view_inventorypart
167	Can add serial part	42	add_serialpart
168	Can change serial part	42	change_serialpart
169	Can delete serial part	42	delete_serialpart
170	Can view serial part	42	view_serialpart
171	Can add child part	43	add_childpart
172	Can change child part	43	change_childpart
173	Can delete child part	43	delete_childpart
174	Can view child part	43	view_childpart
175	Can add equipment	44	add_equipment
176	Can change equipment	44	change_equipment
177	Can delete equipment	44	delete_equipment
178	Can view equipment	44	view_equipment
179	Can add invitee	45	add_invitee
180	Can change invitee	45	change_invitee
181	Can delete invitee	45	delete_invitee
182	Can view invitee	45	view_invitee
183	Can invite new user	45	invite
184	Can uninvite an invitee	45	uninvite
185	Can add staff	46	add_staff
186	Can change staff	46	change_staff
187	Can delete staff	46	delete_staff
188	Can view staff	46	view_staff
189	Can add staff time	47	add_stafftime
190	Can change staff time	47	change_stafftime
191	Can delete staff time	47	delete_stafftime
192	Can view staff time	47	view_stafftime
193	Can add event type	48	add_eventtype
194	Can change event type	48	change_eventtype
195	Can delete event type	48	delete_eventtype
196	Can view event type	48	view_eventtype
197	Can add custom event	49	add_customevent
198	Can change custom event	49	change_customevent
199	Can delete custom event	49	delete_customevent
200	Can view custom event	49	view_customevent
201	Can add calendar	50	add_calendar
202	Can change calendar	50	change_calendar
203	Can delete calendar	50	delete_calendar
204	Can view calendar	50	view_calendar
205	Can add calendar	51	add_calendar
206	Can change calendar	51	change_calendar
207	Can delete calendar	51	delete_calendar
208	Can view calendar	51	view_calendar
209	Can add calendar relation	52	add_calendarrelation
210	Can change calendar relation	52	change_calendarrelation
211	Can delete calendar relation	52	delete_calendarrelation
212	Can view calendar relation	52	view_calendarrelation
213	Can add event	53	add_event
214	Can change event	53	change_event
215	Can delete event	53	delete_event
216	Can view event	53	view_event
217	Can add event relation	54	add_eventrelation
218	Can change event relation	54	change_eventrelation
219	Can delete event relation	54	delete_eventrelation
220	Can view event relation	54	view_eventrelation
221	Can add occurrence	55	add_occurrence
222	Can change occurrence	55	change_occurrence
223	Can delete occurrence	55	delete_occurrence
224	Can view occurrence	55	view_occurrence
225	Can add rule	56	add_rule
226	Can change rule	56	change_rule
227	Can delete rule	56	delete_rule
228	Can view rule	56	view_rule
229	Can add password reset	57	add_passwordreset
230	Can change password reset	57	change_passwordreset
231	Can delete password reset	57	delete_passwordreset
232	Can view password reset	57	view_passwordreset
233	Can add alternate wage code	58	add_alternatewagecode
234	Can change alternate wage code	58	change_alternatewagecode
235	Can delete alternate wage code	58	delete_alternatewagecode
236	Can view alternate wage code	58	view_alternatewagecode
237	Can add project	59	add_project
238	Can change project	59	change_project
239	Can delete project	59	delete_project
240	Can view project	59	view_project
241	Can add asset	60	add_asset
242	Can change asset	60	change_asset
243	Can delete asset	60	delete_asset
244	Can view asset	60	view_asset
245	Can add building	61	add_building
246	Can change building	61	change_building
247	Can delete building	61	delete_building
248	Can view building	61	view_building
249	Can add vehicle	62	add_vehicle
250	Can change vehicle	62	change_vehicle
251	Can delete vehicle	62	delete_vehicle
252	Can view vehicle	62	view_vehicle
253	Can add payment account	63	add_paymentaccount
254	Can change payment account	63	change_paymentaccount
255	Can delete payment account	63	delete_paymentaccount
256	Can view payment account	63	view_paymentaccount
257	Can add payment	64	add_payment
258	Can change payment	64	change_payment
259	Can delete payment	64	delete_payment
260	Can view payment	64	view_payment
261	Can add expense	65	add_expense
262	Can change expense	65	change_expense
263	Can delete expense	65	delete_expense
264	Can view expense	65	view_expense
265	Can add rate	66	add_rate
266	Can change rate	66	change_rate
267	Can delete rate	66	delete_rate
268	Can view rate	66	view_rate
269	Can add mileage	67	add_mileage
270	Can change mileage	67	change_mileage
271	Can delete mileage	67	delete_mileage
272	Can view mileage	67	view_mileage
\.


--
-- Data for Name: auth_user; Type: TABLE DATA; Schema: public; Owner: erp
--

COPY public.auth_user (id, password, last_login, is_superuser, username, first_name, last_name, email, is_staff, is_active, date_joined) FROM stdin;
6	pbkdf2_sha256$600000$MsdjTzcIXd2i6OBgKuaSZL$JK4UVjPqfRWF6cI1Y227ZiKfN9SPtRLmb1Mgj7+6ZqU=	2023-11-14 04:23:56.798252+00	f	bgray-nn	Bob	Gray NN	jjohannson2002@gmail.com	f	t	2022-11-22 07:59:43+00
8	pbkdf2_sha256$390000$d24SIFOtuLYbysqmAgR9Vf$WfiUPW9vA6A/RKQORB4NcyBBAg2gZZoX0mlDVAp74yM=	2023-10-14 22:34:02.647898+00	f	rgray-tf	Robert	Gray	rgray@teknovention.com	f	t	2022-11-24 04:56:23+00
1	pbkdf2_sha256$600000$JiCvutTntLZyipd8D6Wnds$gHwQkaRAs3NogAWNMajXzKxvZPjGnjt4a4iqGuXgq7Q=	2024-07-29 17:02:42.816071+00	t	rgray	Robert	Gray	rgray@teknovention.com	t	t	2022-10-31 03:54:30+00
\.


--
-- Data for Name: auth_user_groups; Type: TABLE DATA; Schema: public; Owner: erp
--

COPY public.auth_user_groups (id, user_id, group_id) FROM stdin;
1	6	2
\.


--
-- Data for Name: auth_user_user_permissions; Type: TABLE DATA; Schema: public; Owner: erp
--

COPY public.auth_user_user_permissions (id, user_id, permission_id) FROM stdin;
2	6	50
4	6	179
\.


--
-- Data for Name: custom_scheduler_calendar; Type: TABLE DATA; Schema: public; Owner: erp
--

COPY public.custom_scheduler_calendar (calendar_ptr_id, organization_id) FROM stdin;
2	1
\.


--
-- Data for Name: custom_scheduler_customevent; Type: TABLE DATA; Schema: public; Owner: erp
--

COPY public.custom_scheduler_customevent (event_ptr_id, duration, event_type_id) FROM stdin;
\.


--
-- Data for Name: custom_scheduler_eventtype; Type: TABLE DATA; Schema: public; Owner: erp
--

COPY public.custom_scheduler_eventtype (id, name, color_event, organization_id) FROM stdin;
\.


--
-- Data for Name: custom_scheduler_staff; Type: TABLE DATA; Schema: public; Owner: erp
--

COPY public.custom_scheduler_staff (id, name, email, phone, staff_type, organization_id, user_id) FROM stdin;
\.


--
-- Data for Name: custom_scheduler_stafftime; Type: TABLE DATA; Schema: public; Owner: erp
--

COPY public.custom_scheduler_stafftime (id, start, "end", event_id, occurrence_id, staff_member_id) FROM stdin;
\.


--
-- Data for Name: django_admin_log; Type: TABLE DATA; Schema: public; Owner: erp
--

COPY public.django_admin_log (id, action_time, object_id, object_repr, action_flag, change_message, content_type_id, user_id) FROM stdin;
1	2022-10-31 06:08:01.691846+00	1	Teknovention	1	[{"added": {}}]	8	1
2	2022-10-31 06:08:39.178464+00	1	TimesheetUser object (1)	1	[{"added": {}}]	9	1
3	2022-11-01 08:03:16.789496+00	2	Neighborhood North	1	[{"added": {}}]	8	1
4	2022-11-03 07:26:40.320066+00	1	Bob Gray	2	[{"changed": {"fields": ["Hourly rate"]}}]	9	1
5	2022-11-04 06:56:27.748011+00	1	Date span holder	1	[{"added": {}}]	11	1
6	2022-11-08 02:55:58.572087+00	1	semimonthly	1	[{"added": {}}]	12	1
7	2022-11-08 03:01:00.213987+00	1	biweekly	2	[{"changed": {"fields": ["Name", "Organization", "Dates of month"]}}]	12	1
8	2022-11-08 03:18:20.630109+00	2	biweekly	1	[{"added": {}}]	12	1
9	2022-11-08 03:19:44.860566+00	2	semimonthly	2	[{"changed": {"fields": ["Name", "Dates of month"]}}]	12	1
10	2022-11-08 05:42:01.272184+00	2	semimonthly	2	[{"changed": {"fields": ["Seed date"]}}]	12	1
11	2022-11-08 05:47:09.968892+00	2	semimonthly	2	[{"changed": {"fields": ["Seed date"]}}]	12	1
12	2022-11-08 05:48:44.48573+00	2	semimonthly	2	[]	12	1
13	2022-11-08 07:22:41.949142+00	2	Neighborhood North	2	[{"changed": {"fields": ["Timezone"]}}]	8	1
14	2022-11-08 08:07:29.598037+00	1	biweekly	2	[{"changed": {"fields": ["Seed date"]}}]	12	1
15	2022-11-08 08:08:59.104295+00	1	biweekly	2	[{"changed": {"fields": ["Seed date"]}}]	12	1
16	2022-11-08 08:13:33.108568+00	1	biweekly	2	[]	12	1
17	2022-11-08 08:27:24.945321+00	2	semimonthly	2	[]	12	1
18	2022-11-22 07:59:43.880035+00	6	bgray-nn	1	[{"added": {}}]	4	1
19	2022-11-22 08:03:04.130651+00	6	jjohannson2002@gmail.com	2	[{"changed": {"fields": ["Username", "First name", "Last name", "Email address"]}}]	4	1
20	2022-11-22 08:03:24.407384+00	6	bgray-nn	2	[{"changed": {"fields": ["Username"]}}]	4	1
21	2022-11-22 08:04:10.972783+00	6	bgray-nn	2	[{"changed": {"fields": ["First name", "Last name"]}}]	4	1
22	2022-11-22 08:07:29.733988+00	8	Bob Gray NN	2	[{"changed": {"fields": ["Phone", "Organization"]}}]	9	1
23	2022-11-22 08:10:45.79688+00	8	Bob Gray NN	2	[{"changed": {"fields": ["Hourly rate"]}}]	9	1
24	2022-11-23 05:08:33.463665+00	1	biweekly	2	[{"changed": {"fields": ["Seed date"]}}]	12	1
25	2022-11-23 06:29:49.484583+00	1	biweekly	2	[{"changed": {"fields": ["Seed date"]}}]	12	1
26	2022-11-23 06:34:45.503733+00	1	biweekly	2	[{"changed": {"fields": ["Seed date"]}}]	12	1
27	2022-11-23 07:06:11.61836+00	1	biweekly	2	[{"changed": {"fields": ["Seed date"]}}]	12	1
28	2022-11-23 07:15:18.796751+00	1	biweekly	2	[{"changed": {"fields": ["Seed date"]}}]	12	1
29	2022-11-23 07:17:17.853186+00	1	biweekly	2	[{"changed": {"fields": ["Seed date"]}}]	12	1
30	2022-11-23 07:17:27.893791+00	1	biweekly	2	[{"changed": {"fields": ["Seed date"]}}]	12	1
31	2022-11-23 07:19:34.813047+00	1	biweekly	2	[{"changed": {"fields": ["Seed date"]}}]	12	1
32	2022-11-23 07:32:23.761991+00	1	biweekly	2	[{"changed": {"fields": ["Seed date"]}}]	12	1
33	2022-11-23 07:32:49.411945+00	2	semimonthly	2	[]	12	1
34	2022-11-23 07:33:31.16983+00	1	biweekly	2	[{"changed": {"fields": ["Seed date"]}}]	12	1
35	2022-11-23 08:09:19.682316+00	1	biweekly	2	[{"changed": {"fields": ["Seed date"]}}]	12	1
36	2022-11-23 08:10:07.63299+00	1	biweekly	2	[{"changed": {"fields": ["Seed date"]}}]	12	1
37	2022-11-23 08:17:01.349026+00	1	biweekly	2	[{"changed": {"fields": ["Seed date"]}}]	12	1
38	2022-11-23 21:05:03.002992+00	1	biweekly	2	[]	12	1
39	2022-11-23 21:05:03.066391+00	1	biweekly	2	[]	12	1
40	2022-11-23 22:12:58.629255+00	1	biweekly	2	[{"changed": {"fields": ["Seed date"]}}]	12	1
41	2022-11-23 22:37:58.558362+00	1	biweekly	2	[{"changed": {"fields": ["Seed date"]}}]	12	1
42	2022-11-23 22:38:19.861794+00	2	semimonthly	2	[{"changed": {"fields": ["Seed date"]}}]	12	1
43	2022-11-23 22:40:22.295401+00	2	semimonthly	2	[]	12	1
44	2022-11-24 01:54:29.828906+00	2	semimonthly	2	[{"changed": {"fields": ["Seed date"]}}]	12	1
45	2022-11-24 02:05:00.082373+00	2	semimonthly	2	[{"changed": {"fields": ["Seed date"]}}]	12	1
46	2022-11-24 02:32:47.670593+00	2	semimonthly	2	[{"changed": {"fields": ["Seed date"]}}]	12	1
47	2022-11-24 02:38:24.376794+00	2	semimonthly	2	[{"changed": {"fields": ["Seed date"]}}]	12	1
48	2022-11-24 02:55:07.131504+00	2	semimonthly	2	[]	12	1
49	2022-11-24 03:17:12.167725+00	2	semimonthly	2	[{"changed": {"fields": ["Seed date"]}}]	12	1
50	2022-11-24 03:22:36.638422+00	2	semimonthly	2	[{"changed": {"fields": ["Seed date"]}}]	12	1
51	2022-11-24 03:38:56.350489+00	1	biweekly	2	[{"changed": {"fields": ["Seed date"]}}]	12	1
52	2022-11-24 03:45:38.756701+00	1	biweekly	2	[{"changed": {"fields": ["Seed date"]}}]	12	1
53	2022-11-24 03:48:02.200003+00	1	biweekly	2	[{"changed": {"fields": ["Seed date"]}}]	12	1
54	2022-11-24 04:50:32.990774+00	3	Taskforce	1	[{"added": {}}]	8	1
55	2022-11-24 04:51:22.130944+00	3	monthly	1	[{"added": {}}]	12	1
56	2022-11-24 04:52:57.088086+00	7	rgray-tf	1	[{"added": {}}]	4	1
57	2022-11-24 04:53:47.790503+00	7	rgray-tf	2	[{"changed": {"fields": ["First name", "Last name", "Email address", "Last login"]}}]	4	1
58	2022-11-24 04:54:45.826075+00	3	 	3		9	1
59	2022-11-24 04:55:49.242819+00	7	rgray-tf	3		4	1
60	2022-11-24 04:56:23.729188+00	8	rgray-tf	1	[{"added": {}}]	4	1
61	2022-11-24 05:00:01.068659+00	10	 	3		9	1
62	2022-11-24 05:00:25.039762+00	11	 	1	[{"added": {}}]	9	1
63	2022-11-24 05:01:15.95279+00	8	rgray-tf	2	[{"changed": {"fields": ["First name", "Last name", "Email address", "Last login"]}}]	4	1
64	2022-11-24 05:14:08.225704+00	11	Robert Gray	2	[{"changed": {"fields": ["Hourly rate"]}}]	9	1
65	2022-11-24 05:15:14.954287+00	3	monthly	2	[]	12	1
66	2022-11-24 05:51:57.744812+00	58	2022-11-24 05:18:36.395167+00:00	3		10	1
67	2022-12-30 15:42:08.319392+00	9	christine@neighborhoodnorth.com	1	[{"added": {}}]	4	1
68	2022-12-30 15:43:10.196886+00	9	christine@neighborhoodnorth.com	2	[{"changed": {"fields": ["First name", "Last name", "Email address", "Staff status", "Superuser status"]}}]	4	1
69	2022-12-30 15:43:47.463714+00	12	Christine Kroger	1	[{"added": {}}]	9	1
70	2022-12-30 22:58:14.901005+00	12	Christine Kroger	2	[{"changed": {"fields": ["Is approver", "Approvees"]}}]	9	1
71	2022-12-30 23:30:15.688089+00	12	Christine Kroger	2	[{"changed": {"fields": ["Approvees"]}}]	9	1
72	2022-12-31 17:32:11.096298+00	12	Christine Kroger	2	[{"added": {"name": "from_timesheetuser-to_timesheetuser relationship", "object": "TimesheetUser_approvees object (5)"}}]	9	1
73	2022-12-31 17:32:20.145021+00	12	Christine Kroger	2	[{"deleted": {"name": "from_timesheetuser-to_timesheetuser relationship", "object": "TimesheetUser_approvees object (None)"}}]	9	1
74	2022-12-31 17:32:34.580387+00	11	Robert Gray	2	[{"added": {"name": "from_timesheetuser-to_timesheetuser relationship", "object": "TimesheetUser_approvees object (6)"}}]	9	1
75	2022-12-31 21:01:46.732456+00	10	karissa@neighborhoodnorth.com	1	[{"added": {}}]	4	1
76	2023-01-01 00:05:04.856313+00	6	bgray-nn	2	[{"changed": {"fields": ["User permissions"]}}]	4	1
77	2023-01-02 23:42:31.236277+00	6	bgray-nn	2	[{"changed": {"fields": ["User permissions"]}}]	4	1
78	2023-01-02 23:43:23.006638+00	8	Bob Gray NN	2	[{"changed": {"fields": ["Is approver"]}}]	9	1
79	2023-01-02 23:57:40.395968+00	6	bgray-nn	2	[{"changed": {"fields": ["User permissions"]}}]	4	1
80	2023-01-03 00:03:21.913106+00	6	bgray-nn	2	[{"changed": {"fields": ["User permissions"]}}]	4	1
81	2023-01-03 01:31:48.649532+00	1	Timesheet Entry Approvers	1	[{"added": {}}]	3	1
82	2023-01-03 01:32:19.681477+00	2	Timesheet Period Approvers	1	[{"added": {}}]	3	1
83	2023-01-03 01:32:37.336246+00	6	bgray-nn	2	[{"changed": {"fields": ["Groups"]}}]	4	1
84	2023-01-03 01:33:42.154981+00	8	bgray-nn	2	[{"added": {"name": "from_timesheetuser-to_timesheetuser relationship", "object": "TimesheetUser_approvees object (7)"}}]	9	1
85	2023-01-03 01:34:04.338128+00	8	bgray-nn	2	[]	9	1
86	2023-01-03 16:05:48.335562+00	8	bgray-nn	2	[{"deleted": {"name": "from_timesheetuser-to_timesheetuser relationship", "object": "TimesheetUser_approvees object (None)"}}]	9	1
87	2023-01-03 16:16:39.644394+00	8	bgray-nn	2	[{"added": {"name": "from_timesheetuser-to_timesheetuser relationship", "object": "TimesheetUser_approvers object (1)"}}, {"added": {"name": "from_timesheetuser-to_timesheetuser relationship", "object": "TimesheetUser_approvers object (2)"}}]	9	1
88	2023-01-04 15:47:55.448924+00	2	Timesheet Period Approvers	2	[]	3	1
89	2023-01-09 22:48:04.892669+00	13	karissa@neighborhoodnorth.com	1	[{"added": {}}, {"added": {"name": "from_timesheetuser-to_timesheetuser relationship", "object": "TimesheetUser_approvers object (3)"}}]	9	1
90	2023-01-09 22:49:23.862103+00	3	Timesheet User	1	[{"added": {}}]	3	1
91	2023-01-09 22:49:55.976138+00	3	Timesheet User	2	[]	3	1
92	2023-01-09 22:51:38.348378+00	3	Timesheet User	2	[{"changed": {"fields": ["Permissions"]}}]	3	1
93	2023-01-09 22:52:35.876167+00	10	karissa@neighborhoodnorth.com	2	[{"changed": {"fields": ["First name", "Last name", "Email address", "Groups"]}}]	4	1
94	2023-01-11 21:24:18.159662+00	14	rgray	1	[{"added": {}}]	9	1
95	2023-01-13 16:16:56.80385+00	12	jinnie@yahoo.com	3		4	1
96	2023-01-13 16:39:11.511369+00	11	jjohannson@yahoo.com	3		4	1
97	2023-01-13 16:44:17.741839+00	13	jjohannson@yahoo.com	3		4	1
98	2023-01-13 16:52:12.386452+00	14	jjohannson@yahoo.com	3		4	1
99	2023-01-13 19:26:02.564868+00	15	jjohannson@yahoo.com	3		4	1
100	2023-01-21 05:04:01.053722+00	66	1/1/2023 - 2/1/2023	3		11	1
101	2023-02-04 20:21:51.940442+00	17	plumbernn	3		4	1
102	2023-02-04 20:45:09.96793+00	18	plumberNN	3		4	1
103	2023-02-04 20:58:55.615783+00	19	plumberNN	3		4	1
104	2023-02-04 21:03:10.031604+00	20	plumberNN	3		4	1
105	2023-02-04 21:06:41.610404+00	21	plumberNN	3		4	1
106	2023-02-04 21:14:39.971202+00	22	plumberNN	3		4	1
107	2023-03-04 16:37:58.384693+00	12	christine@neighborhoodnorth.com	2	[{"changed": {"fields": ["Org manager"]}}]	9	1
108	2023-03-04 16:38:43.573773+00	2	Neighborhood North	2	[{"deleted": {"name": "timesheet user", "object": "christine@neighborhoodnorth.com"}}]	8	1
109	2023-03-04 16:40:08.977583+00	2	Neighborhood North	2	[]	8	1
110	2023-03-04 16:51:03.974966+00	25	christine@neighborhoodnorth.com	1	[{"added": {}}]	9	1
111	2023-03-04 16:51:49.451323+00	2	Neighborhood North	2	[{"added": {"name": "timesheetuser-organization relationship", "object": "TimesheetUser_org_manager object (2)"}}]	8	1
112	2023-03-04 16:52:59.289951+00	25	christine@neighborhoodnorth.com	2	[{"added": {"name": "from_timesheetuser-to_timesheetuser relationship", "object": "TimesheetUser_approvers object (4)"}}, {"added": {"name": "from_timesheetuser-to_timesheetuser relationship", "object": "TimesheetUser_approvers object (5)"}}]	9	1
113	2023-03-04 16:54:45.078353+00	24	plumberNN	2	[{"changed": {"fields": ["Phone"]}}]	9	1
114	2023-03-04 16:54:58.843631+00	24	plumberNN	2	[{"added": {"name": "from_timesheetuser-to_timesheetuser relationship", "object": "TimesheetUser_approvers object (6)"}}]	9	1
115	2023-03-08 00:55:12.005666+00	2	Neighborhood North	2	[{"changed": {"fields": ["Mailer email"]}}]	8	1
116	2023-03-21 23:17:43.48703+00	8	bgray-nn	2	[{"changed": {"fields": ["Hourly rate"]}}]	9	1
117	2023-03-26 01:06:49.52604+00	1	every minute	1	[{"added": {}}]	17	1
118	2023-03-26 01:07:12.653839+00	1	TestHellow: every minute	1	[{"added": {}}]	18	1
119	2023-03-26 02:41:10.297284+00	2	* * * * * (m/h/dM/MY/d) UTC	1	[{"added": {}}]	16	1
120	2023-03-26 02:47:13.747202+00	2	0 0 * * * (m/h/dM/MY/d) US/Eastern	2	[{"changed": {"fields": ["Minute(s)", "Hour(s)", "Cron Timezone"]}}]	16	1
121	2023-03-26 15:42:04.953256+00	1	TestHellow: every minute	2	[{"changed": {"fields": ["Keyword Arguments"]}}]	18	1
122	2023-03-28 04:09:09.708783+00	25	christine@neighborhoodnorth.com	2	[{"deleted": {"name": "from_timesheetuser-to_timesheetuser relationship", "object": "TimesheetUser_approvers object (None)"}}, {"deleted": {"name": "from_timesheetuser-to_timesheetuser relationship", "object": "TimesheetUser_approvers object (None)"}}]	9	1
123	2023-04-01 23:50:49.070382+00	10	karissa@neighborhoodnorth.com	2	[{"changed": {"fields": ["Email address"]}}]	4	1
124	2023-04-12 01:52:52.234294+00	2	Neighborhood North	2	[{"added": {"name": "timesheetuser-organization relationship", "object": "TimesheetUser_org_manager object (3)"}}]	8	1
125	2023-04-12 02:18:20.73834+00	1	Part object (1)	1	[{"added": {}}]	34	1
126	2023-04-12 03:36:42.182536+00	3	Part: Part1	1	[{"added": {}}]	34	1
127	2023-04-12 03:47:50.721469+00	1	teknovention.com	1	[{"added": {}}, {"added": {"name": "vendor organization", "object": "VendorOrganization object (1)"}}]	28	1
128	2023-04-12 03:55:56.054316+00	4	Service: Service1	1	[{"added": {}}]	33	1
129	2023-04-12 03:56:59.350828+00	5	Subscription: Subscription1	1	[{"added": {}}]	32	1
130	2023-04-12 04:03:54.153993+00	1	Teknovention	1	[{"added": {}}]	26	1
131	2023-04-12 04:04:15.125693+00	1	PurchaseItem object (1)	1	[{"added": {}}]	27	1
132	2023-04-12 21:18:53.198263+00	5	Subscription: Subscription1	2	[{"changed": {"fields": ["Organization"]}}]	32	1
133	2023-04-12 21:19:02.156938+00	4	Service: Service1	2	[{"changed": {"fields": ["Organization"]}}]	33	1
134	2023-04-12 21:19:13.540668+00	3	Part: Part1	2	[{"changed": {"fields": ["Organization"]}}]	34	1
135	2023-04-12 21:24:48.778743+00	1	Part1	2	[{"changed": {"fields": ["Type", "Units"]}}]	27	1
136	2023-04-17 21:06:59.620286+00	6	InventoryPart1	1	[{"added": {}}]	40	1
137	2023-04-17 21:11:34.170784+00	2	InventoryPart1	1	[{"added": {}}]	27	1
138	2023-04-17 21:37:02.59801+00	7	InventoryPart2	1	[{"added": {}}, {"added": {"name": "child part", "object": "ChildPart object (1)"}}]	40	1
139	2023-04-17 21:41:09.544136+00	7	InventoryPart2	2	[{"deleted": {"name": "child part", "object": "ChildPart object (None)"}}]	40	1
140	2023-04-17 21:42:41.806177+00	6	InventoryPart1	2	[{"added": {"name": "child part", "object": "ChildPart object (2)"}}]	40	1
141	2023-04-18 14:29:16.664077+00	6	InventoryPart1	2	[{"added": {"name": "child part", "object": "ChildPart object (3)"}}]	40	1
142	2023-04-18 14:29:38.778589+00	6	InventoryPart1	2	[{"added": {"name": "child part", "object": "ChildPart object (4)"}}]	40	1
143	2023-04-18 14:30:59.408725+00	6	InventoryPart1	2	[{"deleted": {"name": "child part", "object": "ChildPart object (None)"}}, {"deleted": {"name": "child part", "object": "ChildPart object (None)"}}]	40	1
144	2023-04-19 11:22:56.665533+00	6	InventoryPart1	2	[]	40	1
145	2023-04-19 11:23:41.429228+00	8	SerialPart1	1	[{"added": {}}]	40	1
146	2023-04-19 11:37:38.588769+00	9	Equipment1	1	[{"added": {}}]	40	1
147	2023-04-19 14:50:41.911044+00	4	SerialPart1	1	[{"added": {}}]	42	1
148	2023-04-19 15:03:34.612232+00	5	Equipment1	1	[{"added": {}}]	44	1
149	2023-04-19 19:21:49.760772+00	3	SerialPart1	1	[{"added": {}}]	27	1
150	2023-04-20 00:06:06.11598+00	1	PurchaseOrder object (1)	1	[{"added": {}}]	35	1
151	2023-04-20 00:14:25.44296+00	2	Part1	1	[{"added": {}}]	31	1
152	2023-04-20 01:47:26.441771+00	2	Part1	2	[]	31	1
153	2023-04-20 01:51:22.528267+00	2	Part1	2	[{"changed": {"fields": ["Status"]}}]	31	1
154	2023-04-20 01:54:47.887875+00	2	PurchaseOrderItemHistory object (2)	2	[{"changed": {"fields": ["Status"]}}]	38	1
155	2023-04-20 01:55:12.582265+00	2	Part1	2	[{"changed": {"fields": ["Status"]}}]	31	1
156	2023-04-20 01:56:03.284721+00	2	Part1	2	[{"changed": {"fields": ["Status"]}}]	31	1
157	2023-04-20 02:02:56.492277+00	2	teknovention.com 2023-04-20 02:02:56.490906+00:00 Bob	1	[{"added": {}}]	35	1
158	2023-04-20 02:20:24.702867+00	2	teknovention.com 2023-04-20 02:02:56.490906+00:00 Bob	3		35	1
159	2023-04-20 02:20:44.36543+00	3	teknovention.com 2023-04-20 02:20:44.364218+00:00 Bob	1	[{"added": {}}]	35	1
160	2023-04-20 02:40:55.83547+00	3	teknovention.com 2023-04-20 02:20:44.364218+00:00 Bob	3		35	1
161	2023-04-20 02:41:10.586241+00	4	teknovention.com 2023-04-20 02:41:10.583988+00:00 Bob	1	[{"added": {}}]	35	1
162	2023-04-20 02:41:49.752593+00	4	teknovention.com 2023-04-20 02:41:49.750054+00:00 Bob	2	[{"changed": {"fields": ["Sub total"]}}]	35	1
163	2023-04-20 02:42:26.074327+00	4	teknovention.com 2023-04-20 02:42:26.071151+00:00 Bob	2	[{"changed": {"fields": ["Status"]}}]	35	1
164	2023-04-20 02:43:25.346449+00	3	SerialPart1	1	[{"added": {}}]	31	1
165	2023-04-21 23:49:19.902886+00	2	Test Vendor	1	[{"added": {}}, {"added": {"name": "vendor organization", "object": "VendorOrganization object (2)"}}]	28	1
166	2023-06-16 23:59:10.820094+00	23	plumberNN	3		4	1
167	2023-06-17 00:01:35.713205+00	24	delete	3		4	1
168	2023-06-17 00:05:34.248167+00	17	jjohannson	3		9	1
169	2023-06-17 00:06:58.727315+00	27	deleteuser	3		9	1
170	2023-07-11 06:07:00.508011+00	26	rgray-test	3		4	1
171	2023-07-11 06:07:26.222172+00	9815	bgray	3		4	1
172	2023-07-11 06:26:52.573819+00	27	bgray-test	3		4	1
173	2023-07-11 06:33:02.759579+00	28	bgray-test	3		4	1
174	2023-07-11 06:35:20.559764+00	29	bgray-test	3		4	1
175	2023-07-11 06:36:38.999592+00	30	bgray-test	3		4	1
176	2023-07-11 06:38:35.529672+00	31	bgray-test	3		4	1
177	2023-07-11 22:07:00.98913+00	16	jjohannson	3		4	1
178	2023-07-11 22:09:47.70375+00	32	bgray-test	3		4	1
179	2023-07-11 22:12:36.270879+00	33	jjohannson	3		4	1
180	2023-07-11 22:57:55.271193+00	6	bgray-nn	2	[{"changed": {"fields": ["User permissions"]}}]	4	1
181	2023-07-12 15:55:28.72655+00	9	christine@neighborhoodnorth.com	2	[{"changed": {"fields": ["User permissions"]}}]	4	1
182	2023-10-03 06:22:26.064439+00	1	Neighborhood North Main	1	[{"added": {}}]	51	1
183	2023-10-14 19:07:27.850965+00	1	Exhibit Building: 20.00	1	[{"added": {}}]	58	1
184	2023-10-16 04:06:28.847234+00	1	Teknovention	2	[{"changed": {"fields": ["Mailer email"]}}]	8	1
185	2024-07-13 06:26:25.55011+00	25	deleteuser	3		4	1
186	2024-07-13 06:26:25.552774+00	34	jazzbo	3		4	1
187	2024-07-13 06:26:25.553823+00	10	karissa@neighborhoodnorth.com	3		4	1
188	2024-07-13 06:26:38.267403+00	9	christine@neighborhoodnorth.com	3		4	1
189	2024-07-13 06:27:03.879761+00	9	Equipment1	2	[{"changed": {"fields": ["Organization"]}}]	40	1
190	2024-07-13 06:27:11.197487+00	8	SerialPart1	2	[{"changed": {"fields": ["Organization"]}}]	40	1
191	2024-07-13 06:27:17.474901+00	7	InventoryPart2	2	[{"changed": {"fields": ["Organization"]}}]	40	1
192	2024-07-13 06:27:24.912808+00	6	InventoryPart1	2	[{"changed": {"fields": ["Organization"]}}]	40	1
193	2024-07-13 06:28:14.562751+00	3	Part: Part1	2	[{"changed": {"fields": ["Organization"]}}]	34	1
194	2024-07-13 06:28:24.311505+00	5	Subscription: Subscription1	2	[{"changed": {"fields": ["Organization"]}}]	32	1
195	2024-07-13 06:28:35.900328+00	4	Service: Service1	2	[{"changed": {"fields": ["Organization"]}}]	33	1
196	2024-07-13 06:43:52.325419+00	1	rgray	2	[{"changed": {"fields": ["First name", "Last name"]}}]	4	1
197	2024-07-14 16:08:21.460312+00	11	Mountain Hardware (Truckee Airport)	1	[{"added": {}}]	28	1
198	2024-07-16 06:07:02.269593+00	4	Optidefense USA	1	[{"added": {}}]	8	1
199	2024-07-16 06:22:06.546207+00	1	Project object (1)	1	[{"added": {}}]	59	1
200	2024-07-16 06:26:24.116431+00	2	Project object (2)	1	[{"added": {}}]	59	1
201	2024-07-16 06:28:07.285781+00	3	Project object (3)	1	[{"added": {}}]	59	1
202	2024-07-16 06:42:02.23565+00	10	Laburnham House	1	[{"added": {}}]	40	1
203	2024-07-16 06:47:14.698245+00	6	Laburnham House	1	[{"added": {}}]	42	1
204	2024-07-16 06:49:10.421479+00	6	Laburnham House	3		42	1
205	2024-07-16 06:51:01.78038+00	7	Laburnham House	1	[{"added": {}}]	44	1
206	2024-07-16 06:59:24.68212+00	1	Asset object (1)	1	[{"added": {}}]	60	1
207	2024-07-16 07:01:39.906178+00	1	Asset object (1)	2	[]	60	1
208	2024-07-19 05:45:23.029672+00	5	daniel-harper.com	1	[{"added": {}}]	8	1
209	2024-07-19 05:57:38.417709+00	4	Project object (4)	1	[{"added": {}}]	59	1
210	2024-07-19 23:45:52.347013+00	6	Adafruit Industriess Incorporated LLC	1	[{"added": {}}]	26	1
211	2024-07-19 23:46:53.464037+00	7	Digikey	2	[{"changed": {"fields": ["Organization", "Notes"]}}]	28	1
212	2024-07-23 21:19:56.161729+00	5	Project object (5)	1	[{"added": {}}]	59	1
213	2024-07-23 21:24:30.142713+00	11	Nissan Frontier 4X4 2008	1	[{"added": {}}]	40	1
214	2024-07-23 21:25:57.859268+00	8	Nissan Frontier 4X4 2008	1	[{"added": {}}]	44	1
215	2024-07-23 21:27:06.311014+00	2	Vehicle object (2)	1	[{"added": {}}]	62	1
216	2024-07-25 06:02:46.315287+00	6	Laburnham House Maintenance and Selling	1	[{"added": {}}]	59	1
217	2024-07-29 17:13:01.511339+00	1	MIleage	1	[{"added": {}}]	66	1
218	2024-07-29 17:13:21.014147+00	1	Mileage object (1)	1	[{"added": {}}]	67	1
219	2024-07-30 23:54:31.294549+00	7	Volunteering Neighborhood North	1	[{"added": {}}]	59	1
220	2024-08-01 19:27:36.835888+00	1	Business MIleage	2	[{"changed": {"fields": ["Name"]}}]	66	1
221	2024-08-01 19:27:56.819424+00	2	Volunteer Mileage	1	[{"added": {}}]	66	1
222	2024-08-01 19:30:36.957454+00	12	Chevy Spark 2014	1	[{"added": {}}]	40	1
223	2024-08-01 19:31:21.525855+00	9	Chevy Spark 2014	1	[{"added": {}}]	42	1
224	2024-08-01 19:31:56.269692+00	10	Chevy Spark 2014	1	[{"added": {}}]	44	1
225	2024-08-01 19:32:35.868586+00	3	Vehicle object (3)	1	[{"added": {}}]	62	1
226	2024-08-01 19:35:52.68395+00	2	Mileage object (2)	1	[{"added": {}}]	67	1
\.


--
-- Data for Name: django_celery_beat_clockedschedule; Type: TABLE DATA; Schema: public; Owner: erp
--

COPY public.django_celery_beat_clockedschedule (id, clocked_time) FROM stdin;
\.


--
-- Data for Name: django_celery_beat_crontabschedule; Type: TABLE DATA; Schema: public; Owner: erp
--

COPY public.django_celery_beat_crontabschedule (id, minute, hour, day_of_week, day_of_month, month_of_year, timezone) FROM stdin;
2	0	0	*	*	*	US/Eastern
1	0	4	*	*	*	UTC
\.


--
-- Data for Name: django_celery_beat_intervalschedule; Type: TABLE DATA; Schema: public; Owner: erp
--

COPY public.django_celery_beat_intervalschedule (id, every, period) FROM stdin;
1	1	minutes
\.


--
-- Data for Name: django_celery_beat_periodictask; Type: TABLE DATA; Schema: public; Owner: erp
--

COPY public.django_celery_beat_periodictask (id, name, task, args, kwargs, queue, exchange, routing_key, expires, enabled, last_run_at, total_run_count, date_changed, description, crontab_id, interval_id, solar_id, one_off, start_time, priority, headers, clocked_id, expire_seconds) FROM stdin;
1	TestHellow	tsmanagement.tasks.saying_hello	[]	{"main":"hello there this is the main text","additional":"This here is additional"}	\N	\N	\N	\N	t	2023-03-27 02:20:43.436919+00	298	2023-03-27 02:21:27.233582+00	We are testing the test hello	\N	1	\N	f	2023-03-26 01:07:02+00	\N	{}	\N	\N
2	celery.backend_cleanup	celery.backend_cleanup	[]	{}	\N	\N	\N	\N	t	\N	0	2023-03-26 15:44:43.029529+00		1	\N	\N	f	\N	\N	{}	\N	43200
\.


--
-- Data for Name: django_celery_beat_periodictasks; Type: TABLE DATA; Schema: public; Owner: erp
--

COPY public.django_celery_beat_periodictasks (ident, last_update) FROM stdin;
1	2023-03-26 15:44:43.030143+00
\.


--
-- Data for Name: django_celery_beat_solarschedule; Type: TABLE DATA; Schema: public; Owner: erp
--

COPY public.django_celery_beat_solarschedule (id, event, latitude, longitude) FROM stdin;
\.


--
-- Data for Name: django_celery_results_chordcounter; Type: TABLE DATA; Schema: public; Owner: erp
--

COPY public.django_celery_results_chordcounter (id, group_id, sub_tasks, count) FROM stdin;
\.


--
-- Data for Name: django_celery_results_groupresult; Type: TABLE DATA; Schema: public; Owner: erp
--

COPY public.django_celery_results_groupresult (id, group_id, date_created, date_done, content_type, content_encoding, result) FROM stdin;
\.


--
-- Data for Name: django_celery_results_taskresult; Type: TABLE DATA; Schema: public; Owner: erp
--

COPY public.django_celery_results_taskresult (id, task_id, status, content_type, content_encoding, result, date_done, traceback, meta, task_args, task_kwargs, task_name, worker, date_created, periodic_task_name) FROM stdin;
1	7589b046-3b5c-47d7-91d6-6a46d2c138f3	SUCCESS	application/json	utf-8	null	2023-03-26 02:29:21.557422+00	\N	{"children": []}	\N	\N	\N	\N	2023-03-26 02:29:21.557361+00	\N
2	651a4f13-68cd-4deb-89e7-37b6b833d77e	SUCCESS	application/json	utf-8	null	2023-03-26 02:30:21.517119+00	\N	{"children": []}	\N	\N	\N	\N	2023-03-26 02:30:21.517104+00	\N
3	fc72f1d7-7d44-48d9-84fa-7136b0eb8636	SUCCESS	application/json	utf-8	null	2023-03-26 02:31:21.518082+00	\N	{"children": []}	\N	\N	\N	\N	2023-03-26 02:31:21.518068+00	\N
4	535c55bf-44b7-4458-ae66-eb238755fc70	SUCCESS	application/json	utf-8	null	2023-03-26 02:32:21.522309+00	\N	{"children": []}	\N	\N	\N	\N	2023-03-26 02:32:21.522295+00	\N
5	da39f2ce-b416-4e56-bf32-99fb66c60400	SUCCESS	application/json	utf-8	null	2023-03-26 02:33:21.525791+00	\N	{"children": []}	\N	\N	\N	\N	2023-03-26 02:33:21.525777+00	\N
6	92f8860e-4f6a-42ee-a8af-4d78a91a1c16	SUCCESS	application/json	utf-8	null	2023-03-26 02:34:21.527841+00	\N	{"children": []}	\N	\N	\N	\N	2023-03-26 02:34:21.527826+00	\N
7	b3e61cee-62f8-411a-8bce-27a5bd4a58e3	SUCCESS	application/json	utf-8	null	2023-03-26 02:35:21.53119+00	\N	{"children": []}	\N	\N	\N	\N	2023-03-26 02:35:21.531176+00	\N
8	028da057-44f8-420b-8d17-5aa44595ee09	SUCCESS	application/json	utf-8	null	2023-03-26 02:36:21.534211+00	\N	{"children": []}	\N	\N	\N	\N	2023-03-26 02:36:21.534197+00	\N
9	d70ca846-20b1-465f-9cc1-b7fd3a76e367	SUCCESS	application/json	utf-8	null	2023-03-26 02:37:21.538187+00	\N	{"children": []}	\N	\N	\N	\N	2023-03-26 02:37:21.538174+00	\N
10	b09c56bf-ccd1-40ca-a85c-2d8c4e35401b	SUCCESS	application/json	utf-8	null	2023-03-26 02:38:21.539721+00	\N	{"children": []}	\N	\N	\N	\N	2023-03-26 02:38:21.539707+00	\N
11	722f00ab-2fa1-4bcd-9d98-92347e75a80d	SUCCESS	application/json	utf-8	null	2023-03-26 02:39:21.542129+00	\N	{"children": []}	\N	\N	\N	\N	2023-03-26 02:39:21.542115+00	\N
12	eaed9237-4869-47bb-a7e7-d27016ceb3da	SUCCESS	application/json	utf-8	null	2023-03-26 02:40:21.545162+00	\N	{"children": []}	\N	\N	\N	\N	2023-03-26 02:40:21.545148+00	\N
13	edd03037-2fc6-4cbd-9290-441549e7ece1	SUCCESS	application/json	utf-8	null	2023-03-26 02:41:21.545757+00	\N	{"children": []}	\N	\N	\N	\N	2023-03-26 02:41:21.545743+00	\N
14	91ac59a8-ec25-4e49-8ed9-caab8a20fe20	SUCCESS	application/json	utf-8	null	2023-03-26 02:42:21.548224+00	\N	{"children": []}	\N	\N	\N	\N	2023-03-26 02:42:21.54821+00	\N
15	dc90d67d-5eb8-4c86-8b6d-7c495c4f7c3e	SUCCESS	application/json	utf-8	null	2023-03-26 02:43:21.552729+00	\N	{"children": []}	\N	\N	\N	\N	2023-03-26 02:43:21.552716+00	\N
16	d0409b6c-a8d1-4a81-913b-42e049f89108	SUCCESS	application/json	utf-8	null	2023-03-26 02:44:21.557419+00	\N	{"children": []}	\N	\N	\N	\N	2023-03-26 02:44:21.557405+00	\N
17	0ab3c7b7-3c45-41eb-af5e-393fdc4ff552	SUCCESS	application/json	utf-8	null	2023-03-26 02:45:21.558081+00	\N	{"children": []}	\N	\N	\N	\N	2023-03-26 02:45:21.558067+00	\N
18	ef33f153-cd8c-4564-bee6-ac9e5ca7d24e	SUCCESS	application/json	utf-8	null	2023-03-26 02:46:21.562129+00	\N	{"children": []}	\N	\N	\N	\N	2023-03-26 02:46:21.562116+00	\N
19	55e03092-e8f4-4464-b75f-556f026b9b70	SUCCESS	application/json	utf-8	null	2023-03-26 02:47:21.567138+00	\N	{"children": []}	\N	\N	\N	\N	2023-03-26 02:47:21.567124+00	\N
20	2fb40cc6-fd29-4c5e-b049-0e94d910bd4c	SUCCESS	application/json	utf-8	null	2023-03-26 02:48:21.568925+00	\N	{"children": []}	\N	\N	\N	\N	2023-03-26 02:48:21.568911+00	\N
21	0639ff71-9db3-469b-b62f-72ebed83722c	SUCCESS	application/json	utf-8	null	2023-03-26 02:49:21.571243+00	\N	{"children": []}	\N	\N	\N	\N	2023-03-26 02:49:21.57123+00	\N
22	b60a162d-4edc-412a-a5bc-19f4a19f648e	SUCCESS	application/json	utf-8	null	2023-03-26 02:50:21.572876+00	\N	{"children": []}	\N	\N	\N	\N	2023-03-26 02:50:21.572864+00	\N
23	738da8c4-df1a-4245-9255-188e09a8dca6	SUCCESS	application/json	utf-8	null	2023-03-26 02:51:21.57494+00	\N	{"children": []}	\N	\N	\N	\N	2023-03-26 02:51:21.574927+00	\N
24	8ebf338d-afef-47cc-8f38-98c23f6a05c8	SUCCESS	application/json	utf-8	null	2023-03-26 02:52:21.575149+00	\N	{"children": []}	\N	\N	\N	\N	2023-03-26 02:52:21.575134+00	\N
25	93249626-2379-44c2-b2cd-1fdd09003d70	SUCCESS	application/json	utf-8	null	2023-03-26 02:53:21.576394+00	\N	{"children": []}	\N	\N	\N	\N	2023-03-26 02:53:21.576384+00	\N
26	78fb11f3-dae9-4f31-8ccf-9539b9ca4199	SUCCESS	application/json	utf-8	null	2023-03-26 02:54:21.578369+00	\N	{"children": []}	\N	\N	\N	\N	2023-03-26 02:54:21.578355+00	\N
27	bbe2c693-5438-4aed-8cfb-52b949efd3dd	SUCCESS	application/json	utf-8	null	2023-03-26 02:55:21.581374+00	\N	{"children": []}	\N	\N	\N	\N	2023-03-26 02:55:21.58136+00	\N
28	6f1c2528-88fd-43dc-9bd7-38df566efe16	SUCCESS	application/json	utf-8	null	2023-03-26 02:56:21.58332+00	\N	{"children": []}	\N	\N	\N	\N	2023-03-26 02:56:21.583305+00	\N
29	cf9a9774-e678-48b0-baed-b262f16c7b63	SUCCESS	application/json	utf-8	null	2023-03-26 02:57:21.587361+00	\N	{"children": []}	\N	\N	\N	\N	2023-03-26 02:57:21.587348+00	\N
30	8d508412-8a8f-43f5-aafa-787bcbe6ce9b	SUCCESS	application/json	utf-8	null	2023-03-26 02:58:21.59292+00	\N	{"children": []}	\N	\N	\N	\N	2023-03-26 02:58:21.592906+00	\N
31	ce2a14e5-2e0a-425a-82e9-4646847f3c48	SUCCESS	application/json	utf-8	null	2023-03-26 02:59:21.596717+00	\N	{"children": []}	\N	\N	\N	\N	2023-03-26 02:59:21.596703+00	\N
32	a0dff25b-68e0-40eb-a2fe-e8a5382466c9	SUCCESS	application/json	utf-8	null	2023-03-26 03:00:21.597499+00	\N	{"children": []}	\N	\N	\N	\N	2023-03-26 03:00:21.597485+00	\N
33	cd02d17c-56eb-42ff-bb2a-cfd1f5e8be73	SUCCESS	application/json	utf-8	null	2023-03-26 03:01:21.602441+00	\N	{"children": []}	\N	\N	\N	\N	2023-03-26 03:01:21.602427+00	\N
34	3bfe4ea0-b876-49d3-ae18-fc021bf77d71	SUCCESS	application/json	utf-8	null	2023-03-26 03:02:21.606356+00	\N	{"children": []}	\N	\N	\N	\N	2023-03-26 03:02:21.606343+00	\N
35	3826f3ed-3f6b-4fb2-bfa7-d778a72fc3d9	SUCCESS	application/json	utf-8	null	2023-03-26 03:03:21.607403+00	\N	{"children": []}	\N	\N	\N	\N	2023-03-26 03:03:21.607388+00	\N
36	5570172f-d28b-4957-9073-332a7395d371	SUCCESS	application/json	utf-8	null	2023-03-26 03:04:21.611927+00	\N	{"children": []}	\N	\N	\N	\N	2023-03-26 03:04:21.611913+00	\N
37	e522bc75-4282-4864-912d-656fc3bc57d6	SUCCESS	application/json	utf-8	null	2023-03-26 03:05:21.615295+00	\N	{"children": []}	\N	\N	\N	\N	2023-03-26 03:05:21.615281+00	\N
38	1a127fdc-0747-4c6a-94d4-99b50f4c99ee	SUCCESS	application/json	utf-8	null	2023-03-26 03:06:21.619692+00	\N	{"children": []}	\N	\N	\N	\N	2023-03-26 03:06:21.619679+00	\N
39	472c0e8a-48ed-4a19-aaec-3f1a4799d211	SUCCESS	application/json	utf-8	null	2023-03-26 03:07:21.623644+00	\N	{"children": []}	\N	\N	\N	\N	2023-03-26 03:07:21.623629+00	\N
40	8b7a3f3e-2c56-4535-9dcb-a74b32b36cb9	SUCCESS	application/json	utf-8	null	2023-03-26 03:08:21.624748+00	\N	{"children": []}	\N	\N	\N	\N	2023-03-26 03:08:21.624733+00	\N
41	1474a321-5b72-4956-8b75-97fd7bd9ea45	SUCCESS	application/json	utf-8	null	2023-03-26 03:09:21.629816+00	\N	{"children": []}	\N	\N	\N	\N	2023-03-26 03:09:21.629802+00	\N
42	b0e538b7-2dd0-4dfe-8adb-bd352ea52cb1	SUCCESS	application/json	utf-8	null	2023-03-26 03:10:21.632187+00	\N	{"children": []}	\N	\N	\N	\N	2023-03-26 03:10:21.632173+00	\N
43	9c4a7fdf-ba06-477c-8ac0-f5a54dc0a440	SUCCESS	application/json	utf-8	null	2023-03-26 03:11:21.637637+00	\N	{"children": []}	\N	\N	\N	\N	2023-03-26 03:11:21.637622+00	\N
44	535228ee-f609-4aa1-851b-4782ab0a5723	SUCCESS	application/json	utf-8	null	2023-03-26 03:12:21.640502+00	\N	{"children": []}	\N	\N	\N	\N	2023-03-26 03:12:21.640488+00	\N
45	911edfdd-e955-44de-95db-d5935faa82a2	SUCCESS	application/json	utf-8	null	2023-03-26 03:13:21.643546+00	\N	{"children": []}	\N	\N	\N	\N	2023-03-26 03:13:21.643532+00	\N
46	a9455fba-6164-4965-8ea7-6165df0968e2	SUCCESS	application/json	utf-8	null	2023-03-26 03:14:21.645958+00	\N	{"children": []}	\N	\N	\N	\N	2023-03-26 03:14:21.645943+00	\N
47	5350140d-8c8d-40ae-baf4-aa66c6154d60	SUCCESS	application/json	utf-8	null	2023-03-26 03:15:21.646453+00	\N	{"children": []}	\N	\N	\N	\N	2023-03-26 03:15:21.646439+00	\N
48	dedad8d3-68ac-401a-8c98-7d777b39a6fb	SUCCESS	application/json	utf-8	null	2023-03-26 03:16:21.648526+00	\N	{"children": []}	\N	\N	\N	\N	2023-03-26 03:16:21.648512+00	\N
49	6d05077f-8844-4778-bfde-4e29a3375d59	SUCCESS	application/json	utf-8	null	2023-03-26 03:17:21.651193+00	\N	{"children": []}	\N	\N	\N	\N	2023-03-26 03:17:21.651179+00	\N
50	bc4732a2-a369-410c-b0d2-6ce2949b2456	SUCCESS	application/json	utf-8	null	2023-03-26 03:18:21.654484+00	\N	{"children": []}	\N	\N	\N	\N	2023-03-26 03:18:21.654471+00	\N
51	942f4e24-cc3a-4003-bd43-5ebf050020e0	FAILURE	application/json	utf-8	{"exc_type": "TypeError", "exc_message": ["saying_hello() missing 1 required positional argument: 'text'"], "exc_module": "builtins"}	2023-03-26 15:39:35.670051+00	\N	{"children": []}	\N	\N	\N	\N	2023-03-26 15:39:35.669943+00	\N
52	62073fec-3107-45aa-aeb9-9b33bc627edd	FAILURE	application/json	utf-8	{"exc_type": "TypeError", "exc_message": ["saying_hello() missing 1 required positional argument: 'text'"], "exc_module": "builtins"}	2023-03-26 15:40:35.628238+00	\N	{"children": []}	\N	\N	\N	\N	2023-03-26 15:40:35.628223+00	\N
53	f430d645-3563-4835-9a63-6d7977184855	FAILURE	application/json	utf-8	{"exc_type": "TypeError", "exc_message": ["saying_hello() missing 1 required positional argument: 'text'"], "exc_module": "builtins"}	2023-03-26 15:41:35.630631+00	\N	{"children": []}	\N	\N	\N	\N	2023-03-26 15:41:35.630617+00	\N
54	23bdd5a0-e6ea-45dc-8db4-e351f32bd585	FAILURE	application/json	utf-8	{"exc_type": "TypeError", "exc_message": ["saying_hello() missing 1 required positional argument: 'text'"], "exc_module": "builtins"}	2023-03-26 15:42:35.630686+00	\N	{"children": []}	\N	\N	\N	\N	2023-03-26 15:42:35.630675+00	\N
55	99a22870-c1ed-4ed4-855c-75fb8620a624	FAILURE	application/json	utf-8	{"exc_type": "TypeError", "exc_message": ["saying_hello() missing 1 required positional argument: 'text'"], "exc_module": "builtins"}	2023-03-26 15:43:35.6822+00	\N	{"children": []}	\N	\N	\N	\N	2023-03-26 15:43:35.682187+00	\N
56	85152c01-cfee-4cae-9922-9721e050266a	SUCCESS	application/json	utf-8	null	2023-03-26 15:44:43.090028+00	\N	{"children": []}	\N	\N	\N	\N	2023-03-26 15:44:43.089967+00	\N
57	f02abf63-1e37-43c1-b2e0-2cb31fb8ec2d	SUCCESS	application/json	utf-8	null	2023-03-26 15:45:43.063574+00	\N	{"children": []}	\N	\N	\N	\N	2023-03-26 15:45:43.063558+00	\N
58	6d387a70-663e-43e3-8963-71eae257da75	SUCCESS	application/json	utf-8	null	2023-03-26 15:46:43.064899+00	\N	{"children": []}	\N	\N	\N	\N	2023-03-26 15:46:43.064886+00	\N
59	4de9c579-4f57-4e2e-a30b-8e590138a8a8	SUCCESS	application/json	utf-8	null	2023-03-26 15:47:43.068584+00	\N	{"children": []}	\N	\N	\N	\N	2023-03-26 15:47:43.068569+00	\N
60	558811e1-d191-4f72-a4cc-02b0f5f2efc2	SUCCESS	application/json	utf-8	null	2023-03-26 15:48:43.070196+00	\N	{"children": []}	\N	\N	\N	\N	2023-03-26 15:48:43.070182+00	\N
61	584d9845-f9e2-4cda-befa-14ddcbddb962	SUCCESS	application/json	utf-8	null	2023-03-26 15:49:43.071556+00	\N	{"children": []}	\N	\N	\N	\N	2023-03-26 15:49:43.071542+00	\N
62	de1431f3-d77e-48ee-983a-6937b8385f1f	SUCCESS	application/json	utf-8	null	2023-03-26 15:50:43.072155+00	\N	{"children": []}	\N	\N	\N	\N	2023-03-26 15:50:43.072142+00	\N
63	ea9ade41-f46d-4511-9170-94e1e1f37e90	SUCCESS	application/json	utf-8	null	2023-03-26 15:51:43.076606+00	\N	{"children": []}	\N	\N	\N	\N	2023-03-26 15:51:43.076593+00	\N
64	088b3656-41d9-4bc5-85cf-d96126c1d5eb	SUCCESS	application/json	utf-8	null	2023-03-26 15:52:43.079664+00	\N	{"children": []}	\N	\N	\N	\N	2023-03-26 15:52:43.079651+00	\N
65	2c4f8add-26f4-4c35-b272-33fea723b6ca	SUCCESS	application/json	utf-8	null	2023-03-26 15:53:43.082525+00	\N	{"children": []}	\N	\N	\N	\N	2023-03-26 15:53:43.082511+00	\N
66	ff5fbd12-2439-44c4-9ab4-a840479dd457	SUCCESS	application/json	utf-8	null	2023-03-26 15:54:43.08324+00	\N	{"children": []}	\N	\N	\N	\N	2023-03-26 15:54:43.083229+00	\N
67	892b5b31-4b52-435c-9bb7-6988a58e031f	SUCCESS	application/json	utf-8	null	2023-03-26 15:55:43.085857+00	\N	{"children": []}	\N	\N	\N	\N	2023-03-26 15:55:43.085844+00	\N
68	f2eadbbf-171f-4c4e-ad97-040ddf183e9b	SUCCESS	application/json	utf-8	null	2023-03-26 15:56:43.087103+00	\N	{"children": []}	\N	\N	\N	\N	2023-03-26 15:56:43.08709+00	\N
69	c3cf298a-4b84-4958-be17-487e8d1c2121	SUCCESS	application/json	utf-8	null	2023-03-26 15:57:43.091826+00	\N	{"children": []}	\N	\N	\N	\N	2023-03-26 15:57:43.091814+00	\N
70	9a957afc-7d04-427b-b8f2-f0b2b62e14ff	SUCCESS	application/json	utf-8	null	2023-03-26 15:58:43.104895+00	\N	{"children": []}	\N	\N	\N	\N	2023-03-26 15:58:43.104864+00	\N
71	b2cc0562-3858-4018-9de7-77cccc0c5ba6	SUCCESS	application/json	utf-8	null	2023-03-26 15:59:43.102121+00	\N	{"children": []}	\N	\N	\N	\N	2023-03-26 15:59:43.102108+00	\N
72	0d42db49-45e9-47d0-a58e-f9451bc62b67	SUCCESS	application/json	utf-8	null	2023-03-26 16:00:43.104024+00	\N	{"children": []}	\N	\N	\N	\N	2023-03-26 16:00:43.104009+00	\N
73	81a00f94-ad7a-4036-8971-631b5e957ad5	SUCCESS	application/json	utf-8	null	2023-03-26 16:01:43.105387+00	\N	{"children": []}	\N	\N	\N	\N	2023-03-26 16:01:43.105373+00	\N
74	ba82f837-128a-4f9e-b4c1-6ddb618a1f1d	SUCCESS	application/json	utf-8	null	2023-03-26 16:02:43.107566+00	\N	{"children": []}	\N	\N	\N	\N	2023-03-26 16:02:43.10755+00	\N
75	52974c16-5bb8-460c-8182-e1714aa21203	SUCCESS	application/json	utf-8	null	2023-03-26 16:03:43.111067+00	\N	{"children": []}	\N	\N	\N	\N	2023-03-26 16:03:43.111049+00	\N
76	63bb0b4e-157b-4f29-8aa1-538d80f569ce	SUCCESS	application/json	utf-8	null	2023-03-26 16:04:43.111823+00	\N	{"children": []}	\N	\N	\N	\N	2023-03-26 16:04:43.11181+00	\N
77	7fa91960-f87e-43e9-9cb8-97fdad97cb27	SUCCESS	application/json	utf-8	null	2023-03-26 16:05:43.114231+00	\N	{"children": []}	\N	\N	\N	\N	2023-03-26 16:05:43.114217+00	\N
78	f2a3a7f0-21d8-462e-807a-a42b92a2d382	SUCCESS	application/json	utf-8	null	2023-03-26 16:06:43.118277+00	\N	{"children": []}	\N	\N	\N	\N	2023-03-26 16:06:43.118264+00	\N
79	efd02ace-7bfd-4033-ab09-df0d88757d29	SUCCESS	application/json	utf-8	null	2023-03-26 16:07:43.120676+00	\N	{"children": []}	\N	\N	\N	\N	2023-03-26 16:07:43.120659+00	\N
80	5bc559e8-7f45-45cb-9c36-19a6ce7ea284	SUCCESS	application/json	utf-8	null	2023-03-26 16:08:43.121153+00	\N	{"children": []}	\N	\N	\N	\N	2023-03-26 16:08:43.121139+00	\N
81	59c0948d-c585-406d-9f59-594db9ace88d	SUCCESS	application/json	utf-8	null	2023-03-26 16:09:43.122724+00	\N	{"children": []}	\N	\N	\N	\N	2023-03-26 16:09:43.12271+00	\N
82	55d62f3c-6f77-4e7b-ae41-e0b5b6ae6f87	SUCCESS	application/json	utf-8	null	2023-03-26 16:10:43.121207+00	\N	{"children": []}	\N	\N	\N	\N	2023-03-26 16:10:43.121193+00	\N
83	5d01ff47-1672-409d-874a-3864ddbf489f	SUCCESS	application/json	utf-8	null	2023-03-26 16:11:43.124838+00	\N	{"children": []}	\N	\N	\N	\N	2023-03-26 16:11:43.124824+00	\N
84	3a1b40e7-a4aa-4800-8be3-82d87c21dab0	SUCCESS	application/json	utf-8	null	2023-03-26 16:12:43.12986+00	\N	{"children": []}	\N	\N	\N	\N	2023-03-26 16:12:43.129846+00	\N
85	661fd29d-0ba7-4f5a-9fbc-840eb288358a	SUCCESS	application/json	utf-8	null	2023-03-26 16:13:43.132577+00	\N	{"children": []}	\N	\N	\N	\N	2023-03-26 16:13:43.132563+00	\N
86	1e16364a-f5fd-4dbc-ba48-b05af38217bc	SUCCESS	application/json	utf-8	null	2023-03-26 16:14:43.135635+00	\N	{"children": []}	\N	\N	\N	\N	2023-03-26 16:14:43.135621+00	\N
87	7663626c-1bec-4374-abc2-fde9438b42cc	SUCCESS	application/json	utf-8	null	2023-03-26 16:15:43.139892+00	\N	{"children": []}	\N	\N	\N	\N	2023-03-26 16:15:43.139879+00	\N
88	3c9fb235-0f90-4a9c-93f7-7969fd462b9c	SUCCESS	application/json	utf-8	null	2023-03-26 16:16:43.14101+00	\N	{"children": []}	\N	\N	\N	\N	2023-03-26 16:16:43.140998+00	\N
89	f7e37602-18e3-4c2b-b7cb-bb6d1dbb7b0a	SUCCESS	application/json	utf-8	null	2023-03-26 16:17:43.14289+00	\N	{"children": []}	\N	\N	\N	\N	2023-03-26 16:17:43.142876+00	\N
90	350546d5-0629-44a2-aef3-d78d10dff28c	SUCCESS	application/json	utf-8	null	2023-03-26 16:18:43.144005+00	\N	{"children": []}	\N	\N	\N	\N	2023-03-26 16:18:43.143991+00	\N
91	9d7aa8a6-d858-4f8c-b623-2d697cea5933	SUCCESS	application/json	utf-8	null	2023-03-26 16:19:43.146778+00	\N	{"children": []}	\N	\N	\N	\N	2023-03-26 16:19:43.146764+00	\N
92	92bf0e9b-3954-4395-8db0-30fb005703bd	SUCCESS	application/json	utf-8	null	2023-03-26 16:20:43.14838+00	\N	{"children": []}	\N	\N	\N	\N	2023-03-26 16:20:43.148367+00	\N
93	c331c51f-edcb-4a94-847d-525de4673999	SUCCESS	application/json	utf-8	null	2023-03-26 16:21:43.153684+00	\N	{"children": []}	\N	\N	\N	\N	2023-03-26 16:21:43.15367+00	\N
94	28f272b2-e3c0-4c4d-9449-021c371d5118	SUCCESS	application/json	utf-8	null	2023-03-26 16:22:43.157103+00	\N	{"children": []}	\N	\N	\N	\N	2023-03-26 16:22:43.157089+00	\N
95	c486bc1a-3a01-4ba1-9319-804f0a5f658a	SUCCESS	application/json	utf-8	null	2023-03-26 16:23:43.159503+00	\N	{"children": []}	\N	\N	\N	\N	2023-03-26 16:23:43.159486+00	\N
96	b8ca9f84-ddb1-47cd-8976-0e052cff48d3	SUCCESS	application/json	utf-8	null	2023-03-26 16:24:43.161029+00	\N	{"children": []}	\N	\N	\N	\N	2023-03-26 16:24:43.161014+00	\N
97	93a47d8c-0dc6-410f-b471-fc221b840a3f	SUCCESS	application/json	utf-8	null	2023-03-26 16:25:43.162448+00	\N	{"children": []}	\N	\N	\N	\N	2023-03-26 16:25:43.162434+00	\N
98	fd92d4d6-1d34-4591-b6e6-b0637c19eafc	SUCCESS	application/json	utf-8	null	2023-03-26 16:26:43.164673+00	\N	{"children": []}	\N	\N	\N	\N	2023-03-26 16:26:43.164658+00	\N
99	23eba9cf-3095-4342-aa13-c371d1515977	SUCCESS	application/json	utf-8	null	2023-03-26 16:27:43.178137+00	\N	{"children": []}	\N	\N	\N	\N	2023-03-26 16:27:43.178123+00	\N
100	ee038d46-976b-40d7-b528-4aeaf7a7185b	SUCCESS	application/json	utf-8	null	2023-03-26 16:28:43.182861+00	\N	{"children": []}	\N	\N	\N	\N	2023-03-26 16:28:43.182848+00	\N
101	cc000490-d8cb-4922-9a05-b7df256fb07f	SUCCESS	application/json	utf-8	null	2023-03-26 16:29:43.183374+00	\N	{"children": []}	\N	\N	\N	\N	2023-03-26 16:29:43.18336+00	\N
102	33382687-dd68-4087-a32d-3bf472af44e3	SUCCESS	application/json	utf-8	null	2023-03-26 16:30:43.196256+00	\N	{"children": []}	\N	\N	\N	\N	2023-03-26 16:30:43.196242+00	\N
103	5ea91927-12db-42ad-9146-1f1a5546075c	SUCCESS	application/json	utf-8	null	2023-03-26 16:31:43.199208+00	\N	{"children": []}	\N	\N	\N	\N	2023-03-26 16:31:43.199194+00	\N
104	6a0a7397-c7ff-44af-a5e4-92c061e60d0d	SUCCESS	application/json	utf-8	null	2023-03-26 16:32:43.204448+00	\N	{"children": []}	\N	\N	\N	\N	2023-03-26 16:32:43.204421+00	\N
105	26c7e5af-183a-4aef-b357-9b3d5e3a6835	SUCCESS	application/json	utf-8	null	2023-03-26 16:33:43.229467+00	\N	{"children": []}	\N	\N	\N	\N	2023-03-26 16:33:43.229449+00	\N
106	3ded9f52-2ea7-4da8-b853-2a36676846fd	SUCCESS	application/json	utf-8	null	2023-03-26 16:34:43.222813+00	\N	{"children": []}	\N	\N	\N	\N	2023-03-26 16:34:43.222799+00	\N
107	12ebd8a7-52b3-4fa4-a810-cbdbea722bd6	SUCCESS	application/json	utf-8	null	2023-03-26 16:35:43.223961+00	\N	{"children": []}	\N	\N	\N	\N	2023-03-26 16:35:43.223947+00	\N
108	f2e08261-c836-49ef-b0d0-656cca5b04b4	SUCCESS	application/json	utf-8	null	2023-03-26 16:36:43.232747+00	\N	{"children": []}	\N	\N	\N	\N	2023-03-26 16:36:43.232735+00	\N
109	cf99d95e-3a6d-47e0-9989-8ce4e7830938	SUCCESS	application/json	utf-8	null	2023-03-26 16:37:43.236617+00	\N	{"children": []}	\N	\N	\N	\N	2023-03-26 16:37:43.236604+00	\N
110	87678080-adc6-4324-8858-83ac19fe0ad8	SUCCESS	application/json	utf-8	null	2023-03-26 16:38:43.238927+00	\N	{"children": []}	\N	\N	\N	\N	2023-03-26 16:38:43.238913+00	\N
111	c1510fba-5ac6-4429-b8c9-7bdb5788682b	SUCCESS	application/json	utf-8	null	2023-03-26 16:39:43.249955+00	\N	{"children": []}	\N	\N	\N	\N	2023-03-26 16:39:43.249941+00	\N
112	71d00bcc-2a84-4a20-8faf-1f0ce284fce1	SUCCESS	application/json	utf-8	null	2023-03-26 16:40:43.254244+00	\N	{"children": []}	\N	\N	\N	\N	2023-03-26 16:40:43.254231+00	\N
113	35e735e4-c51a-4c52-8fa3-3a4515dd9464	SUCCESS	application/json	utf-8	null	2023-03-26 16:41:43.255086+00	\N	{"children": []}	\N	\N	\N	\N	2023-03-26 16:41:43.255072+00	\N
114	f30fb52e-9326-4e4c-afff-c36dd9395239	SUCCESS	application/json	utf-8	null	2023-03-26 16:42:43.265688+00	\N	{"children": []}	\N	\N	\N	\N	2023-03-26 16:42:43.265677+00	\N
115	ca8f1a0c-f678-4b39-b899-f578c309e91e	SUCCESS	application/json	utf-8	null	2023-03-26 16:43:43.271482+00	\N	{"children": []}	\N	\N	\N	\N	2023-03-26 16:43:43.271471+00	\N
116	b8a63ba0-58eb-4bb4-9773-e6380a2e5f81	SUCCESS	application/json	utf-8	null	2023-03-26 16:44:43.275458+00	\N	{"children": []}	\N	\N	\N	\N	2023-03-26 16:44:43.275446+00	\N
117	f3faaaf2-8b62-4546-9c80-bd71468582d2	SUCCESS	application/json	utf-8	null	2023-03-26 16:45:43.28244+00	\N	{"children": []}	\N	\N	\N	\N	2023-03-26 16:45:43.282429+00	\N
118	b86713b4-e5b6-4768-86b3-4cc1c958f8ff	SUCCESS	application/json	utf-8	null	2023-03-26 16:46:43.291709+00	\N	{"children": []}	\N	\N	\N	\N	2023-03-26 16:46:43.291697+00	\N
119	fa82e176-7aa2-40c5-98e7-38f7b5c5054d	SUCCESS	application/json	utf-8	null	2023-03-26 16:47:43.296934+00	\N	{"children": []}	\N	\N	\N	\N	2023-03-26 16:47:43.29692+00	\N
120	056890fd-db2c-434c-9232-504e1f787c86	SUCCESS	application/json	utf-8	null	2023-03-26 16:48:43.301602+00	\N	{"children": []}	\N	\N	\N	\N	2023-03-26 16:48:43.301589+00	\N
121	a811f7f3-84af-4b31-b6a4-54e02049dd4f	SUCCESS	application/json	utf-8	null	2023-03-26 16:49:43.306551+00	\N	{"children": []}	\N	\N	\N	\N	2023-03-26 16:49:43.306536+00	\N
122	a93ffb86-3c68-46fc-82fa-0c3e63dbb1a2	SUCCESS	application/json	utf-8	null	2023-03-26 16:50:43.309301+00	\N	{"children": []}	\N	\N	\N	\N	2023-03-26 16:50:43.309286+00	\N
123	9e841892-9e8b-402c-8e5f-154bc9dc7780	SUCCESS	application/json	utf-8	null	2023-03-26 16:51:43.308949+00	\N	{"children": []}	\N	\N	\N	\N	2023-03-26 16:51:43.308934+00	\N
124	7ceb4639-190a-4d0e-8163-d1b95aca4e04	SUCCESS	application/json	utf-8	null	2023-03-26 16:52:43.324083+00	\N	{"children": []}	\N	\N	\N	\N	2023-03-26 16:52:43.324069+00	\N
125	56c418b3-bfd1-4a92-a275-26d388ff82c6	SUCCESS	application/json	utf-8	null	2023-03-26 16:53:43.32028+00	\N	{"children": []}	\N	\N	\N	\N	2023-03-26 16:53:43.320268+00	\N
126	4cc2433d-7b90-4f73-a762-4b8775c32847	SUCCESS	application/json	utf-8	null	2023-03-26 17:23:40.448887+00	\N	{"children": []}	\N	\N	\N	\N	2023-03-26 17:23:40.448865+00	\N
127	b521f2f5-107c-402f-847b-130c12f09b88	SUCCESS	application/json	utf-8	null	2023-03-26 17:24:40.460952+00	\N	{"children": []}	\N	\N	\N	\N	2023-03-26 17:24:40.460906+00	\N
128	9bd27ae3-9251-4f29-922b-7bb067a3bd77	SUCCESS	application/json	utf-8	null	2023-03-26 17:25:40.465613+00	\N	{"children": []}	\N	\N	\N	\N	2023-03-26 17:25:40.46558+00	\N
129	fcb24b40-979c-4bc0-bd7b-642496d9c63c	SUCCESS	application/json	utf-8	null	2023-03-26 17:26:40.449384+00	\N	{"children": []}	\N	\N	\N	\N	2023-03-26 17:26:40.449368+00	\N
130	fd074b03-3484-449b-83ff-6053aa217000	SUCCESS	application/json	utf-8	null	2023-03-26 17:27:40.449858+00	\N	{"children": []}	\N	\N	\N	\N	2023-03-26 17:27:40.449847+00	\N
131	73883724-795b-45be-9c38-c823fd96a8a5	SUCCESS	application/json	utf-8	null	2023-03-26 17:45:16.280713+00	\N	{"children": []}	\N	\N	\N	\N	2023-03-26 17:45:16.280697+00	\N
132	a10ba2e4-b558-4b3f-b7ba-37f0d39217e1	SUCCESS	application/json	utf-8	null	2023-03-26 18:03:27.261708+00	\N	{"children": []}	\N	\N	\N	\N	2023-03-26 18:03:27.261694+00	\N
133	81bfaf54-2afd-4df3-ba17-0a9ecd4c359b	SUCCESS	application/json	utf-8	null	2023-03-26 18:19:55.244141+00	\N	{"children": []}	\N	\N	\N	\N	2023-03-26 18:19:55.244114+00	\N
134	7481f27b-8ec1-4ebf-af57-34ff195f805d	SUCCESS	application/json	utf-8	null	2023-03-26 18:42:09.213246+00	\N	{"children": []}	\N	\N	\N	\N	2023-03-26 18:42:09.213233+00	\N
135	54ed887e-a952-487b-85db-4087832c2a4f	SUCCESS	application/json	utf-8	null	2023-03-26 18:58:34.523241+00	\N	{"children": []}	\N	\N	\N	\N	2023-03-26 18:58:34.52323+00	\N
136	678d3596-8d40-4ba2-aea6-a91f551abc3c	SUCCESS	application/json	utf-8	null	2023-03-26 19:16:16.2013+00	\N	{"children": []}	\N	\N	\N	\N	2023-03-26 19:16:16.201256+00	\N
137	57cc92e5-bc44-4a92-bc3c-caf55d00eedc	SUCCESS	application/json	utf-8	null	2023-03-26 20:33:41.189547+00	\N	{"children": []}	\N	\N	\N	\N	2023-03-26 20:33:41.189534+00	\N
138	b9699e14-cd07-4924-ab2a-d83269496e82	SUCCESS	application/json	utf-8	null	2023-03-26 20:50:39.547008+00	\N	{"children": []}	\N	\N	\N	\N	2023-03-26 20:50:39.546996+00	\N
139	c5496e64-0870-4bb3-ae88-9997db666b73	SUCCESS	application/json	utf-8	null	2023-03-26 21:08:05.15168+00	\N	{"children": []}	\N	\N	\N	\N	2023-03-26 21:08:05.151667+00	\N
140	d0168c1d-4ec6-4394-9375-17c8bc755c1c	SUCCESS	application/json	utf-8	null	2023-03-26 21:44:12.131276+00	\N	{"children": []}	\N	\N	\N	\N	2023-03-26 21:44:12.131262+00	\N
141	015ad09f-6066-448c-a2e4-2e67cd9fac8a	SUCCESS	application/json	utf-8	null	2023-03-26 22:44:44.406386+00	\N	{"children": []}	\N	\N	\N	\N	2023-03-26 22:44:44.406375+00	\N
142	81cf446c-dcfd-4fff-98d3-ed66dbac2d2c	SUCCESS	application/json	utf-8	null	2023-03-26 23:19:16.843122+00	\N	{"children": []}	\N	\N	\N	\N	2023-03-26 23:19:16.843109+00	\N
143	dbeb82ab-d9ef-432f-a4f8-ffa6635a21b8	SUCCESS	application/json	utf-8	null	2023-03-26 23:20:16.845182+00	\N	{"children": []}	\N	\N	\N	\N	2023-03-26 23:20:16.845168+00	\N
144	8f9f16d3-1859-4564-b87a-ce4640eb9c4b	SUCCESS	application/json	utf-8	null	2023-03-26 23:21:16.849291+00	\N	{"children": []}	\N	\N	\N	\N	2023-03-26 23:21:16.849277+00	\N
145	c43c1b74-e95a-4154-bc12-b78b77f6296e	SUCCESS	application/json	utf-8	null	2023-03-26 23:22:16.849001+00	\N	{"children": []}	\N	\N	\N	\N	2023-03-26 23:22:16.848986+00	\N
146	90b9b724-5efd-4f7a-93f6-b7f93ee5ce94	SUCCESS	application/json	utf-8	null	2023-03-26 23:23:16.853305+00	\N	{"children": []}	\N	\N	\N	\N	2023-03-26 23:23:16.853292+00	\N
147	be3965e2-4fb9-44fc-862a-2e03511af56e	SUCCESS	application/json	utf-8	null	2023-03-26 23:24:16.856898+00	\N	{"children": []}	\N	\N	\N	\N	2023-03-26 23:24:16.856885+00	\N
148	19676959-8abc-40fc-874e-df2f263e24b7	SUCCESS	application/json	utf-8	null	2023-03-26 23:25:16.857647+00	\N	{"children": []}	\N	\N	\N	\N	2023-03-26 23:25:16.857635+00	\N
149	fd01fd80-ded8-4699-9381-0d112c730117	SUCCESS	application/json	utf-8	null	2023-03-26 23:26:16.86045+00	\N	{"children": []}	\N	\N	\N	\N	2023-03-26 23:26:16.860435+00	\N
150	401ec1a3-038f-4238-a064-78e074ca8e55	SUCCESS	application/json	utf-8	null	2023-03-26 23:27:16.865147+00	\N	{"children": []}	\N	\N	\N	\N	2023-03-26 23:27:16.865129+00	\N
151	4761c4c9-63f2-4838-a47d-99eecd861f5f	SUCCESS	application/json	utf-8	null	2023-03-26 23:28:16.86525+00	\N	{"children": []}	\N	\N	\N	\N	2023-03-26 23:28:16.865236+00	\N
152	b1042a4d-1651-465e-b986-82dcb6736c03	SUCCESS	application/json	utf-8	null	2023-03-26 23:29:16.873647+00	\N	{"children": []}	\N	\N	\N	\N	2023-03-26 23:29:16.873633+00	\N
153	bc7c548f-d1d5-41a2-b053-5c9f1fbcf97f	SUCCESS	application/json	utf-8	null	2023-03-26 23:34:01.480143+00	\N	{"children": []}	\N	\N	\N	\N	2023-03-26 23:34:01.480132+00	\N
154	45931510-7df7-4902-8b9c-43f11ed43cb6	SUCCESS	application/json	utf-8	null	2023-03-26 23:35:01.486199+00	\N	{"children": []}	\N	\N	\N	\N	2023-03-26 23:35:01.486182+00	\N
155	d77a1972-a261-4cf5-8f39-e2eaa3893bb1	SUCCESS	application/json	utf-8	null	2023-03-26 23:36:01.490523+00	\N	{"children": []}	\N	\N	\N	\N	2023-03-26 23:36:01.490509+00	\N
156	58becb77-7e40-4a8a-bbac-40d2a9982975	SUCCESS	application/json	utf-8	null	2023-03-26 23:37:01.492346+00	\N	{"children": []}	\N	\N	\N	\N	2023-03-26 23:37:01.49233+00	\N
157	81039ab3-69b3-435d-afbf-6318caf49bae	SUCCESS	application/json	utf-8	null	2023-03-26 23:38:01.493714+00	\N	{"children": []}	\N	\N	\N	\N	2023-03-26 23:38:01.493696+00	\N
158	3ac20298-ed3d-4cc2-b1ac-2c9dd1744488	SUCCESS	application/json	utf-8	null	2023-03-26 23:39:01.494952+00	\N	{"children": []}	\N	\N	\N	\N	2023-03-26 23:39:01.494937+00	\N
159	919be2d2-c7d6-414f-9106-83038551cd7c	SUCCESS	application/json	utf-8	null	2023-03-26 23:40:01.497408+00	\N	{"children": []}	\N	\N	\N	\N	2023-03-26 23:40:01.497395+00	\N
160	32516716-62af-4456-82dd-55eda8bcf896	SUCCESS	application/json	utf-8	null	2023-03-26 23:41:01.508384+00	\N	{"children": []}	\N	\N	\N	\N	2023-03-26 23:41:01.508366+00	\N
161	3a859640-9753-4ea5-8a45-b0f9e1b7524d	SUCCESS	application/json	utf-8	null	2023-03-26 23:42:01.507724+00	\N	{"children": []}	\N	\N	\N	\N	2023-03-26 23:42:01.507711+00	\N
162	c7b6f11d-765e-4365-98d8-920677316b2d	SUCCESS	application/json	utf-8	null	2023-03-26 23:43:01.511735+00	\N	{"children": []}	\N	\N	\N	\N	2023-03-26 23:43:01.511713+00	\N
163	75d297da-47b4-4fbb-8c99-e369aff3a8ee	SUCCESS	application/json	utf-8	null	2023-03-26 23:44:01.513656+00	\N	{"children": []}	\N	\N	\N	\N	2023-03-26 23:44:01.513642+00	\N
164	b3708724-0130-48db-976a-fcf0e4474476	SUCCESS	application/json	utf-8	null	2023-03-26 23:45:01.537075+00	\N	{"children": []}	\N	\N	\N	\N	2023-03-26 23:45:01.537056+00	\N
165	00c469de-346a-4025-8a57-de6a19f4bf95	SUCCESS	application/json	utf-8	null	2023-03-26 23:49:52.846177+00	\N	{"children": []}	\N	\N	\N	\N	2023-03-26 23:49:52.846163+00	\N
166	e049106e-7f65-43a3-8059-72565ab0efd9	SUCCESS	application/json	utf-8	null	2023-03-26 23:51:04.179683+00	\N	{"children": []}	\N	\N	\N	\N	2023-03-26 23:51:04.179664+00	\N
167	e6710abd-3086-4efa-813b-880bec325ea0	SUCCESS	application/json	utf-8	null	2023-03-26 23:52:04.178137+00	\N	{"children": []}	\N	\N	\N	\N	2023-03-26 23:52:04.178124+00	\N
168	024d6ad3-6f6b-4879-a65c-5ce422f801ff	SUCCESS	application/json	utf-8	null	2023-03-26 23:53:04.185021+00	\N	{"children": []}	\N	\N	\N	\N	2023-03-26 23:53:04.185007+00	\N
169	a6e27a80-36f6-414d-9810-d60f36616946	SUCCESS	application/json	utf-8	null	2023-03-27 00:12:20.884028+00	\N	{"children": []}	\N	\N	\N	\N	2023-03-27 00:12:20.884016+00	\N
170	88cf36cb-69fd-48cc-8a87-10ccf08810ef	SUCCESS	application/json	utf-8	null	2023-03-27 00:14:16.138388+00	\N	{"children": []}	\N	\N	\N	\N	2023-03-27 00:14:16.138374+00	\N
171	926d7eb3-6b29-4e31-bded-e0e90df620fe	SUCCESS	application/json	utf-8	null	2023-03-27 00:15:15.81423+00	\N	{"children": []}	\N	\N	\N	\N	2023-03-27 00:15:15.814217+00	\N
172	c7461aae-a67a-4480-8118-70061b87603c	SUCCESS	application/json	utf-8	null	2023-03-27 00:16:15.820102+00	\N	{"children": []}	\N	\N	\N	\N	2023-03-27 00:16:15.820089+00	\N
173	e2daa39c-b0ca-456f-aa81-954ded56bb6d	SUCCESS	application/json	utf-8	null	2023-03-27 00:17:15.821704+00	\N	{"children": []}	\N	\N	\N	\N	2023-03-27 00:17:15.821694+00	\N
174	b1c38ced-a1fa-43db-999e-6122ca94b1f0	SUCCESS	application/json	utf-8	null	2023-03-27 00:18:42.986025+00	\N	{"children": []}	\N	\N	\N	\N	2023-03-27 00:18:42.986013+00	\N
175	584fa2c0-e552-45a5-83fb-77f128a53a92	SUCCESS	application/json	utf-8	null	2023-03-27 00:19:42.982705+00	\N	{"children": []}	\N	\N	\N	\N	2023-03-27 00:19:42.982693+00	\N
176	a2ff77e0-9a3d-4040-9775-da88023597c1	SUCCESS	application/json	utf-8	null	2023-03-27 00:20:42.982968+00	\N	{"children": []}	\N	\N	\N	\N	2023-03-27 00:20:42.982957+00	\N
177	315219f9-e020-4081-b3b5-995a6b06d4ac	SUCCESS	application/json	utf-8	null	2023-03-27 00:21:42.983936+00	\N	{"children": []}	\N	\N	\N	\N	2023-03-27 00:21:42.983923+00	\N
178	dda7838c-0150-4f97-b8d1-cac0d54cd4a1	SUCCESS	application/json	utf-8	null	2023-03-27 00:22:42.98628+00	\N	{"children": []}	\N	\N	\N	\N	2023-03-27 00:22:42.986268+00	\N
179	65795800-5d34-4b38-9424-a0a84651f5fc	SUCCESS	application/json	utf-8	null	2023-03-27 00:23:42.991096+00	\N	{"children": []}	\N	\N	\N	\N	2023-03-27 00:23:42.991085+00	\N
180	995a7b2b-4130-4932-8813-8d30320e6355	SUCCESS	application/json	utf-8	null	2023-03-27 00:24:42.999922+00	\N	{"children": []}	\N	\N	\N	\N	2023-03-27 00:24:42.999909+00	\N
181	396e9bb2-3990-45b6-82e6-011fece3309f	SUCCESS	application/json	utf-8	null	2023-03-27 00:25:43.005282+00	\N	{"children": []}	\N	\N	\N	\N	2023-03-27 00:25:43.005268+00	\N
182	5c0ee934-5ba3-4a7e-8388-e7c5b55643e1	SUCCESS	application/json	utf-8	null	2023-03-27 00:26:43.013935+00	\N	{"children": []}	\N	\N	\N	\N	2023-03-27 00:26:43.013921+00	\N
183	8afe7d98-b92d-4f26-a69c-a985a228e35e	SUCCESS	application/json	utf-8	null	2023-03-27 00:27:43.014908+00	\N	{"children": []}	\N	\N	\N	\N	2023-03-27 00:27:43.014895+00	\N
184	41f8ce14-4382-40da-a55f-7ee37cdacd22	SUCCESS	application/json	utf-8	null	2023-03-27 00:28:43.020661+00	\N	{"children": []}	\N	\N	\N	\N	2023-03-27 00:28:43.020647+00	\N
185	ce6b62ce-a799-4929-8aba-cca6a42e51fd	SUCCESS	application/json	utf-8	null	2023-03-27 00:29:43.024653+00	\N	{"children": []}	\N	\N	\N	\N	2023-03-27 00:29:43.024639+00	\N
186	6d33e217-6883-4f70-a27a-a3485e9296f5	SUCCESS	application/json	utf-8	null	2023-03-27 00:30:43.026687+00	\N	{"children": []}	\N	\N	\N	\N	2023-03-27 00:30:43.026668+00	\N
187	34041a4a-6a64-4baf-8d56-69d54ab44c44	SUCCESS	application/json	utf-8	null	2023-03-27 00:31:43.03036+00	\N	{"children": []}	\N	\N	\N	\N	2023-03-27 00:31:43.030346+00	\N
188	903c738b-5632-4fff-80d5-9388c0d1770c	SUCCESS	application/json	utf-8	null	2023-03-27 00:32:43.031236+00	\N	{"children": []}	\N	\N	\N	\N	2023-03-27 00:32:43.031222+00	\N
189	df70c605-3757-4cdc-a6ad-b9d24077a531	SUCCESS	application/json	utf-8	null	2023-03-27 00:33:43.032714+00	\N	{"children": []}	\N	\N	\N	\N	2023-03-27 00:33:43.032703+00	\N
190	24f46f1e-ba49-4cb4-bbc9-03b1ea878584	SUCCESS	application/json	utf-8	null	2023-03-27 00:34:43.036747+00	\N	{"children": []}	\N	\N	\N	\N	2023-03-27 00:34:43.036733+00	\N
191	a4aa088b-7005-4cdd-86f6-1e7f80685126	SUCCESS	application/json	utf-8	null	2023-03-27 00:35:43.039124+00	\N	{"children": []}	\N	\N	\N	\N	2023-03-27 00:35:43.039109+00	\N
192	1f7078d8-19a1-46a0-ae9f-dd351d4b536f	SUCCESS	application/json	utf-8	null	2023-03-27 00:36:43.046048+00	\N	{"children": []}	\N	\N	\N	\N	2023-03-27 00:36:43.046033+00	\N
193	c367739a-3d78-4594-b5b4-62344c73db77	SUCCESS	application/json	utf-8	null	2023-03-27 00:37:43.044838+00	\N	{"children": []}	\N	\N	\N	\N	2023-03-27 00:37:43.044823+00	\N
194	558b76d1-65af-4544-a7f9-d093d900a6aa	SUCCESS	application/json	utf-8	null	2023-03-27 00:38:43.046722+00	\N	{"children": []}	\N	\N	\N	\N	2023-03-27 00:38:43.046709+00	\N
195	50448a96-fb70-4579-ac91-66fe9ba16469	SUCCESS	application/json	utf-8	null	2023-03-27 00:39:43.050445+00	\N	{"children": []}	\N	\N	\N	\N	2023-03-27 00:39:43.050432+00	\N
196	55d91066-a07f-4526-b1d4-fc2949e948f9	SUCCESS	application/json	utf-8	null	2023-03-27 00:40:43.048558+00	\N	{"children": []}	\N	\N	\N	\N	2023-03-27 00:40:43.048546+00	\N
197	c562c4d1-32fa-4f4a-9656-4a0ac324395a	SUCCESS	application/json	utf-8	null	2023-03-27 00:41:43.053669+00	\N	{"children": []}	\N	\N	\N	\N	2023-03-27 00:41:43.053656+00	\N
198	184bb7db-bf3a-46a1-9a77-e6bec95b3bb5	SUCCESS	application/json	utf-8	null	2023-03-27 00:42:43.053599+00	\N	{"children": []}	\N	\N	\N	\N	2023-03-27 00:42:43.053585+00	\N
199	71d9060b-c287-4fec-a213-f96978939044	SUCCESS	application/json	utf-8	null	2023-03-27 00:43:43.054937+00	\N	{"children": []}	\N	\N	\N	\N	2023-03-27 00:43:43.054923+00	\N
200	9d657ed6-86af-461d-b701-f643d6cfaa69	SUCCESS	application/json	utf-8	null	2023-03-27 00:44:43.056021+00	\N	{"children": []}	\N	\N	\N	\N	2023-03-27 00:44:43.056008+00	\N
201	e8360677-1ed1-43e9-8c3d-2482a340b014	SUCCESS	application/json	utf-8	null	2023-03-27 00:45:43.057139+00	\N	{"children": []}	\N	\N	\N	\N	2023-03-27 00:45:43.057125+00	\N
202	199c7173-d962-47a7-8165-5c802d72749c	SUCCESS	application/json	utf-8	null	2023-03-27 00:46:43.059133+00	\N	{"children": []}	\N	\N	\N	\N	2023-03-27 00:46:43.05912+00	\N
203	80380950-4f4c-47d5-bcfa-ad9471e9f43b	SUCCESS	application/json	utf-8	null	2023-03-27 00:47:43.060595+00	\N	{"children": []}	\N	\N	\N	\N	2023-03-27 00:47:43.060584+00	\N
204	8f22d473-bfb5-4cb8-9225-d53c37739670	SUCCESS	application/json	utf-8	null	2023-03-27 00:48:43.068169+00	\N	{"children": []}	\N	\N	\N	\N	2023-03-27 00:48:43.068156+00	\N
205	df2460c8-4928-4d92-94f9-1db1adbc30ba	SUCCESS	application/json	utf-8	null	2023-03-27 00:49:43.069023+00	\N	{"children": []}	\N	\N	\N	\N	2023-03-27 00:49:43.069009+00	\N
206	6cdaa796-d51b-41d2-9d1e-15d1e523ab97	SUCCESS	application/json	utf-8	null	2023-03-27 00:50:43.072693+00	\N	{"children": []}	\N	\N	\N	\N	2023-03-27 00:50:43.07268+00	\N
207	75dd1df1-eee5-49be-bc2f-f3f44908ecde	SUCCESS	application/json	utf-8	null	2023-03-27 00:51:43.074102+00	\N	{"children": []}	\N	\N	\N	\N	2023-03-27 00:51:43.074087+00	\N
208	696f8aed-870c-47b4-9135-c0dc055b8c39	SUCCESS	application/json	utf-8	null	2023-03-27 00:52:43.079152+00	\N	{"children": []}	\N	\N	\N	\N	2023-03-27 00:52:43.079137+00	\N
209	6a4692fc-c2c2-4664-a78c-ee05e78db89e	SUCCESS	application/json	utf-8	null	2023-03-27 00:53:43.078411+00	\N	{"children": []}	\N	\N	\N	\N	2023-03-27 00:53:43.078399+00	\N
210	4d0498d2-2328-4cc8-b167-66b2c312f1a7	SUCCESS	application/json	utf-8	null	2023-03-27 00:54:43.084814+00	\N	{"children": []}	\N	\N	\N	\N	2023-03-27 00:54:43.084799+00	\N
211	7e645c21-0a7e-456f-824a-231f429fca3c	SUCCESS	application/json	utf-8	null	2023-03-27 00:55:43.08827+00	\N	{"children": []}	\N	\N	\N	\N	2023-03-27 00:55:43.088255+00	\N
212	ba0f33f5-6dec-48c0-bafa-11f190cbe9c7	SUCCESS	application/json	utf-8	null	2023-03-27 00:56:43.098124+00	\N	{"children": []}	\N	\N	\N	\N	2023-03-27 00:56:43.098111+00	\N
213	a6059cc6-c4b0-4bea-ac86-5d7c72d2a96a	SUCCESS	application/json	utf-8	null	2023-03-27 00:57:43.098831+00	\N	{"children": []}	\N	\N	\N	\N	2023-03-27 00:57:43.098817+00	\N
214	d19d3bdc-feb6-4737-be85-2d00916496c7	SUCCESS	application/json	utf-8	null	2023-03-27 00:58:43.099535+00	\N	{"children": []}	\N	\N	\N	\N	2023-03-27 00:58:43.099522+00	\N
215	9be43cd7-a31d-4aaf-a856-a2a61e7685c8	SUCCESS	application/json	utf-8	null	2023-03-27 00:59:43.103469+00	\N	{"children": []}	\N	\N	\N	\N	2023-03-27 00:59:43.103454+00	\N
216	6a20881a-66a2-45a0-a137-c357ada52f29	SUCCESS	application/json	utf-8	null	2023-03-27 01:00:43.107639+00	\N	{"children": []}	\N	\N	\N	\N	2023-03-27 01:00:43.107625+00	\N
217	f71257c9-c2dd-4b6f-84e9-054bf4bde6d5	SUCCESS	application/json	utf-8	null	2023-03-27 01:01:43.116169+00	\N	{"children": []}	\N	\N	\N	\N	2023-03-27 01:01:43.116155+00	\N
218	6b7ae093-f1b1-4413-b309-2a90669d8fe2	SUCCESS	application/json	utf-8	null	2023-03-27 01:02:43.117349+00	\N	{"children": []}	\N	\N	\N	\N	2023-03-27 01:02:43.117335+00	\N
219	99db8409-e7df-4d26-b78a-902d942f05a0	SUCCESS	application/json	utf-8	null	2023-03-27 01:03:43.118682+00	\N	{"children": []}	\N	\N	\N	\N	2023-03-27 01:03:43.118668+00	\N
220	5aa08b4e-cddc-497b-9c23-86ed7d177f20	SUCCESS	application/json	utf-8	null	2023-03-27 01:04:43.124082+00	\N	{"children": []}	\N	\N	\N	\N	2023-03-27 01:04:43.124069+00	\N
221	b53bc42a-820c-4813-a935-e0da3c39ce8e	SUCCESS	application/json	utf-8	null	2023-03-27 01:05:43.123809+00	\N	{"children": []}	\N	\N	\N	\N	2023-03-27 01:05:43.123797+00	\N
222	fe5e121b-1be7-459e-a829-13b8cf01acd2	SUCCESS	application/json	utf-8	null	2023-03-27 01:06:43.128202+00	\N	{"children": []}	\N	\N	\N	\N	2023-03-27 01:06:43.128188+00	\N
223	4a4f22c5-d144-4208-98e6-00962ef10a2f	SUCCESS	application/json	utf-8	null	2023-03-27 01:07:43.129256+00	\N	{"children": []}	\N	\N	\N	\N	2023-03-27 01:07:43.129242+00	\N
224	3e5cda8c-9967-42a2-b536-8d1d6f60f8bd	SUCCESS	application/json	utf-8	null	2023-03-27 01:08:43.142623+00	\N	{"children": []}	\N	\N	\N	\N	2023-03-27 01:08:43.142609+00	\N
225	9f308d0a-88a1-44a6-8460-d6f19ea0bb76	SUCCESS	application/json	utf-8	null	2023-03-27 01:09:43.147427+00	\N	{"children": []}	\N	\N	\N	\N	2023-03-27 01:09:43.147413+00	\N
226	89953c1c-fb9b-49ee-84ab-1871f3ac0011	SUCCESS	application/json	utf-8	null	2023-03-27 01:10:43.151631+00	\N	{"children": []}	\N	\N	\N	\N	2023-03-27 01:10:43.151619+00	\N
227	e448422e-0105-4ef1-887b-3dd599a3ece9	SUCCESS	application/json	utf-8	null	2023-03-27 01:11:43.161366+00	\N	{"children": []}	\N	\N	\N	\N	2023-03-27 01:11:43.161352+00	\N
228	bf24c3a4-ba2d-4d00-97ec-134a3c852f29	SUCCESS	application/json	utf-8	null	2023-03-27 01:12:43.165746+00	\N	{"children": []}	\N	\N	\N	\N	2023-03-27 01:12:43.165733+00	\N
229	b8e8a32b-9bcd-4fb0-90ff-fe4740d6b8a0	SUCCESS	application/json	utf-8	null	2023-03-27 01:13:43.16898+00	\N	{"children": []}	\N	\N	\N	\N	2023-03-27 01:13:43.168966+00	\N
230	a0b02edc-d622-4ce0-8aa2-3503cac9b3e4	SUCCESS	application/json	utf-8	null	2023-03-27 01:14:43.178451+00	\N	{"children": []}	\N	\N	\N	\N	2023-03-27 01:14:43.178438+00	\N
231	7abccfc8-e5f7-4b59-b6f4-b6c589a40ac7	SUCCESS	application/json	utf-8	null	2023-03-27 01:15:43.182467+00	\N	{"children": []}	\N	\N	\N	\N	2023-03-27 01:15:43.182453+00	\N
232	c60910dc-1e2f-40b9-877c-a70e4957c86e	SUCCESS	application/json	utf-8	null	2023-03-27 01:16:43.186815+00	\N	{"children": []}	\N	\N	\N	\N	2023-03-27 01:16:43.186801+00	\N
233	7c41653a-c47a-444a-9ab9-e128eb650b63	SUCCESS	application/json	utf-8	null	2023-03-27 01:17:43.199214+00	\N	{"children": []}	\N	\N	\N	\N	2023-03-27 01:17:43.1992+00	\N
234	b53ffb0f-5fab-4661-bdf4-a08633f58c97	SUCCESS	application/json	utf-8	null	2023-03-27 01:18:43.202864+00	\N	{"children": []}	\N	\N	\N	\N	2023-03-27 01:18:43.202849+00	\N
235	14e95a4b-dfec-494f-a6e6-ab6f025553dd	SUCCESS	application/json	utf-8	null	2023-03-27 01:19:43.207261+00	\N	{"children": []}	\N	\N	\N	\N	2023-03-27 01:19:43.207247+00	\N
236	1c309922-cb54-4173-b489-42fcce68c0fd	SUCCESS	application/json	utf-8	null	2023-03-27 01:20:43.219473+00	\N	{"children": []}	\N	\N	\N	\N	2023-03-27 01:20:43.21946+00	\N
237	40c0705d-592b-4429-bb44-d9820681a70b	SUCCESS	application/json	utf-8	null	2023-03-27 01:21:43.221845+00	\N	{"children": []}	\N	\N	\N	\N	2023-03-27 01:21:43.221831+00	\N
238	d2b0e55c-c7c4-4291-9bd8-6c8e57e7df16	SUCCESS	application/json	utf-8	null	2023-03-27 01:22:43.223825+00	\N	{"children": []}	\N	\N	\N	\N	2023-03-27 01:22:43.223812+00	\N
239	37a494bb-6660-4e3e-9cca-e105036909c9	SUCCESS	application/json	utf-8	null	2023-03-27 01:23:43.237147+00	\N	{"children": []}	\N	\N	\N	\N	2023-03-27 01:23:43.237133+00	\N
240	4853fe4e-5821-45c6-999e-b44b72d8c87c	SUCCESS	application/json	utf-8	null	2023-03-27 01:24:43.239649+00	\N	{"children": []}	\N	\N	\N	\N	2023-03-27 01:24:43.239623+00	\N
241	b2468080-e96c-47f0-8e6f-35ffaee0610d	SUCCESS	application/json	utf-8	null	2023-03-27 01:25:43.245376+00	\N	{"children": []}	\N	\N	\N	\N	2023-03-27 01:25:43.245361+00	\N
242	f43d7e94-bb81-4efe-936a-cf882ccb9f85	SUCCESS	application/json	utf-8	null	2023-03-27 01:26:43.260195+00	\N	{"children": []}	\N	\N	\N	\N	2023-03-27 01:26:43.260181+00	\N
243	e4ea4aae-053a-4546-845b-8671efb84752	SUCCESS	application/json	utf-8	null	2023-03-27 01:27:43.260538+00	\N	{"children": []}	\N	\N	\N	\N	2023-03-27 01:27:43.260524+00	\N
244	6be41b3b-cbea-4226-b823-195497329dbf	SUCCESS	application/json	utf-8	null	2023-03-27 01:28:43.261571+00	\N	{"children": []}	\N	\N	\N	\N	2023-03-27 01:28:43.261558+00	\N
245	da01113a-4987-417c-a2fe-2dc5f75462a3	SUCCESS	application/json	utf-8	null	2023-03-27 01:29:43.263812+00	\N	{"children": []}	\N	\N	\N	\N	2023-03-27 01:29:43.263796+00	\N
246	899720e6-ab48-47d1-a466-c2a3de84d18f	SUCCESS	application/json	utf-8	null	2023-03-27 01:30:43.266172+00	\N	{"children": []}	\N	\N	\N	\N	2023-03-27 01:30:43.266158+00	\N
247	a39dae46-58dd-43df-b55d-262f23d5cca2	SUCCESS	application/json	utf-8	null	2023-03-27 01:31:43.269425+00	\N	{"children": []}	\N	\N	\N	\N	2023-03-27 01:31:43.269412+00	\N
248	a90688a2-78b4-4a45-9965-91196c0fad4f	SUCCESS	application/json	utf-8	null	2023-03-27 01:32:43.269537+00	\N	{"children": []}	\N	\N	\N	\N	2023-03-27 01:32:43.269525+00	\N
249	3c4386b5-6e70-43ee-a484-0655a707b304	SUCCESS	application/json	utf-8	null	2023-03-27 01:33:43.272998+00	\N	{"children": []}	\N	\N	\N	\N	2023-03-27 01:33:43.272985+00	\N
250	7d938dbc-6780-4358-a04d-01a887caf3c3	SUCCESS	application/json	utf-8	null	2023-03-27 01:34:43.275132+00	\N	{"children": []}	\N	\N	\N	\N	2023-03-27 01:34:43.275118+00	\N
251	905da8b6-6689-478b-9cdd-a95e64ffc7a0	SUCCESS	application/json	utf-8	null	2023-03-27 01:35:43.276407+00	\N	{"children": []}	\N	\N	\N	\N	2023-03-27 01:35:43.276389+00	\N
252	abf0097b-8aab-4594-84ff-e7ec0bf4bde5	SUCCESS	application/json	utf-8	null	2023-03-27 01:36:43.278716+00	\N	{"children": []}	\N	\N	\N	\N	2023-03-27 01:36:43.278704+00	\N
253	e5ca55cb-aab3-4b72-8c76-a60072be6872	SUCCESS	application/json	utf-8	null	2023-03-27 01:37:43.284622+00	\N	{"children": []}	\N	\N	\N	\N	2023-03-27 01:37:43.284607+00	\N
254	eaf98056-8395-4938-8421-ad761975ba86	SUCCESS	application/json	utf-8	null	2023-03-27 01:38:43.290746+00	\N	{"children": []}	\N	\N	\N	\N	2023-03-27 01:38:43.290732+00	\N
255	7f99c7e7-4e53-4c7b-bf0d-565841db5a8d	SUCCESS	application/json	utf-8	null	2023-03-27 01:39:43.29329+00	\N	{"children": []}	\N	\N	\N	\N	2023-03-27 01:39:43.293275+00	\N
256	a04a6fe3-8a45-4007-9246-7186be3d492f	SUCCESS	application/json	utf-8	null	2023-03-27 01:40:43.301007+00	\N	{"children": []}	\N	\N	\N	\N	2023-03-27 01:40:43.300994+00	\N
257	0aaf51cf-a834-4a0d-9507-6fa4f28bfc4b	SUCCESS	application/json	utf-8	null	2023-03-27 01:41:43.30724+00	\N	{"children": []}	\N	\N	\N	\N	2023-03-27 01:41:43.307227+00	\N
258	2243191d-ae99-4209-bce8-0aab13688274	SUCCESS	application/json	utf-8	null	2023-03-27 01:42:43.311536+00	\N	{"children": []}	\N	\N	\N	\N	2023-03-27 01:42:43.311525+00	\N
259	82cdd641-2166-435a-a010-ab7b392590d2	SUCCESS	application/json	utf-8	null	2023-03-27 01:43:43.315044+00	\N	{"children": []}	\N	\N	\N	\N	2023-03-27 01:43:43.315031+00	\N
260	e94338bf-bbb6-4ae7-aa4e-6aae82c207b2	SUCCESS	application/json	utf-8	null	2023-03-27 01:44:43.318343+00	\N	{"children": []}	\N	\N	\N	\N	2023-03-27 01:44:43.318329+00	\N
261	0ff3f605-d02b-4c77-b1aa-453349b5cbfb	SUCCESS	application/json	utf-8	null	2023-03-27 01:45:43.324094+00	\N	{"children": []}	\N	\N	\N	\N	2023-03-27 01:45:43.324077+00	\N
262	0bd7834c-b3dc-4500-87f1-2a87fe6fffc1	SUCCESS	application/json	utf-8	null	2023-03-27 01:46:43.328081+00	\N	{"children": []}	\N	\N	\N	\N	2023-03-27 01:46:43.328067+00	\N
263	f226bf5c-3e00-40b1-afb6-28f0e7d6256d	SUCCESS	application/json	utf-8	null	2023-03-27 01:47:43.335499+00	\N	{"children": []}	\N	\N	\N	\N	2023-03-27 01:47:43.335487+00	\N
264	ed92cf2b-15fb-4a9c-88f0-a41274b39e79	SUCCESS	application/json	utf-8	null	2023-03-27 01:48:43.339697+00	\N	{"children": []}	\N	\N	\N	\N	2023-03-27 01:48:43.339683+00	\N
265	f76e5f33-d112-45d2-97e2-e15f0b17b5d0	SUCCESS	application/json	utf-8	null	2023-03-27 01:49:43.341771+00	\N	{"children": []}	\N	\N	\N	\N	2023-03-27 01:49:43.341757+00	\N
266	836a4643-f503-455d-b9db-5abae150979d	SUCCESS	application/json	utf-8	null	2023-03-27 01:50:43.342495+00	\N	{"children": []}	\N	\N	\N	\N	2023-03-27 01:50:43.342481+00	\N
267	06cfd269-d3d3-4927-aac3-d0891a8b6d9b	SUCCESS	application/json	utf-8	null	2023-03-27 01:51:43.350207+00	\N	{"children": []}	\N	\N	\N	\N	2023-03-27 01:51:43.350195+00	\N
268	664093b9-52d8-40c1-ac4c-7d31610cf2c3	SUCCESS	application/json	utf-8	null	2023-03-27 01:52:43.353527+00	\N	{"children": []}	\N	\N	\N	\N	2023-03-27 01:52:43.353515+00	\N
269	69738795-91ca-489e-bf6f-773d57c7485b	SUCCESS	application/json	utf-8	null	2023-03-27 01:53:43.362693+00	\N	{"children": []}	\N	\N	\N	\N	2023-03-27 01:53:43.362679+00	\N
270	157d15dc-e875-4a3c-bbfe-a0d853d4c027	SUCCESS	application/json	utf-8	null	2023-03-27 01:54:43.363798+00	\N	{"children": []}	\N	\N	\N	\N	2023-03-27 01:54:43.363783+00	\N
271	4d89f6b0-ecba-42d2-9f9c-2bbf5df693cd	SUCCESS	application/json	utf-8	null	2023-03-27 01:55:43.36576+00	\N	{"children": []}	\N	\N	\N	\N	2023-03-27 01:55:43.365746+00	\N
272	27775eb6-1df2-42d0-80e0-42a663e1974a	SUCCESS	application/json	utf-8	null	2023-03-27 01:56:43.367699+00	\N	{"children": []}	\N	\N	\N	\N	2023-03-27 01:56:43.367685+00	\N
273	19588e40-4e6a-4d9e-bae3-742487089ee1	SUCCESS	application/json	utf-8	null	2023-03-27 01:57:43.369685+00	\N	{"children": []}	\N	\N	\N	\N	2023-03-27 01:57:43.369672+00	\N
274	b477a6f8-c95a-41c0-bf5d-4e226c1e8d9c	SUCCESS	application/json	utf-8	null	2023-03-27 01:58:43.371544+00	\N	{"children": []}	\N	\N	\N	\N	2023-03-27 01:58:43.371532+00	\N
275	b913f4bb-bc50-4633-811a-fd200bd16fc6	SUCCESS	application/json	utf-8	null	2023-03-27 01:59:43.376876+00	\N	{"children": []}	\N	\N	\N	\N	2023-03-27 01:59:43.376862+00	\N
276	202a7a60-9fd2-4dd1-8e33-807e7fc2bbcb	SUCCESS	application/json	utf-8	null	2023-03-27 02:00:43.382209+00	\N	{"children": []}	\N	\N	\N	\N	2023-03-27 02:00:43.382197+00	\N
277	e45aee2c-5025-4a5b-8046-4cd7d68dcf42	SUCCESS	application/json	utf-8	null	2023-03-27 02:01:43.383098+00	\N	{"children": []}	\N	\N	\N	\N	2023-03-27 02:01:43.383084+00	\N
278	af8673ee-e4d3-4704-b619-02a7e41e4412	SUCCESS	application/json	utf-8	null	2023-03-27 02:02:43.385672+00	\N	{"children": []}	\N	\N	\N	\N	2023-03-27 02:02:43.385658+00	\N
279	e4d3b635-f22f-4799-bf0c-891c8f7dafb0	SUCCESS	application/json	utf-8	null	2023-03-27 02:03:43.384219+00	\N	{"children": []}	\N	\N	\N	\N	2023-03-27 02:03:43.384205+00	\N
280	dc71aac1-6550-45d9-919c-9e983e17d4a8	SUCCESS	application/json	utf-8	null	2023-03-27 02:04:43.388712+00	\N	{"children": []}	\N	\N	\N	\N	2023-03-27 02:04:43.388698+00	\N
281	c49a03e7-8812-465a-b195-34930f60c3b3	SUCCESS	application/json	utf-8	null	2023-03-27 02:05:43.395536+00	\N	{"children": []}	\N	\N	\N	\N	2023-03-27 02:05:43.395522+00	\N
282	1fb69b72-8bac-478b-8ca1-81449961e98c	SUCCESS	application/json	utf-8	null	2023-03-27 02:06:43.39967+00	\N	{"children": []}	\N	\N	\N	\N	2023-03-27 02:06:43.399656+00	\N
283	9e462109-444a-44ec-a61a-efc3025c880c	SUCCESS	application/json	utf-8	null	2023-03-27 02:07:43.402221+00	\N	{"children": []}	\N	\N	\N	\N	2023-03-27 02:07:43.402207+00	\N
284	b69be690-bbb0-48bd-a3f4-7072fae9e992	SUCCESS	application/json	utf-8	null	2023-03-27 02:08:43.403369+00	\N	{"children": []}	\N	\N	\N	\N	2023-03-27 02:08:43.403357+00	\N
285	969d8650-13c7-4e42-a59b-5fbf26837ec8	SUCCESS	application/json	utf-8	null	2023-03-27 02:09:43.407762+00	\N	{"children": []}	\N	\N	\N	\N	2023-03-27 02:09:43.407748+00	\N
286	fab205d7-d0d7-4a04-bc8c-b083915b4d3d	SUCCESS	application/json	utf-8	null	2023-03-27 02:10:43.409781+00	\N	{"children": []}	\N	\N	\N	\N	2023-03-27 02:10:43.409766+00	\N
287	1061871c-eca1-4900-9f88-4cb07be37395	SUCCESS	application/json	utf-8	null	2023-03-27 02:11:43.410979+00	\N	{"children": []}	\N	\N	\N	\N	2023-03-27 02:11:43.410965+00	\N
288	1f54152b-b986-4d3d-ad68-debb6fc2ecbd	SUCCESS	application/json	utf-8	null	2023-03-27 02:12:43.414282+00	\N	{"children": []}	\N	\N	\N	\N	2023-03-27 02:12:43.414268+00	\N
289	7424cb7a-73b2-4016-8921-83ff23f4f0d0	SUCCESS	application/json	utf-8	null	2023-03-27 02:13:43.417592+00	\N	{"children": []}	\N	\N	\N	\N	2023-03-27 02:13:43.417578+00	\N
290	aa63c648-5905-4a63-a9ef-15f82f7af59e	SUCCESS	application/json	utf-8	null	2023-03-27 02:14:43.418615+00	\N	{"children": []}	\N	\N	\N	\N	2023-03-27 02:14:43.4186+00	\N
291	f61053de-a1b9-4274-afd2-82b2a989e6e9	SUCCESS	application/json	utf-8	null	2023-03-27 02:15:43.423325+00	\N	{"children": []}	\N	\N	\N	\N	2023-03-27 02:15:43.423311+00	\N
292	e45c8cc7-8bb4-44ff-8e6b-2f74e1b3f8d7	SUCCESS	application/json	utf-8	null	2023-03-27 02:16:43.426015+00	\N	{"children": []}	\N	\N	\N	\N	2023-03-27 02:16:43.426005+00	\N
293	003c75c9-05cb-45bc-8022-1ce47689ce80	SUCCESS	application/json	utf-8	null	2023-03-27 02:17:43.427723+00	\N	{"children": []}	\N	\N	\N	\N	2023-03-27 02:17:43.427708+00	\N
294	7c4155aa-001b-4f4a-94d2-00ba89f30f1f	SUCCESS	application/json	utf-8	null	2023-03-27 02:18:43.438555+00	\N	{"children": []}	\N	\N	\N	\N	2023-03-27 02:18:43.438541+00	\N
295	c66772b8-718a-413f-877c-6e145f58a468	SUCCESS	application/json	utf-8	null	2023-03-27 02:19:43.441687+00	\N	{"children": []}	\N	\N	\N	\N	2023-03-27 02:19:43.441673+00	\N
296	0521d351-3f21-4a1e-9a81-61dcb2a7c1b4	SUCCESS	application/json	utf-8	null	2023-03-27 02:20:43.44726+00	\N	{"children": []}	\N	\N	\N	\N	2023-03-27 02:20:43.447245+00	\N
\.


--
-- Data for Name: django_content_type; Type: TABLE DATA; Schema: public; Owner: erp
--

COPY public.django_content_type (id, app_label, model) FROM stdin;
1	admin	logentry
2	auth	permission
3	auth	group
4	auth	user
5	contenttypes	contenttype
6	sessions	session
7	employee	employee
8	organizations	organization
9	employee	timesheetuser
10	timesheets	timesheetentry
11	timesheets	timesheetperiod
12	organizations	periodtype
13	tsmanagement	approval
14	timesheets	usertimesheetperiod
15	mailer	email
16	django_celery_beat	crontabschedule
17	django_celery_beat	intervalschedule
18	django_celery_beat	periodictask
19	django_celery_beat	periodictasks
20	django_celery_beat	solarschedule
21	django_celery_beat	clockedschedule
22	django_celery_results	taskresult
23	django_celery_results	chordcounter
24	django_celery_results	groupresult
25	purchasing	purchasehistory
26	purchasing	manufacturer
27	purchasing	purchaseitem
28	purchasing	vendor
29	invoice	invoiceentry
30	invoice	invoice
31	purchasing	purchaseorderitem
32	purchasing	subscription
33	purchasing	service
34	purchasing	part
35	purchasing	purchaseorder
36	purchasing	item
37	purchasing	vendororganization
38	purchasing	purchaseorderitemhistory
39	purchasing	purchaseorderhistory
40	inventory	part
41	inventory	inventorypart
42	inventory	serialpart
43	inventory	childpart
44	inventory	equipment
45	employee	invitee
46	custom_scheduler	staff
47	custom_scheduler	stafftime
48	custom_scheduler	eventtype
49	custom_scheduler	customevent
50	custom_scheduler	calendar
51	schedule	calendar
52	schedule	calendarrelation
53	schedule	event
54	schedule	eventrelation
55	schedule	occurrence
56	schedule	rule
57	accounts	passwordreset
58	employee	alternatewagecode
59	projects	project
60	assets	asset
61	assets	building
62	assets	vehicle
63	purchasing	paymentaccount
64	purchasing	payment
65	accounting	expense
66	accounting	rate
67	accounting	mileage
\.


--
-- Data for Name: django_migrations; Type: TABLE DATA; Schema: public; Owner: erp
--

COPY public.django_migrations (id, app, name, applied) FROM stdin;
1	contenttypes	0001_initial	2022-10-31 03:52:59.396321+00
2	auth	0001_initial	2022-10-31 03:52:59.432163+00
3	admin	0001_initial	2022-10-31 03:52:59.446024+00
4	admin	0002_logentry_remove_auto_add	2022-10-31 03:52:59.451852+00
5	admin	0003_logentry_add_action_flag_choices	2022-10-31 03:52:59.457323+00
6	contenttypes	0002_remove_content_type_name	2022-10-31 03:52:59.468883+00
7	auth	0002_alter_permission_name_max_length	2022-10-31 03:52:59.473906+00
8	auth	0003_alter_user_email_max_length	2022-10-31 03:52:59.478703+00
9	auth	0004_alter_user_username_opts	2022-10-31 03:52:59.483309+00
10	auth	0005_alter_user_last_login_null	2022-10-31 03:52:59.488962+00
11	auth	0006_require_contenttypes_0002	2022-10-31 03:52:59.490364+00
12	auth	0007_alter_validators_add_error_messages	2022-10-31 03:52:59.495235+00
13	auth	0008_alter_user_username_max_length	2022-10-31 03:52:59.501916+00
14	auth	0009_alter_user_last_name_max_length	2022-10-31 03:52:59.508021+00
15	auth	0010_alter_group_name_max_length	2022-10-31 03:52:59.514505+00
16	auth	0011_update_proxy_permissions	2022-10-31 03:52:59.51991+00
17	auth	0012_alter_user_first_name_max_length	2022-10-31 03:52:59.524956+00
18	sessions	0001_initial	2022-10-31 03:52:59.53034+00
19	employee	0001_initial	2022-10-31 04:00:13.667427+00
20	organizations	0001_initial	2022-10-31 05:45:07.845461+00
21	employee	0002_timesheetuser	2022-10-31 05:45:29.870532+00
22	organizations	0002_alter_organization_street2	2022-10-31 06:02:27.838325+00
23	organizations	0003_alter_organization_street2	2022-10-31 06:07:18.497022+00
24	employee	0003_timesheetuser_hourly_rate	2022-11-03 04:53:45.475511+00
25	timesheets	0001_initial	2022-11-03 05:14:14.141087+00
26	timesheets	0002_timesheetperiod	2022-11-04 06:38:13.849611+00
27	timesheets	0003_monthlyperiodtype_semimonthlyperiodtype	2022-11-05 07:49:07.780072+00
28	timesheets	0004_auto_20221105_0748	2022-11-05 07:49:07.784757+00
29	organizations	0004_monthlyperiodtype_semimonthlyperiodtype	2022-11-05 07:52:36.58568+00
30	organizations	0005_auto_20221105_0752	2022-11-05 07:52:36.589468+00
31	organizations	0006_biweeklyperiodtype_monthlyperiodtype	2022-11-08 00:48:54.128083+00
32	organizations	0007_auto_20221108_0022	2022-11-08 00:48:54.136855+00
33	organizations	0008_auto_20221108_0042	2022-11-08 00:48:54.173563+00
34	organizations	0009_alter_periodtype_seed_date	2022-11-08 02:34:29.884525+00
35	organizations	0010_alter_periodtype_name	2022-11-08 02:44:04.211502+00
36	organizations	0011_alter_periodtype_name	2022-11-08 03:00:09.376671+00
37	organizations	0012_auto_20221108_0712	2022-11-08 07:12:59.474624+00
38	organizations	0013_alter_organization_timezone	2022-11-08 07:21:47.327856+00
39	timesheets	0005_remove_timesheetperiod_period_in_year	2022-11-21 22:56:14.142443+00
40	timesheets	0006_alter_timesheetperiod_unique_together	2022-11-22 01:52:10.272852+00
41	timesheets	0007_timesheetentry_period	2022-11-22 04:46:06.718367+00
42	employee	0004_alter_timesheetuser_organization	2022-11-22 07:59:18.747235+00
43	timesheets	0008_alter_timesheetperiod_org	2022-11-23 06:18:50.127168+00
44	timesheets	0009_alter_timesheetperiod_unique_together	2022-11-24 01:31:40.151729+00
45	timesheets	0010_timesheetentry_notes	2022-12-06 20:52:36.832805+00
46	employee	0005_auto_20221230_1709	2022-12-30 17:10:25.273321+00
47	employee	0006_alter_timesheetuser_approvees	2022-12-31 22:09:10.68906+00
48	timesheets	0011_alter_timesheetentry_options	2022-12-31 22:09:38.940531+00
49	timesheets	0012_alter_timesheetperiod_options	2022-12-31 22:21:08.190495+00
50	employee	0007_remove_timesheetuser_is_approver	2023-01-03 00:18:22.172638+00
51	employee	0008_auto_20230103_1613	2023-01-03 16:13:55.455027+00
52	tsmanagement	0001_initial	2023-01-03 18:20:49.529207+00
53	tsmanagement	0002_auto_20230103_2000	2023-01-03 20:01:04.625786+00
54	employee	0009_alter_timesheetuser_phone	2023-01-13 16:47:35.048534+00
55	timesheets	0013_usertimesheetperiod	2023-01-21 03:30:36.944004+00
56	timesheets	0014_auto_20230122_2002	2023-01-22 20:02:32.103011+00
57	mailer	0001_initial	2023-02-14 15:03:45.457354+00
58	organizations	0014_rename_email_organization_mailer_email	2023-03-04 16:18:17.186222+00
59	employee	0010_timesheetuser_org_manager	2023-03-04 16:18:17.22876+00
60	employee	0011_remove_timesheetuser_org_manager_and_more	2023-03-04 16:47:06.369635+00
61	mailer	0002_email_reply_tos_alter_email_recipients_and_more	2023-03-04 17:31:48.683166+00
62	mailer	0003_alter_email_reply_tos	2023-03-04 17:31:48.687771+00
63	timesheets	0015_timesheetentry_hourly_rate	2023-03-21 22:51:45.172292+00
64	mailer	0004_alter_email_reply_tos	2023-03-25 16:37:52.81966+00
65	django_celery_beat	0001_initial	2023-03-25 16:42:54.832864+00
66	django_celery_beat	0002_auto_20161118_0346	2023-03-25 16:42:54.844058+00
67	django_celery_beat	0003_auto_20161209_0049	2023-03-25 16:42:54.850415+00
68	django_celery_beat	0004_auto_20170221_0000	2023-03-25 16:42:54.853787+00
69	django_celery_beat	0005_add_solarschedule_events_choices	2023-03-25 16:42:54.856911+00
70	django_celery_beat	0006_auto_20180322_0932	2023-03-25 16:42:54.877037+00
71	django_celery_beat	0007_auto_20180521_0826	2023-03-25 16:42:54.88643+00
72	django_celery_beat	0008_auto_20180914_1922	2023-03-25 16:42:54.900664+00
73	django_celery_beat	0006_auto_20180210_1226	2023-03-25 16:42:54.910771+00
74	django_celery_beat	0006_periodictask_priority	2023-03-25 16:42:54.946725+00
75	django_celery_beat	0009_periodictask_headers	2023-03-25 16:42:54.953173+00
76	django_celery_beat	0010_auto_20190429_0326	2023-03-25 16:42:55.05794+00
77	django_celery_beat	0011_auto_20190508_0153	2023-03-25 16:42:55.067957+00
78	django_celery_beat	0012_periodictask_expire_seconds	2023-03-25 16:42:55.073447+00
79	django_celery_beat	0013_auto_20200609_0727	2023-03-25 16:42:55.07806+00
80	django_celery_beat	0014_remove_clockedschedule_enabled	2023-03-25 16:42:55.081715+00
81	django_celery_beat	0015_edit_solarschedule_events_choices	2023-03-25 16:42:55.085376+00
82	django_celery_beat	0016_alter_crontabschedule_timezone	2023-03-25 16:42:55.089679+00
83	django_celery_beat	0017_alter_crontabschedule_month_of_year	2023-03-25 16:42:55.0937+00
84	django_celery_beat	0018_improve_crontab_helptext	2023-03-25 16:42:55.097717+00
85	django_celery_results	0001_initial	2023-03-26 00:58:54.824487+00
86	django_celery_results	0002_add_task_name_args_kwargs	2023-03-26 00:58:54.832162+00
87	django_celery_results	0003_auto_20181106_1101	2023-03-26 00:58:54.834814+00
88	django_celery_results	0004_auto_20190516_0412	2023-03-26 00:58:54.85863+00
89	django_celery_results	0005_taskresult_worker	2023-03-26 00:58:54.865891+00
90	django_celery_results	0006_taskresult_date_created	2023-03-26 00:58:54.915172+00
91	django_celery_results	0007_remove_taskresult_hidden	2023-03-26 00:58:54.92084+00
92	django_celery_results	0008_chordcounter	2023-03-26 00:58:54.930506+00
93	django_celery_results	0009_groupresult	2023-03-26 00:58:55.002683+00
94	django_celery_results	0010_remove_duplicate_indices	2023-03-26 00:58:55.010494+00
95	django_celery_results	0011_taskresult_periodic_task_name	2023-03-26 00:58:55.014671+00
96	mailer	0005_email_organization	2023-03-27 02:39:16.932411+00
97	purchasing	0001_initial	2023-04-05 14:10:23.275037+00
98	invoice	0001_initial	2023-04-05 14:10:32.091957+00
99	purchasing	0002_manufacturer_organization_purchaseitem_type_and_more	2023-04-05 19:27:12.426887+00
100	purchasing	0003_remove_manufacturer_organization_and_more	2023-04-09 13:46:05.199919+00
101	purchasing	0004_initial	2023-04-09 13:46:25.065992+00
102	purchasing	0005_remove_manufacturer_organization_remove_part_item_and_more	2023-04-10 15:32:00.007575+00
103	purchasing	0006_initial	2023-04-10 15:32:38.066841+00
104	purchasing	0007_remove_item_polymorphic_ctype_and_more	2023-04-10 15:53:35.499866+00
105	purchasing	0008_initial	2023-04-10 15:54:10.303594+00
106	purchasing	0009_alter_vendor_organization	2023-04-10 23:54:07.600574+00
107	purchasing	0010_alter_vendor_organization	2023-04-10 23:54:07.602925+00
108	purchasing	0011_delete_vendororganization	2023-04-10 23:55:31.341423+00
109	purchasing	0012_vendororganization	2023-04-11 00:10:47.484397+00
110	purchasing	0013_remove_vendor_organization_vendor_organizations_and_more	2023-04-11 00:24:09.331824+00
111	purchasing	0014_remove_purchaseorderitem_purchase_item_and_more	2023-04-12 03:14:30.39128+00
112	purchasing	0015_purchaseitem_purchaseorderitem_and_more	2023-04-12 03:14:50.457087+00
113	purchasing	0016_alter_purchaseitem_item	2023-04-12 03:28:20.709074+00
114	purchasing	0017_remove_vendororganization_contacts	2023-04-12 03:47:35.41331+00
115	purchasing	0018_delete_service	2023-04-12 03:54:44.347597+00
116	purchasing	0019_service	2023-04-12 03:55:29.218374+00
117	purchasing	0020_alter_purchaseitem_manufacturer	2023-04-12 04:01:53.698028+00
118	purchasing	0021_remove_subscription_term_alter_item_name_and_more	2023-04-12 20:53:24.048511+00
119	purchasing	0022_alter_purchaseitem_vendor	2023-04-12 20:58:26.655797+00
120	purchasing	0023_remove_purchaseitem_organization_item_organization	2023-04-12 21:17:02.489419+00
121	purchasing	0024_alter_item_organization	2023-04-12 21:19:38.633044+00
122	purchasing	0025_rename_last_purchase_date_purchaseorderitemhistory_status_change_date_and_more	2023-04-12 23:05:48.261125+00
123	purchasing	0026_remove_part_is_serial	2023-04-16 00:36:30.709137+00
124	inventory	0001_initial	2023-04-16 00:36:30.764919+00
125	inventory	0002_serialpart	2023-04-16 00:36:30.768269+00
126	inventory	0003_remove_part_parent_part_part_parent_parts	2023-04-16 19:14:27.499652+00
127	inventory	0004_remove_part_parent_parts_childpart	2023-04-16 19:14:27.551515+00
128	inventory	0005_remove_childpart_parent_part_childpart_parent_part	2023-04-16 19:16:15.932783+00
129	inventory	0006_delete_childpart	2023-04-16 19:20:14.273018+00
130	inventory	0007_childpart	2023-04-16 19:20:36.37175+00
131	inventory	0008_part_child_parts_alter_childpart_quantity	2023-04-16 19:23:38.210466+00
132	inventory	0009_delete_serialpart	2023-04-16 19:50:19.909168+00
133	inventory	0010_serialpart_equipment	2023-04-16 19:50:34.098253+00
134	inventory	0011_alter_childpart_unique_together	2023-04-18 14:34:25.709632+00
135	inventory	0012_childpart_not_same	2023-04-18 14:41:17.30584+00
136	inventory	0013_remove_equipment_serialpart_ptr_delete_inventorypart_and_more	2023-04-18 21:59:54.037824+00
137	inventory	0014_serialpart_equipment_inventorypart	2023-04-18 22:00:10.610216+00
138	inventory	0015_remove_serialpart_child_serial_parts_and_more	2023-04-19 11:31:17.725366+00
139	inventory	0016_alter_serialpart_parent_serial_part	2023-04-19 11:41:12.197286+00
140	inventory	0017_alter_serialpart_parent_serial_part	2023-04-19 11:41:12.225672+00
141	purchasing	0027_remove_purchaseorder_po_and_more	2023-04-20 00:05:24.35362+00
142	purchasing	0028_alter_purchaseorderitem_unique_together	2023-04-20 00:13:38.464536+00
143	purchasing	0029_alter_vendor_options_vendor_polymorphic_ctype	2023-04-28 18:44:08.412053+00
144	purchasing	0030_alter_vendor_options_remove_vendor_polymorphic_ctype	2023-04-28 19:01:09.211161+00
145	inventory	0018_alter_serialpart_man_serial_number_and_more	2023-04-28 19:31:32.070815+00
146	purchasing	0031_remove_vendor_notes_vendororganization_notes_and_more	2023-05-21 02:03:43.782078+00
147	purchasing	0032_remove_vendor_organizations_vendor_organization_and_more	2023-05-21 02:54:30.168319+00
148	purchasing	0033_alter_vendor_unique_together	2023-05-21 03:21:48.696209+00
149	purchasing	0034_alter_vendor_organization	2023-05-21 03:22:47.280571+00
150	purchasing	0035_vendor_notes_remove_manufacturer_organization_and_more	2023-05-21 20:05:54.542429+00
151	purchasing	0036_alter_manufacturer_email_alter_manufacturer_notes_and_more	2023-05-22 06:00:43.305859+00
152	employee	0012_invitee	2023-07-06 21:53:27.452448+00
153	employee	0013_invitee_organization_invitee_status	2023-07-06 22:58:50.848778+00
154	employee	0014_invitee_name	2023-07-10 05:12:21.649884+00
155	employee	0015_alter_invitee_name	2023-07-10 05:13:49.884232+00
156	employee	0016_invitee_status_date_alter_invitee_email	2023-07-10 05:52:06.146208+00
157	employee	0017_alter_invitee_authentication_code	2023-07-10 06:19:12.435854+00
158	employee	0018_invitee_wage	2023-07-10 22:37:37.206886+00
159	employee	0019_invitee_inviter	2023-07-11 05:28:23.173516+00
160	employee	0020_alter_invitee_email	2023-07-11 06:14:26.962651+00
161	employee	0021_alter_invitee_organization	2023-07-11 21:55:26.060642+00
162	employee	0022_alter_invitee_options	2023-07-11 22:51:13.932649+00
163	schedule	0001_initial	2023-09-30 19:48:07.00048+00
164	schedule	0002_event_color_event	2023-09-30 19:48:07.052524+00
165	schedule	0003_auto_20160715_0028	2023-09-30 19:48:07.129825+00
166	schedule	0006_update_text_fields_empty_string	2023-09-30 19:48:07.161477+00
167	schedule	0004_text_fields_not_null	2023-09-30 19:48:07.224409+00
168	schedule	0005_verbose_name_plural_for_calendar	2023-09-30 19:48:07.230373+00
169	schedule	0007_merge_text_fields	2023-09-30 19:48:07.232553+00
170	schedule	0008_gfk_index	2023-09-30 19:48:07.287505+00
171	schedule	0009_merge_20180108_2303	2023-09-30 19:48:07.289534+00
172	schedule	0010_events_set_missing_calendar	2023-09-30 19:48:07.317856+00
173	schedule	0011_event_calendar_not_null	2023-09-30 19:48:07.348052+00
174	schedule	0012_auto_20191025_1852	2023-09-30 19:48:07.397288+00
175	schedule	0013_auto_20210502_2303	2023-09-30 19:48:07.569882+00
176	schedule	0014_use_autofields_for_pk	2023-09-30 19:48:07.829424+00
177	custom_scheduler	0001_initial	2023-09-30 19:48:08.047737+00
178	accounts	0001_initial	2023-10-11 20:46:13.357074+00
179	employee	0023_alternatewagecode	2023-10-14 19:05:03.214869+00
180	projects	0001_initial	2024-07-14 06:59:27.115279+00
181	projects	0002_project_active_project_finished_date_and_more	2024-07-14 07:07:56.900537+00
182	projects	0003_alter_project_finished_date	2024-07-16 06:19:12.04925+00
183	assets	0001_initial	2024-07-16 06:19:34.916476+00
184	assets	0002_rename_acquired_date_asset_date_acquired_and_more	2024-07-16 06:19:34.94976+00
185	inventory	0019_alter_serialpart_man_serial_number_and_more	2024-07-16 06:46:54.404347+00
186	assets	0003_alter_asset_date_retired_alter_asset_description_and_more	2024-07-16 06:59:03.937212+00
187	timesheets	0016_timesheetentry_project	2024-07-19 04:04:15.720672+00
188	purchasing	0037_paymentaccount_alter_purchaseorder_status_payment	2024-07-24 05:35:40.63171+00
189	purchasing	0038_alter_paymentaccount_last_four	2024-07-24 05:35:40.639686+00
190	assets	0004_alter_building_year_built	2024-07-25 05:43:53.400796+00
191	accounting	0001_initial	2024-07-25 05:44:06.061331+00
192	accounting	0002_mileage_equipment	2024-07-25 05:44:06.132181+00
193	accounting	0003_alter_mileage_rate	2024-07-25 05:44:06.210921+00
194	accounting	0004_alter_expense_total_cost_alter_mileage_entry_and_more	2024-07-25 05:44:06.396481+00
195	accounting	0005_expense_type	2024-07-25 05:44:06.409015+00
196	accounting	0006_remove_mileage_accrue_date_expense_accrue_date_and_more	2024-07-25 05:44:06.448571+00
\.


--
-- Data for Name: django_session; Type: TABLE DATA; Schema: public; Owner: erp
--

COPY public.django_session (session_key, session_data, expire_date) FROM stdin;
c4pog7eyuaeb0pcv3nidq3jb6dpatdkk	.eJxVjMEOwiAQRP-FsyG4UAGP3vsNZHfZSNXQpLQn479Lkx70MJeZ9-atEm5rSVuTJU1ZXVVUp9-OkJ9S9yE_sN5nzXNdl4n0juhjbXqcs7xuB_t3ULCVbqO1IAzOOQIk30XrhJ23QSAyYM_ZGCHLF4xiyEMcBg4SMENmC-rzBfRPOE0:1pNHYj:luKtA37ebJ5_YLgehiVgHzQL7BmU_Y2qaLZlmdByHQg	2023-02-15 18:10:13.775727+00
nnjkyzr918inxx8sppkaqw7xssdgtaoi	.eJxVjMEOwiAQRP-FsyG4UAGP3vsNZHfZSNXQpLQn479Lkx70MJeZ9-atEm5rSVuTJU1ZXVVUp9-OkJ9S9yE_sN5nzXNdl4n0juhjbXqcs7xuB_t3ULCVbqO1IAzOOQIk30XrhJ23QSAyYM_ZGCHLF4xiyEMcBg4SMENmC-rzBfRPOE0:1pNctH:9nmtouXf1rff2c9JHOcjjmAY_hjANZKTRu3RcrVbbVo	2023-02-16 16:56:51.430013+00
dkdijvz8o3bp9n2icuultztzfv07lrze	.eJxVjM0OwiAQhN-FsyFSuvx49N5naHaBlaqBpLQn47srSQ96nPm-mZeYcd_yvLe0zksUF6HE6bcjDI9UOoh3LLcqQy3bupDsijxok1ON6Xk93L-DjC1_19qa5IZhVGdi7xVwZNLgIDo3OkukEZghWk_MxjDbgD1ZowKD11a8P93TOAw:1opm8j:guB8zGCZE6iQm_n80BD9vPc-HkZlOFSE8hu3ZWynBrc	2022-11-15 07:56:53.16727+00
jwjjnw68vqawxgkgi9y58c0umpoq5xly	e30:1oqbYw:R27W5R92ck1D_5rkTR3RFzgNVZnzWX5_dKufZzCyID8	2022-11-17 14:51:22.1017+00
iq55wubcksioohjmxdzo7lpw7757ob9h	e30:1oqcn7:v3XatMpVfLwJcOfq7hXVjW2hSuQ-Bp-Pqwo2BA_x0j4	2022-11-17 16:10:05.016962+00
wcuwshyx295wdhgzz4onmomwdppyelcd	.eJxVjDsOwjAQBe_iGln-xV5T0nMGa9cfHEC2FCcV4u4QKQW0b2beiwXc1hq2kZcwJ3Zmkp1-N8L4yG0H6Y7t1nnsbV1m4rvCDzr4taf8vBzu30HFUb918coAgABftPREmqwzboqo9JQQwckkTE5OmCKUN5agWFAFFOTohJLs_QHDiTb5:1oqqbP:wxhBcf76xKZqkN35BauQ8MFyHGj_TH0f-CgWtvuYzI0	2022-11-18 06:54:55.590839+00
jx6htco1jgbmvj9bef9abx2f65dkcyaz	.eJxVjDsOwjAQBe_iGln-xV5T0nMGa9cfHEC2FCcV4u4QKQW0b2beiwXc1hq2kZcwJ3Zmkp1-N8L4yG0H6Y7t1nnsbV1m4rvCDzr4taf8vBzu30HFUb918coAgABftPREmqwzboqo9JQQwckkTE5OmCKUN5agWFAFFOTohJLs_QHDiTb5:1oxLeu:YCicSt8ThlnkxG-sSVzyYpA2zN6DncbRST_Mzzo6Fg4	2022-12-06 05:17:24.520653+00
qgtf4igchdv9r0958riivwpv5lgxn0h5	.eJxVjDsOAiEUAO9CbQjhj6W9ZyAP3kNWDSTLbrXx7oZkC21nJnOwCPtW4z5ojQuyK7Ps8ssS5Be1KfAJ7dF57m1bl8Rnwk87-L0jvW9n-zeoMOrcKpJKeKOyQW2MAx0cuVwCUJYohEjFFuGxeF0MOrA5gQRNATQEKZB9vuOtOGc:1pD6oS:27upOOmwB4yS9K5hxHGoe3qCCjoceFGw3LM96GSnOoc	2023-01-18 16:40:24.537218+00
a6tj7piphkulkz5qufxt81qipgox3uge	.eJxVjDsOAiEUAO9CbQjhj6W9ZyAP3kNWDSTLbrXx7oZkC21nJnOwCPtW4z5ojQuyK7Ps8ssS5Be1KfAJ7dF57m1bl8Rnwk87-L0jvW9n-zeoMOrcKpJKeKOyQW2MAx0cuVwCUJYohEjFFuGxeF0MOrA5gQRNATQEKZB9vuOtOGc:1pDaeK:OBhd3fnJnDvDUrgMVftrrPC64mVAii6s2q85ozJZkIk	2023-01-20 00:31:56.708327+00
ubal0wu9djef8jon0v6rqpapjaqvnihc	.eJxVjMEOwiAQRP-FsyG4UAGP3vsNZHfZSNXQpLQn479Lkx70MJeZ9-atEm5rSVuTJU1ZXVVUp9-OkJ9S9yE_sN5nzXNdl4n0juhjbXqcs7xuB_t3ULCVbqO1IAzOOQIk30XrhJ23QSAyYM_ZGCHLF4xiyEMcBg4SMENmC-rzBfRPOE0:1pPEcd:UrEIy5QA-pNX6JxatqthhV49Ba_7nmW_uswrnYI2uEg	2023-02-21 03:26:19.575785+00
9ezq3teqq8ngjtokhq7d5btpxnduz5ff	.eJxVjMEOwiAQRP-FsyG4UAGP3vsNZHfZSNXQpLQn479Lkx70MJeZ9-atEm5rSVuTJU1ZXVVUp9-OkJ9S9yE_sN5nzXNdl4n0juhjbXqcs7xuB_t3ULCVbqO1IAzOOQIk30XrhJ23QSAyYM_ZGCHLF4xiyEMcBg4SMENmC-rzBfRPOE0:1pPUxD:Q00J9ZKVCNwNQ_Xw1YBStKhf_Wfo0Wy9I2733Qc2MdI	2023-02-21 20:52:39.394166+00
bxd1nvbkyhlceaxb7i1dqj5m5enzmczk	.eJxVjEEOwiAQRe_C2hDKTBlw6d4zEBhAqoYmpV0Z765NutDtf-_9l_BhW6vfel78lMRZGHH63WLgR247SPfQbrPkua3LFOWuyIN2eZ1Tfl4O9--ghl6_dSTtbEF0gJgcU1CoqQDhqApZCBhNtpxyMWMBGJSChJqZBkdsWBfx_gDIGzdZ:1pPmb7:89FwTGvAOWq_k7GCVmjHM8t542ZOd_XbKcZ3iivTFMs	2023-02-22 15:43:01.145158+00
lgnlz7l6xt1okw2nkjgsjdr910gkw2ts	.eJxVjM0OwiAQhN-FsyFUfgoevfsMZGF3pWogKe3J-O62SQ86x_m-mbeIsC4lrp3mOKG4CC9Ov12C_KS6A3xAvTeZW13mKcldkQft8taQXtfD_Tso0Mu2BpMDeZvZs6YQwoB8JjVm5RKRTj5ZkzRssYQuKIMuDzyiCdYzozPi8wUUpjkU:1oy4N9:fJUnVXtS1Qg0MswnXdYRAs1klllYZV8mfAqRSURSB4I	2022-12-08 05:02:03.207164+00
w2vu1wu2lo078ao6zioyhy3bvlpdmyg8	.eJxVjEEOwiAQRe_C2hDKTBlw6d4zEBhAqoYmpV0Z765NutDtf-_9l_BhW6vfel78lMRZGHH63WLgR247SPfQbrPkua3LFOWuyIN2eZ1Tfl4O9--ghl6_dSTtbEF0gJgcU1CoqQDhqApZCBhNtpxyMWMBGJSChJqZBkdsWBfx_gDIGzdZ:1pTOW9:V5JbR8mO64UHx2s1N7i5upkr4WpwZ4TKEnLnyztFGHQ	2023-03-04 14:48:49.072394+00
tvvfc8jx4kt2sa9wsypr6jx3az1k0r7g	.eJxVjM0OwiAQhN-FsyFUfgoevfsMZGF3pWogKe3J-O62SQ86x_m-mbeIsC4lrp3mOKG4CC9Ov12C_KS6A3xAvTeZW13mKcldkQft8taQXtfD_Tso0Mu2BpMDeZvZs6YQwoB8JjVm5RKRTj5ZkzRssYQuKIMuDzyiCdYzozPi8wUUpjkU:1p4uAs:S0lBbgnoYTxTZZw3eOxrnUcShoGHVDtm6HP5Qyyit1w	2022-12-27 01:33:38.122829+00
boij0kkow4fhc8wxuww5d1rw4qr8b2hv	.eJxVjDsOAiEUAO9CbQjhj6W9ZyAP3kNWDSTLbrXx7oZkC21nJnOwCPtW4z5ojQuyK7Ps8ssS5Be1KfAJ7dF57m1bl8Rnwk87-L0jvW9n-zeoMOrcKpJKeKOyQW2MAx0cuVwCUJYohEjFFuGxeF0MOrA5gQRNATQEKZB9vuOtOGc:1p59J6:rcwkGE3QIUg2DXhFCGrZGAtgspXJc92tNOj68KXJWf8	2022-12-27 17:43:08.74692+00
vd0er4j1qbmqkuys88gtivraahqwca11	.eJxVjDsOAiEUAO9CbQjhj6W9ZyAP3kNWDSTLbrXx7oZkC21nJnOwCPtW4z5ojQuyK7Ps8ssS5Be1KfAJ7dF57m1bl8Rnwk87-L0jvW9n-zeoMOrcKpJKeKOyQW2MAx0cuVwCUJYohEjFFuGxeF0MOrA5gQRNATQEKZB9vuOtOGc:1p7HYn:3aMcaiklMpcqnBA9bL0_X4X23WS6RPgFOOY5_6ggFmY	2023-01-02 14:56:09.112254+00
7cpnfigjpw92wryvsqoj50ecwmri7bkf	.eJxVjMsOwiAQRf-FtSHDUB66dN9vIMAMUjU0Ke3K-O_apAvd3nPOfYkQt7WGrfMSJhIXoaw4_Y4p5ge3ndA9ttss89zWZUpyV-RBuxxn4uf1cP8Oauz1W0PSBpJRAJyGjOg0EhD4s0frUPPgtIXCoKAYS541O5OLo2wiDqmgeH8A22c3YA:1pGPhw:XUwulhzIujjADrvKDk3t4SRmVWw4y3YgVkb1X9kwIG0	2023-01-27 19:27:20.164716+00
u33g8zuyy70jnmuj0p2u4gjfz5hh2tp6	.eJxVjDsOAiEUAO9CbQjhj6W9ZyAP3kNWDSTLbrXx7oZkC21nJnOwCPtW4z5ojQuyK7Ps8ssS5Be1KfAJ7dF57m1bl8Rnwk87-L0jvW9n-zeoMOrcKpJKeKOyQW2MAx0cuVwCUJYohEjFFuGxeF0MOrA5gQRNATQEKZB9vuOtOGc:1pIXUs:aecdNeO3HH1eGXSF7tOAm-8GITqCFNXbcl-44NtYyes	2023-02-02 16:10:38.247894+00
0tf5xcpclajcp5ccvk90bf86lexc8mfy	.eJxVjDsOAiEUAO9CbQjhj6W9ZyAP3kNWDSTLbrXx7oZkC21nJnOwCPtW4z5ojQuyK7Ps8ssS5Be1KfAJ7dF57m1bl8Rnwk87-L0jvW9n-zeoMOrcKpJKeKOyQW2MAx0cuVwCUJYohEjFFuGxeF0MOrA5gQRNATQEKZB9vuOtOGc:1pItyX:cT9XWikTTnoMdADL3dytIVVg1y69PGYcn_cwegrl3Us	2023-02-03 16:10:45.116428+00
2mjerx9h5mqvhwiukfya9n7gpp6l3nfx	.eJxVjDsOwjAQBe_iGln-xV5T0nMGa9cfHEC2FCcV4u4QKQW0b2beiwXc1hq2kZcwJ3Zmkp1-N8L4yG0H6Y7t1nnsbV1m4rvCDzr4taf8vBzu30HFUb918coAgABftPREmqwzboqo9JQQwckkTE5OmCKUN5agWFAFFOTohJLs_QHDiTb5:1pIuJ9:DjtnmcgDwz6sJOF_Uti72xOknfaSFvNNhudnrKg5Y9M	2023-02-03 16:32:03.41501+00
1jxedrhkngzz0ptg7a2e2hib5ccaaypj	.eJxVjM0OwiAQhN-FsyFUfgoevfsMZGF3pWogKe3J-O62SQ86x_m-mbeIsC4lrp3mOKG4CC9Ov12C_KS6A3xAvTeZW13mKcldkQft8taQXtfD_Tso0Mu2BpMDeZvZs6YQwoB8JjVm5RKRTj5ZkzRssYQuKIMuDzyiCdYzozPi8wUUpjkU:1pJ5sh:MYAyl15lpQKbVd8zd5BuquEPXqCiP7WJL3zOWWydcJE	2023-02-04 04:53:31.010998+00
g6jvb7oe5ikvabci1xy93l8f00f4p1qj	.eJxVjDsOwjAQBe_iGln-xV5T0nMGa9cfHEC2FCcV4u4QKQW0b2beiwXc1hq2kZcwJ3Zmkp1-N8L4yG0H6Y7t1nnsbV1m4rvCDzr4taf8vBzu30HFUb918coAgABftPREmqwzboqo9JQQwckkTE5OmCKUN5agWFAFFOTohJLs_QHDiTb5:1pCViE:o6qglgpPk4UxFwlSJPuBb4eaY5dnVqFB-DuBbem5dAU	2023-01-17 01:03:30.346042+00
2bma1hzzies2n2qj89pcepgnemiwnm9b	.eJxVjEEOwiAQRe_C2hBqGQGX7nuGZmBmpGogKe3KeHfbpAvd_vfef6sR1yWPa-N5nEhdVVCn3y1ienLZAT2w3KtOtSzzFPWu6IM2PVTi1-1w_w4ytrzVkII4d_beuuTAQCeCACaKJUYBYy0SCF_ISe9NoM4GCSw-eZJ-S9XnC-sFOG4:1pMxGh:86ijHPt8VVTTJMzXm51leeyTDGrD7Qwzd9FMDRbPBDk	2023-02-14 20:30:15.99815+00
pxi6adtp4nne49t67rgqbpsn1d6io5d0	.eJxVjEEOwiAQRe_C2hDKTBlw6d4zEBhAqoYmpV0Z765NutDtf-_9l_BhW6vfel78lMRZGHH63WLgR247SPfQbrPkua3LFOWuyIN2eZ1Tfl4O9--ghl6_dSTtbEF0gJgcU1CoqQDhqApZCBhNtpxyMWMBGJSChJqZBkdsWBfx_gDIGzdZ:1ph0sb:vLWK4BGEKu_NLDQjEAYMnTDU9XBRO7HbJodaKSdUKtM	2023-04-11 04:24:17.558158+00
94s67yjtk8qbplcphgacw2t6xy8p722k	.eJxVjEEOwiAQRe_C2hDKTBlw6d4zEBhAqoYmpV0Z765NutDtf-_9l_BhW6vfel78lMRZGHH63WLgR247SPfQbrPkua3LFOWuyIN2eZ1Tfl4O9--ghl6_dSTtbEF0gJgcU1CoqQDhqApZCBhNtpxyMWMBGJSChJqZBkdsWBfx_gDIGzdZ:1piy9d:HbFEf46zAounVo4cYRU9feBE0jXlgKa_UrcjLVF-xaE	2023-04-16 13:53:57.658163+00
nfxo7jozl04zosz7cz9irmzbtp4pa9b9	.eJxVjEEOwiAQRe_C2hDKTBlw6d4zEBhAqoYmpV0Z765NutDtf-_9l_BhW6vfel78lMRZGHH63WLgR247SPfQbrPkua3LFOWuyIN2eZ1Tfl4O9--ghl6_dSTtbEF0gJgcU1CoqQDhqApZCBhNtpxyMWMBGJSChJqZBkdsWBfx_gDIGzdZ:1q4DUa:972p3q3TFQxjGPWBj9mJ0wqrZhsbjPfjxlvDe9ncrqo	2023-06-14 04:31:24.240622+00
p98hdblvnik14ebmixepijwhgm730eeq	.eJxVjEEOwiAQRe_C2hDKTBlw6d4zEBhAqoYmpV0Z765NutDtf-_9l_BhW6vfel78lMRZGHH63WLgR247SPfQbrPkua3LFOWuyIN2eZ1Tfl4O9--ghl6_dSTtbEF0gJgcU1CoqQDhqApZCBhNtpxyMWMBGJSChJqZBkdsWBfx_gDIGzdZ:1qZOEj:9e3dleMk6ldRsvZ1IFNg8WfeLCxM5YHMECMBwmAlVSI	2023-09-08 04:15:53.504384+00
06kr0p022khscnldxkr3msm9orqk5lh7	.eJxVjEEOwiAQRe_C2hDKTBlw6d4zEBhAqoYmpV0Z765NutDtf-_9l_BhW6vfel78lMRZGHH63WLgR247SPfQbrPkua3LFOWuyIN2eZ1Tfl4O9--ghl6_dSTtbEF0gJgcU1CoqQDhqApZCBhNtpxyMWMBGJSChJqZBkdsWBfx_gDIGzdZ:1q6PkR:t3MHzmQ9PcUIiWZz9k6Cxr0Yv9PAHnk46GN7QJmYI_g	2023-06-20 06:00:51.073795+00
wnpwpe0lub4zhma3zbxys4ks53qwytd8	.eJxVjMEOwiAQRP-FsyHAQosevfsNZJfdStXQpLQn47_bJj1oMqd5b-atEq5LSWuTOY2sLsqq029HmJ9Sd8APrPdJ56ku80h6V_RBm75NLK_r4f4dFGxlW0fpGHKEHjhHOQcx6C1kZArsyHoJfYiOgiHpkLcIZvHo4jCAMQjq8wX-gzjf:1qZOho:-chdZU44AqaQBniMePi98k0-Eewusz_nY7p3vQi1JCQ	2023-09-08 04:45:56.243538+00
rt456oopz398dh396kcbmgpbpiq1e31l	.eJxVjEEOwiAQRe_C2hDKTBlw6d4zEBhAqoYmpV0Z765NutDtf-_9l_BhW6vfel78lMRZGHH63WLgR247SPfQbrPkua3LFOWuyIN2eZ1Tfl4O9--ghl6_dSTtbEF0gJgcU1CoqQDhqApZCBhNtpxyMWMBGJSChJqZBkdsWBfx_gDIGzdZ:1qlGTj:V-hvpNqWc_YPziUE3q1WPqJcP1TK4t5FMegqBSoOOOM	2023-10-10 22:24:27.472811+00
ewr8gh55c2ugpno1n9d5uf08izepa07h	.eJxVjDsOwjAQBe_iGlnrf0xJzxmstXeNAyiW8qkQd4dIKaB9M_NeIuG2trQtPKeRxFl4cfrdMpYHTzugO063Lkuf1nnMclfkQRd57cTPy-H-HTRc2reOkH1hMwyxauu8UiFqhuox1AAKAhuNRMZbDjZE8EBosECB6HRlcuL9AcUWN0k:1qxgc2:HtUHqJbMUsGXrT5vJfwYKIuzzcVx8eKmmTB-Z1Ke5dE	2023-11-14 04:44:22.821913+00
3hsxi5000vr5batl7u56ox15s1s5z4q6	.eJxVjEEOwiAQRe_C2hBnGAJ16d4zkAEGqRqalHbVeHdt0oVu_3vvbyrwutSwdpnDmNVFgTr9bpHTU9oO8oPbfdJpass8Rr0r-qBd36Ysr-vh_h1U7vVbDz6SK9kARAsxIhQU9kYGMs5mYz0KFUNnKki5QEKPKI4so0EWZPX-ANMdN2E:1qzPzb:2nc7qAIQI1FBim5Aq5Q79dtWvYfhnt920Ie3ERPr8UU	2023-11-18 23:23:51.754225+00
hw6m3ttokbpdv7gyx6rpc3k7dazed84f	.eJxVjMEOwiAQRP-FsyHAQosevfsNZJfdStXQpLQn47_bJj1oMqd5b-atEq5LSWuTOY2sLsqq029HmJ9Sd8APrPdJ56ku80h6V_RBm75NLK_r4f4dFGxlW0fpGHKEHjhHOQcx6C1kZArsyHoJfYiOgiHpkLcIZvHo4jCAMQjq8wX-gzjf:1qZl2O:9CkJ0xRnZOzZSoPl0waDDlw7uK7oLAEDUy3wulhHVVs	2023-09-09 04:36:40.926768+00
u316mnix5mstkzygx6xgfn09nhjoffpj	.eJxVjDsOwjAQBe_iGlnrf0xJzxmstXeNAyiW8qkQd4dIKaB9M_NeIuG2trQtPKeRxFl4cfrdMpYHTzugO063Lkuf1nnMclfkQRd57cTPy-H-HTRc2reOkH1hMwyxauu8UiFqhuox1AAKAhuNRMZbDjZE8EBosECB6HRlcuL9AcUWN0k:1qxgrA:QYcIfK2Pw3eWw6tq_IZCVJVvOGJ-QtMf9Jrf9SlG6J8	2023-11-14 05:00:00.554246+00
e4iw539lbxvh2kq8d8v4eegbacc4u3sl	.eJxVjMEOwiAQRP-FsyHAQosevfsNZJfdStXQpLQn47_bJj1oMqd5b-atEq5LSWuTOY2sLsqq029HmJ9Sd8APrPdJ56ku80h6V_RBm75NLK_r4f4dFGxlW0fpGHKEHjhHOQcx6C1kZArsyHoJfYiOgiHpkLcIZvHo4jCAMQjq8wX-gzjf:1qZlN8:i_hv5mjx2OhcuQ7qMkplbbIYcA1zJKwuSbfe97b3eGI	2023-09-09 04:58:06.495978+00
d02by5xs6qzxgsh8oht7g2ih6vivz8wa	.eJxVjEEOwiAQRe_C2hDKTBlw6d4zEBhAqoYmpV0Z765NutDtf-_9l_BhW6vfel78lMRZGHH63WLgR247SPfQbrPkua3LFOWuyIN2eZ1Tfl4O9--ghl6_dSTtbEF0gJgcU1CoqQDhqApZCBhNtpxyMWMBGJSChJqZBkdsWBfx_gDIGzdZ:1pqdjA:shVJ6zbPXfAV9SsY_8rlF9dNVvA5NnO3txo56d6KEIY	2023-05-07 17:42:20.656235+00
x3guntunf729e3q9kolxi7ilfixor5x3	.eJxVjMEOwiAQRP-FsyHAQosevfsNZJfdStXQpLQn47_bJj1oMqd5b-atEq5LSWuTOY2sLsqq029HmJ9Sd8APrPdJ56ku80h6V_RBm75NLK_r4f4dFGxlW0fpGHKEHjhHOQcx6C1kZArsyHoJfYiOgiHpkLcIZvHo4jCAMQjq8wX-gzjf:1qAJNC:s6mHvYyyXHEPYCDLmpoGJ0veX6Xyl_43HwE5DYb0SHk	2023-07-01 00:00:58.536657+00
tfe0d79lp2sfhfp36p3apgrgwj54hupa	.eJxVjDsOwjAQBe_iGlnrf0xJzxmstXeNAyiW8qkQd4dIKaB9M_NeIuG2trQtPKeRxFl4cfrdMpYHTzugO063Lkuf1nnMclfkQRd57cTPy-H-HTRc2reOkH1hMwyxauu8UiFqhuox1AAKAhuNRMZbDjZE8EBosECB6HRlcuL9AcUWN0k:1r2kxw:CilDbBRHmPUd_peXMyAmUmFX5dOtP26_HHTD0QZK43s	2023-11-28 04:23:56.800739+00
gtw7a5tmi0v71mfv00hbsp0npya7spsu	.eJxVjEEOwiAQRe_C2hDKTBlw6d4zEBhAqoYmpV0Z765NutDtf-_9l_BhW6vfel78lMRZGHH63WLgR247SPfQbrPkua3LFOWuyIN2eZ1Tfl4O9--ghl6_dSTtbEF0gJgcU1CoqQDhqApZCBhNtpxyMWMBGJSChJqZBkdsWBfx_gDIGzdZ:1prlTB:UCKGNzaYwLSgAcGR6NCSTQmBurWpOnIJyQhNs5YncW8	2023-05-10 20:10:29.569646+00
sr71kcsgrdvuq3ofaqfa2fiizn2h2mmt	.eJxVjMEOwiAQRP-FsyHAQosevfsNZJfdStXQpLQn47_bJj1oMqd5b-atEq5LSWuTOY2sLsqq029HmJ9Sd8APrPdJ56ku80h6V_RBm75NLK_r4f4dFGxlW0fpGHKEHjhHOQcx6C1kZArsyHoJfYiOgiHpkLcIZvHo4jCAMQjq8wX-gzjf:1qJLVA:fnivKs83j6JUyzCfjOYc_01kq1vc0IgCnm4zpPOqp6g	2023-07-25 22:06:32.755247+00
tpqjz3q8id5xu3m0vebfn6ki4ij77jt6	.eJxVjEEOwiAQRe_C2hDKTBlw6d4zEBhAqoYmpV0Z765NutDtf-_9l_BhW6vfel78lMRZGHH63WLgR247SPfQbrPkua3LFOWuyIN2eZ1Tfl4O9--ghl6_dSTtbEF0gJgcU1CoqQDhqApZCBhNtpxyMWMBGJSChJqZBkdsWBfx_gDIGzdZ:1pyfdZ:8a6ZJONrj2XLjasvB8Na0mxzo3s-Qd69qXKNswNAmis	2023-05-29 21:21:45.00873+00
5i2tpqjsnd4moe919dskoilhsv4qqahu	.eJxVjEEOwiAQRe_C2hDKTBlw6d4zEBhAqoYmpV0Z765NutDtf-_9l_BhW6vfel78lMRZGHH63WLgR247SPfQbrPkua3LFOWuyIN2eZ1Tfl4O9--ghl6_dSTtbEF0gJgcU1CoqQDhqApZCBhNtpxyMWMBGJSChJqZBkdsWBfx_gDIGzdZ:1pyfeG:d98pumYTT3GLuJNzHd6p7EjsFhDML9g8YKs4Oy8UkJo	2023-05-29 21:22:28.85723+00
ythlbbthv0pro0tkyem2w43m5fxzc7xv	.eJxVjDsOwjAQBe_iGlnrf0xJzxmstXeNAyiW8qkQd4dIKaB9M_NeIuG2trQtPKeRxFl4cfrdMpYHTzugO063Lkuf1nnMclfkQRd57cTPy-H-HTRc2reOkH1hMwyxauu8UiFqhuox1AAKAhuNRMZbDjZE8EBosECB6HRlcuL9AcUWN0k:1qvlYo:kgOsAFmq0Ig9NN6jCm2hAFVcAQqC96CvRoeSU1FixtQ	2023-11-08 21:37:06.215098+00
70kj32bnatzi27qt0suip8arepl4nten	.eJxVjEEOwiAQRe_C2hDKTBlw6d4zEBhAqoYmpV0Z765NutDtf-_9l_BhW6vfel78lMRZGHH63WLgR247SPfQbrPkua3LFOWuyIN2eZ1Tfl4O9--ghl6_dSTtbEF0gJgcU1CoqQDhqApZCBhNtpxyMWMBGJSChJqZBkdsWBfx_gDIGzdZ:1q1pWN:2CNxdqFWF_DUSj7_s69s25Aj9cm0t4OTmdJ7mYWwQeE	2023-06-07 14:31:23.035519+00
tcjvnw6mybc44h1o4o5arrqc85anszyq	.eJxVjMEOwiAQRP-FsyG4UAGP3vsNZHfZSNXQpLQn479Lkx70MJeZ9-atEm5rSVuTJU1ZXVVUp9-OkJ9S9yE_sN5nzXNdl4n0juhjbXqcs7xuB_t3ULCVbqO1IAzOOQIk30XrhJ23QSAyYM_ZGCHLF4xiyEMcBg4SMENmC-rzBfRPOE0:1qJcdG:tDa39sWm3KkC24RJSY0hNnQIS6KuqFG3rjxiMtKH6GA	2023-07-26 16:24:02.747792+00
5hazrzmxgzk41z76s4ou9f0wz8e8pvqn	.eJxVjEEOwiAQRe_C2hBnGAJ16d4zkAEGqRqalHbVeHdt0oVu_3vvbyrwutSwdpnDmNVFgTr9bpHTU9oO8oPbfdJpass8Rr0r-qBd36Ysr-vh_h1U7vVbDz6SK9kARAsxIhQU9kYGMs5mYz0KFUNnKki5QEKPKI4so0EWZPX-ANMdN2E:1sSUo0:ONhhHRsgvaYNvS1Of82OyqwEwA3vetGZJBmXPUZc0jQ	2024-07-27 04:56:20.491872+00
hfrkkqr72o8lro750s3hsgoxgb3r6l30	.eJxVjEEOwiAQRe_C2hBnGAJ16d4zkAEGqRqalHbVeHdt0oVu_3vvbyrwutSwdpnDmNVFgTr9bpHTU9oO8oPbfdJpass8Rr0r-qBd36Ysr-vh_h1U7vVbDz6SK9kARAsxIhQU9kYGMs5mYz0KFUNnKki5QEKPKI4so0EWZPX-ANMdN2E:1sYTli:RQycVnco9af9oz8VGfxUt1-cuRZcTWraBM5-R3_xH-4	2024-08-12 17:02:42.81814+00
\.


--
-- Data for Name: employee_alternatewagecode; Type: TABLE DATA; Schema: public; Owner: erp
--

COPY public.employee_alternatewagecode (id, hourly_rate, description, user_id) FROM stdin;
1	20.00	Exhibit Building	8
\.


--
-- Data for Name: employee_employee; Type: TABLE DATA; Schema: public; Owner: erp
--

COPY public.employee_employee (id, emp_id, emp_name, date_time_in, date_time_out, duration, hourly_rate, is_approved) FROM stdin;
1	1	 Robert Gray	2022-05-01T12:00	2022-05-01T18:00	6.00	12.00	f
2	1	 Jake johannson	2022-11-02T12:00	2022-11-02T16:00	4.00	12.00	f
3	9815	Bob Gray	2022-11-02T12:00	2022-11-02T16:00	4.00	12.00	f
\.


--
-- Data for Name: employee_invitee; Type: TABLE DATA; Schema: public; Owner: erp
--

COPY public.employee_invitee (id, email, authentication_code, user_id, organization_id, status, name, status_date, wage, inviter_id) FROM stdin;
22	jjohannson2002@gmail.com	W7kXf38jQK	\N	1	INVITED	Robert Gray	2023-08-25 04:46:23.993872+00	0.00	14
23	jjohannson@hotmail.com	AlzpfStFLa	\N	1	INVITED	Bob Gray	2023-08-26 04:37:19.494495+00	0.00	14
24	rgray@teknovention.com	fBroZ4pswH	\N	2	INVITED	Robert Gray	2023-10-16 03:19:01.710818+00	15.00	8
25	rgray@teknovention.com	IyQf25F6fZ	\N	2	INVITED	Bob Gray	2023-10-16 03:42:32.638884+00	25.00	8
26	rgray@teknovention.com	0Q6ST9RIDk	\N	1	INVITED	Robert Gray	2023-10-16 03:54:01.842579+00	65.00	14
27	jjohannson@hotmail.com	n5g805JrXa	\N	1	INVITED	Bo Gray	2023-10-16 03:56:49.595463+00	23.00	14
28	jjohannson@hotmail.com	sRfYejx0Is	\N	1	INVITED	Bo Gray	2023-10-16 04:07:08.859683+00	23.00	14
29	rgray@teknovention.com	znYb6HHGEt	\N	1	INVITED	Robert Gray	2023-10-16 04:08:57.090002+00	15.00	14
21	jjohannson@hotmail.com	5V3rnb1Is0	\N	2	REGISTERED	Jazzbo Johannson	2023-07-12 16:21:35.416417+00	15.00	\N
\.


--
-- Data for Name: employee_timesheetuser; Type: TABLE DATA; Schema: public; Owner: erp
--

COPY public.employee_timesheetuser (id, phone, organization_id, user_id, hourly_rate) FROM stdin;
11	5304481108	3	8	75.00
14	5304481108	1	1	0.00
8	5304481108	2	6	45.00
\.


--
-- Data for Name: employee_timesheetuser_approvers; Type: TABLE DATA; Schema: public; Owner: erp
--

COPY public.employee_timesheetuser_approvers (id, from_timesheetuser_id, to_timesheetuser_id) FROM stdin;
2	8	8
\.


--
-- Data for Name: employee_timesheetuser_org_manager; Type: TABLE DATA; Schema: public; Owner: erp
--

COPY public.employee_timesheetuser_org_manager (id, timesheetuser_id, organization_id) FROM stdin;
2	8	2
\.


--
-- Data for Name: inventory_childpart; Type: TABLE DATA; Schema: public; Owner: erp
--

COPY public.inventory_childpart (id, quantity, child_part_id, parent_part_id) FROM stdin;
2	1.00	7	6
\.


--
-- Data for Name: inventory_equipment; Type: TABLE DATA; Schema: public; Owner: erp
--

COPY public.inventory_equipment (serialpart_ptr_id, equipment_info) FROM stdin;
5	{"info": "Equipment Info"}
7	{"type": "Building"}
8	{"info": "none"}
10	{"name": "value"}
\.


--
-- Data for Name: inventory_inventorypart; Type: TABLE DATA; Schema: public; Owner: erp
--

COPY public.inventory_inventorypart (id, quantity, part_id) FROM stdin;
\.


--
-- Data for Name: inventory_part; Type: TABLE DATA; Schema: public; Owner: erp
--

COPY public.inventory_part (part_ptr_id) FROM stdin;
6
7
8
9
10
11
12
\.


--
-- Data for Name: inventory_serialpart; Type: TABLE DATA; Schema: public; Owner: erp
--

COPY public.inventory_serialpart (id, serial_description, man_serial_number, type, part_id, polymorphic_ctype_id, parent_serial_part_id) FROM stdin;
4	Serial Part 1 description	manufacturer serial part number 1	STANDARD	8	42	\N
5	Equipment 1 Serial Part	BIKE1	STANDARD	9	44	\N
7	\N	\N	EQUIPMENTEquipment	10	44	\N
8	Only one	\N	EQUIPMENTEquipment	11	44	\N
9	Mom's red Chevy Spark	\N	EQUIPMENTEquipment	12	42	\N
10	\N	\N	STANDARD	12	44	9
\.


--
-- Data for Name: invoice_invoice; Type: TABLE DATA; Schema: public; Owner: erp
--

COPY public.invoice_invoice (id, submitted, approved, date_submitted, date_approved, date_remitted, date_received, amount_remitted, received_amount, status, period_id) FROM stdin;
\.


--
-- Data for Name: invoice_invoiceentry; Type: TABLE DATA; Schema: public; Owner: erp
--

COPY public.invoice_invoiceentry (id, notes, invoice_id) FROM stdin;
\.


--
-- Data for Name: mailer_email; Type: TABLE DATA; Schema: public; Owner: erp
--

COPY public.mailer_email (id, sender, recipients, subject, message, date_sent, reply_tos, organization_id) FROM stdin;
30	neighborhoodnorth@mail.teknovention.com	{plumber@teknovention.com}	Regarding timesheet entry 2/2/2023, 4:00:00 PM - 2/2/2023, 6:00:00 PM  Neighborhood North	Hello Plumber NeighborhoodNorth,\nChristine Kroger has a question about your timesheet entry: \nIN: 2/2/2023, 4:00:00 PM\nOUT: 2/2/2023, 6:00:00 PM	2023-03-08 05:52:02.063339+00	{christine@neighborhoodnorth.com}	\N
31	neighborhoodnorth@mail.teknovention.com	{plumber@teknovention.com}	Regarding timesheet entry 2/2/2023, 4:00:00 PM - 2/2/2023, 6:00:00 PM  Neighborhood North	Hello Plumber NeighborhoodNorth,\nChristine Kroger has a question about your timesheet entry: \nIN: 2/2/2023, 4:00:00 PM\nOUT: 2/2/2023, 6:00:00 PM\nMy question is what's up with all the time that you entered?	2023-03-08 05:53:52.326798+00	{christine@neighborhoodnorth.com}	\N
32	neighborhoodnorth@mail.teknovention.com	{rgray@teknovention.com}	Regarding timesheet entry 2/2/2023, 4:00:00 PM - 2/2/2023, 6:00:00 PM  Neighborhood North	Hello Plumber NeighborhoodNorth,\nChristine Kroger has a question about your timesheet entry: \nIN: 2/2/2023, 4:00:00 PM\nOUT: 2/2/2023, 6:00:00 PM	2023-03-08 16:33:19.447237+00	{christine@neighborhoodnorth.com}	\N
33	neighborhoodnorth@mail.teknovention.com	{rgray@teknovention.com}	Regarding timesheet entry 2/2/2023, 4:00:00 PM - 2/2/2023, 6:00:00 PM  Neighborhood North	Hello Plumber NeighborhoodNorth,\nChristine Kroger has a question about your timesheet entry: \nIN: 2/2/2023, 4:00:00 PM\nOUT: 2/2/2023, 6:00:00 PM	2023-03-08 16:52:16.692695+00	{christine@neighborhoodnorth.com}	\N
34	neighborhoodnorth@mail.teknovention.com	{jjohannson@hotmail.com}	Regarding timesheet entry 2/2/2023, 4:00:00 PM - 2/2/2023, 6:00:00 PM  Neighborhood North	Hello Plumber NeighborhoodNorth,\nChristine Kroger has a question about your timesheet entry: \nIN: 2/2/2023, 4:00:00 PM\nOUT: 2/2/2023, 6:00:00 PM	2023-03-08 17:06:42.701183+00	{christine@neighborhoodnorth.com}	\N
35	neighborhoodnorth@mail.teknovention.com	{rgray@teknovention.com}	Regarding timesheet entry 2/2/2023, 4:00:00 PM - 2/2/2023, 6:00:00 PM  Neighborhood North	Hello Plumber NeighborhoodNorth,\n\nChristine Kroger has a question about your timesheet entry: \nIN: 2/2/2023, 4:00:00 PM\nOUT: 2/2/2023, 6:00:00 PM	2023-03-21 03:27:22.34249+00	{christine@neighborhoodnorth.com}	\N
36	neighborhoodnorth@mail.teknovention.com	{jjohannson2002@gmail.com}	Regarding timesheet entry 3/21/2023, 4:00:00 PM - 3/21/2023, 4:30:00 PM  Neighborhood North	Hello Bob Gray NN,\n\nBob Gray NN has a question about your timesheet entry: \nIN: 3/21/2023, 4:00:00 PM\nOUT: 3/21/2023, 4:30:00 PM	2023-03-27 02:47:27.206982+00	{jjohannson2002@gmail.com}	2
37	neighborhoodnorth@mail.teknovention.com	{jjohannson@hotmail.com}	Regarding timesheet entry 3/21/2023, 4:00:00 PM - 3/21/2023, 4:30:00 PM  Neighborhood North	Hello Bob Gray NN,\n\nBob Gray NN has a question about your timesheet entry: \nIN: 3/21/2023, 4:00:00 PM\nOUT: 3/21/2023, 4:30:00 PM	2023-03-27 02:49:35.498856+00	{jjohannson2002@gmail.com}	2
38	neighborhoodnorth@mail.teknovention.com	{jjohannson2002@gmail.com}	Regarding timesheet entry 3/21/2023, 2:30:00 PM - 3/21/2023, 4:00:00 PM  Neighborhood North	Hello Bob Gray NN,\n\nBob Gray NN has a question about your timesheet entry: \nIN: 3/21/2023, 2:30:00 PM\nOUT: 3/21/2023, 4:00:00 PM\nLet's try this one more time please.	2023-03-27 03:02:38.422384+00	{jjohannson2002@gmail.com}	2
39	neighborhoodnorth@mail.teknovention.com	{rgray@teknovention.com}	Regarding timesheet entry 3/21/2023, 2:30:00 PM - 3/21/2023, 4:00:00 PM  Neighborhood North	Hello Bob Gray NN,\n\nBob Gray NN has a question about your timesheet entry: \nIN: 3/21/2023, 2:30:00 PM\nOUT: 3/21/2023, 4:00:00 PM\n\nOkay now really, one more time.	2023-03-27 03:05:14.121945+00	{jjohannson2002@gmail.com}	2
40	neighborhoodnorth@mail.teknovention.com	{jjohannson2002@gmail.com}	Regarding timesheet entry 3/21/2023, 4:00:00 PM - 3/21/2023, 4:30:00 PM  Neighborhood North	Hello Bob Gray NN,\n\nBob Gray NN has a question about your timesheet entry: \nIN: 3/21/2023, 4:00:00 PM\nOUT: 3/21/2023, 4:30:00 PM	2023-03-27 03:24:42.822585+00	{jjohannson2002@gmail.com}	2
41	neighborhoodnorth@mail.teknovention.com	{"rgray@teknovention.com, jjohannson@hotmail.com"}	Regarding timesheet entry 3/21/2023, 4:00:00 PM - 3/21/2023, 4:30:00 PM  Neighborhood North	Hello Bob Gray NN,\n\nBob Gray NN has a question about your timesheet entry: \nIN: 3/21/2023, 4:00:00 PM\nOUT: 3/21/2023, 4:30:00 PM	2023-03-28 02:03:57.679659+00	{jjohannson2002@gmail.com}	2
46	neighborhoodnorth@mail.teknovention.com	{karissa-test@neighborhoodnorth.com}	Your timesheet for the period karissa@neighborhoodnorth.com 3/26/2023 - 4/9/2023 has not been submitted	Dear Karissa,\n\tYour timesheet is due for Neighborhood North.\nPlease reply to this message after it is submitted.	2023-04-01 23:52:08.098619+00	{}	2
47	neighborhoodnorth@mail.teknovention.com	{plumber@teknovention.com}	Your timesheet for the period plumberNN 3/26/2023 - 4/9/2023 has not been submitted	Dear Plumber,\n\tYour timesheet is due for Neighborhood North.\nPlease reply to this message after it is submitted.	2023-04-01 23:52:08.985623+00	{christine@neighborhoodnorth.com}	2
48	neighborhoodnorth@mail.teknovention.com	{jjohannson2002@gmail.com}	Your timesheet for the period bgray-nn 3/26/2023 - 4/9/2023 has not been submitted	Dear Bob,\n\tYour timesheet is due for Neighborhood North.\nPlease reply to this message after it is submitted.	2023-04-01 23:52:09.801502+00	{christine@neighborhoodnorth.com,jjohannson2002@gmail.com}	2
49	neighborhoodnorth@mail.teknovention.com	{christine@neighborhoodnorth.com}	Your timesheet for the period christine@neighborhoodnorth.com 3/26/2023 - 4/9/2023 has not been submitted	Dear Christine,\n\tYour timesheet is due for Neighborhood North.\nPlease reply to this message after it is submitted.	2023-04-01 23:52:10.744533+00	{christine@neighborhoodnorth.com,jjohannson2002@gmail.com}	2
50	mailer@mail.teknovention.com	{jjohannson@hotmail.com}	Tester from me	This is merely a test	2023-04-02 00:33:14.144427+00	{rgray@teknovention}	1
51	jjohannson2002@gmail.com	{jjohannson@hotmail.com}	Robert Gray has been invited to join Neighborhood North application.	Dear Robert Gray,\n\n	2023-07-10 17:51:42.795969+00	{jjohannson2002@gmail.com}	2
52	jjohannson2002@gmail.com	{jjohannson@hotmail.com}	Robert Gray has been invited to join Neighborhood North application.	Dear Robert Gray,\n\nPlease click on the link below and use the access code:  HZzbYgVdRp\n<a href="timesheet.teknovention.com/register?org=Neighborhood North"\n Thank you for joining our organization	2023-07-10 18:00:20.417578+00	{jjohannson2002@gmail.com}	2
53	jjohannson2002@gmail.com	{jjohannson@hotmail.com}	Robert Gray has been invited to join Neighborhood North application.	Dear Robert Gray,\n\nPlease click on the link below and use the access code:  A1h1MGlxmb\n<a href="timesheet.teknovention.com/register?org=2"</a>\n Thank you for joining our organization	2023-07-10 18:05:00.893554+00	{jjohannson2002@gmail.com}	2
54	jjohannson2002@gmail.com	{jjohannson@hotmail.com}	Robert Gray has been invited to join Neighborhood North application.	Dear Robert Gray,\n\nPlease click on the link below and use the access code:  hRBAUbcNUL\nhttps://timesheet.teknovention.com/register?org=2\n Thank you for joining our organization	2023-07-10 18:06:46.264051+00	{jjohannson2002@gmail.com}	2
55	jjohannson2002@gmail.com	{jjohannson@hotmail.com}	Robert Gray has been invited to join Neighborhood North application.	Dear Robert Gray,\n\nPlease click on the link below and use the access code:  XFDTtlWyhn\nhttp://localhost:9500/accounts/register?org=2\n Thank you for joining our organization	2023-07-10 18:28:17.39791+00	{jjohannson2002@gmail.com}	2
56	jjohannson2002@gmail.com	{jjohannson@hotmail.com}	Robert Gray has been invited to join Neighborhood North application.	Dear Robert Gray,\n\nPlease click on the link below and use the access code:  vGuk3UwIAo\nhttp://localhost:9500/accounts/register?org=2\n Thank you for joining our organization	2023-07-10 18:44:47.823353+00	{jjohannson2002@gmail.com}	2
57	rgray@teknovention.com	{jjohannson@hotmail.com}	Bob Gray has been invited to join Teknovention application.	Dear Bob Gray,\n\nPlease click on the link below and use the access code:  frNoNgvNjc\nhttp://localhost:9500/accounts/register?org=1\n Thank you for joining our organization	2023-07-11 06:10:16.198292+00	{rgray@teknovention.com}	1
58	rgray@teknovention.com	{rgray@teknovention.com}	Bob Gray has been invited to join Teknovention application.	Hello ,\nYou invited Bob Gray to join the timesheet system for Teknovention\nYou will receive another email once Bob Gray has registered with the site.\nYou can also check the status by going to the onboarding site of the application.\nPlease do not reply to this email.  It will go nowhere	2023-07-11 06:10:17.286652+00	{}	1
59	jjohannson2002@gmail.com	{jjohannson@hotmail.com}	Bob Gray has been invited to join Neighborhood North application.	Dear Bob Gray,\n\nPlease click on the link below and use the access code:  xzeJ1e1C5y\nhttp://localhost:9500/accounts/register?org=2\n Thank you for joining our organization	2023-07-11 06:15:21.049063+00	{jjohannson2002@gmail.com}	2
60	jjohannson2002@gmail.com	{jjohannson2002@gmail.com}	Bob Gray has been invited to join Neighborhood North application.	Hello Bob,\nYou invited Bob Gray to join the timesheet system for Neighborhood North\nYou will receive another email once Bob Gray has registered with the site.\nYou can also check the status by going to the onboarding site of the application.\nPlease do not reply to this email.  It will go nowhere	2023-07-11 06:15:22.275862+00	{}	2
61	jjohannson2002@gmail.com	{jjohannson@hotmail.com}	Welcome Bob Gray to the Neighborhood North application.	Dear Bob Gray,\n\nYou are now registered with the Neighborhood North application\nPlease go to http://localhost:9500/accounts/login/\n Thank you for joining our organization.	2023-07-11 06:37:11.216808+00	{}	2
62	jjohannson2002@gmail.com	{jjohannson@hotmail.com}	Welcome Bob Gray to the Neighborhood North application.	Dear Bob Gray,\n\nYou are now registered with the Neighborhood North application\nPlease go to http://localhost:9500/accounts/login/\n Thank you for joining our organization.	2023-07-11 06:39:11.670162+00	{}	2
63	jjohannson2002@gmail.com	{jjohannson2002@gmail.com}	Bob Gray has registered with the Neighborhood North application.	Dear Bob,\n\nBob Gray has registered with the Neighborhood North application with a wage of 30.00 per hourPlease do not respond to this email.	2023-07-11 06:39:12.738008+00	{}	2
64	rgray@teknovention.com	{jjohannson@hotmail.com}	Jake Jablonski has been invited to join Teknovention application.	Dear Jake Jablonski,\n\nPlease click on the link below and use the access code:  3O7fjHhzxp\nhttp://localhost:9500/accounts/register?org=1\n Thank you for joining our organization	2023-07-11 21:55:37.268939+00	{rgray@teknovention.com}	1
65	rgray@teknovention.com	{rgray@teknovention.com}	Jake Jablonski has been invited to join Teknovention application.	Hello ,\nYou invited Jake Jablonski to join the timesheet system for Teknovention\nYou will receive another email once Jake Jablonski has registered with the site.\nYou can also check the status by going to the onboarding site of the application.\nPlease do not reply to this email.  It will go nowhere	2023-07-11 21:55:38.507127+00	{}	1
66	jjohannson2002@gmail.com	{jjohannson@hotmail.com}	Jazzbo Johannson has been invited to join Neighborhood North application.	Dear Jazzbo Johannson,\n\nPlease click on the link below and use the access code:  Aaca0n4FHq\nhttp://localhost:9500/accounts/register?org=2\n Thank you for joining our organization	2023-07-11 22:02:52.780403+00	{jjohannson2002@gmail.com}	2
67	jjohannson2002@gmail.com	{jjohannson2002@gmail.com}	Jazzbo Johannson has been invited to join Neighborhood North application.	Hello Bob,\nYou invited Jazzbo Johannson to join the timesheet system for Neighborhood North\nYou will receive another email once Jazzbo Johannson has registered with the site.\nYou can also check the status by going to the onboarding site of the application.\nPlease do not reply to this email.  It will go nowhere	2023-07-11 22:02:54.11403+00	{}	2
68	jjohannson2002@gmail.com	{jjohannson@hotmail.com}	Welcome Jazzbo Johannson to the Neighborhood North application.	Dear Jazzbo Johannson,\n\nYou are now registered with the Neighborhood North application\nPlease go to http://localhost:9500/accounts/login/\n Thank you for joining our organization.	2023-07-11 22:10:32.154034+00	{}	2
69	jjohannson2002@gmail.com	{jjohannson2002@gmail.com}	Jazzbo Johannson has registered with the Neighborhood North application.	Dear Bob,\n\nJazzbo Johannson has registered with the Neighborhood North application with a wage of 12.00 per hour.\nPlease do not respond to this email.	2023-07-11 22:10:33.331443+00	{}	2
70	christine@neighborhoodnorth.com	{jjohannson@hotmail.com}	Jazzbo Johannson has been invited to join Neighborhood North application.	Dear Jazzbo Johannson,\n\nPlease click on the link below and use the access code:  5V3rnb1Is0\nhttp://localhost:9500/accounts/register?org=2\n Thank you for joining our organization	2023-07-12 16:17:45.180638+00	{christine@neighborhoodnorth.com}	2
71	christine@neighborhoodnorth.com	{christine@neighborhoodnorth.com}	Jazzbo Johannson has been invited to join Neighborhood North application.	Hello Christine,\nYou invited Jazzbo Johannson to join the timesheet system for Neighborhood North\nYou will receive another email once Jazzbo Johannson has registered with the site.\nYou can also check the status by going to the onboarding site of the application.\nPlease do not reply to this email.  It will go nowhere	2023-07-12 16:17:46.340574+00	{}	2
72	christine@neighborhoodnorth.com	{jjohannson@hotmail.com}	Welcome Jazzbo Johannson to the Neighborhood North application.	Dear Jazzbo Johannson,\n\nYou are now registered with the Neighborhood North application\nPlease go to http://localhost:9500/accounts/login/\n Thank you for joining our organization.	2023-07-12 16:21:36.865351+00	{}	2
73	christine@neighborhoodnorth.com	{christine@neighborhoodnorth.com}	Jazzbo Johannson has registered with the Neighborhood North application.	Dear Christine,\n\nJazzbo Johannson has registered with the Neighborhood North application with a wage of 15.00 per hour.\nPlease do not respond to this email.	2023-07-12 16:21:38.01473+00	{}	2
74	rgray@ttsa.net	{jjohannson2002@gmail.com}	Robert Gray has been invited to join Teknovention application.	Dear Robert Gray,\n\nPlease click on the link below and use the access code:  W7kXf38jQK\nhttp://localhost:9500/accounts/register?org=1\n Thank you for joining our organization	2023-08-25 04:46:30.388058+00	{rgray@teknovention.com}	1
75	rgray@ttsa.net	{rgray@teknovention.com}	Robert Gray has been invited to join Teknovention application.	Hello ,\nYou invited Robert Gray to join the timesheet system for Teknovention\nYou will receive another email once Robert Gray has registered with the site.\nYou can also check the status by going to the onboarding site of the application.\nPlease do not reply to this email.  It will go nowhere	2023-08-25 04:46:35.607523+00	{}	1
76	rgray@ttsa.net	{jjohannson@hotmail.com}	Bob Gray has been invited to join Teknovention application.	Dear Bob Gray,\n\nPlease click on the link below and use the access code:  AlzpfStFLa\nhttp://localhost:9500/accounts/register?org=1\n Thank you for joining our organization	2023-08-26 04:37:21.459526+00	{rgray@teknovention.com}	1
77	rgray@ttsa.net	{rgray@teknovention.com}	Bob Gray has been invited to join Teknovention application.	Hello ,\nYou invited Bob Gray to join the timesheet system for Teknovention\nYou will receive another email once Bob Gray has registered with the site.\nYou can also check the status by going to the onboarding site of the application.\nPlease do not reply to this email.  It will go nowhere	2023-08-26 04:37:23.030361+00	{}	1
78	mailer@teknovention.com	{rgray@teknovention.com}	User reset information request for rgray@teknovention.com	Dear User with email rgray@teknovention.com,\nYou are getting this email because you requested a either a password reset or username information.\nIt looks as you have more that one account with this email.  We will list each account for you.\n\n Your username: rgray\n To reset password please click on the <a href='http://localhost:9500/reset?code=XnMWrqgrTX&user_id=1>link.</a>\n\n Your username: rgray-tf\n To reset password please click on the <a href='http://localhost:9500/reset?code=XnMWrqgrTX&user_id=8>link.</a>	2023-10-12 17:02:23.756761+00	{}	\N
79	mailer@teknovention.com	{jjohannson@hotmail.com}	User reset information request for jjohannson@hotmail.com	Dear User with email jjohannson@hotmail.com,\nYou are getting this email because you requested a either a password reset or username information.\n\n Your username: jazzbo\n To reset password please click on the link http://localhost:9500/reset?code=3rcuAve0Ec&user_id=34	2023-10-12 17:09:16.087011+00	{}	\N
80	mailer@teknovention.com	{jjohannson@hotmail.com}	User reset information request for jjohannson@hotmail.com	Dear User with email jjohannson@hotmail.com,\nYou are getting this email because you requested a either a password reset or username information.\n\n Your username: jazzbo\n To reset password please click on the link http://localhost:9500/accounts/reset?code=srgPCOiNmU&user_id=34	2023-10-13 18:28:48.017597+00	{}	\N
81	mailer@teknovention.com	{jjohannson@hotmail.com}	User reset information request for jjohannson@hotmail.com	Dear User with email jjohannson@hotmail.com,\nYou are getting this email because you requested a either a password reset or username information.\n\n Your username: jazzbo\n To reset password please click on the link http://localhost:9500/accounts/reset?code=SW99NE5NYx&user_id=34	2023-10-13 18:34:38.533659+00	{}	\N
82	mailer@teknovention.com	{rgray@teknovention.com}	User reset information request for rgray@teknovention.com	Dear User with email rgray@teknovention.com,\nYou are getting this email because you requested a either a password reset or username information.\nIt looks as you have more that one account with this email.  We will list each account for you.\n\n Your username: rgray-tf\n To reset password please click on the link http://localhost:9500/accounts/reset?code=XBjCrIN3Ti&user_id=8\n\n Your username: rgray\n To reset password please click on the link http://localhost:9500/accounts/reset?code=XBjCrIN3Ti&user_id=1	2023-10-13 18:35:48.893096+00	{}	\N
83	neighborhoodnorth@mail.teknovention.com	{jjohannson2002@gmail.com}	Regarding timesheet entry 10/16/2023, 12:00:00 PM - 10/16/2023, 2:00:00 PM  Neighborhood North	Hello Bob Gray NN,\n\nBob Gray NN has a question about your timesheet entry: \nIN: 10/16/2023, 12:00:00 PM\nOUT: 10/16/2023, 2:00:00 PM	2023-10-16 03:12:21.681763+00	{jjohannson2002@gmail.com}	2
84	neighborhoodnorth@mail.teknovention.com	{rgray@teknovention.com}	Robert Gray has been invited to join Neighborhood North application.	Dear Robert Gray,\n\nPlease click on the link below and use the access code:  fBroZ4pswH\nhttp://localhost:9500/accounts/register?org=2\n Thank you for joining our organization	2023-10-16 03:19:02.989581+00	{jjohannson2002@gmail.com}	2
85	neighborhoodnorth@mail.teknovention.com	{jjohannson2002@gmail.com}	Robert Gray has been invited to join Neighborhood North application.	Hello Bob,\nYou invited Robert Gray to join the timesheet system for Neighborhood North\nYou will receive another email once Robert Gray has registered with the site.\nYou can also check the status by going to the onboarding site of the application.\nPlease do not reply to this email.  It will go nowhere	2023-10-16 03:19:04.259201+00	{}	2
86	neighborhoodnorth@mail.teknovention.com	{rgray@teknovention.com}	Bob Gray has been invited to join Neighborhood North application.	Dear Bob Gray,\n\nPlease click on the link below and use the access code:  IyQf25F6fZ\nhttp://localhost:9500/accounts/register?org=2\n Thank you for joining our organization	2023-10-16 03:42:33.929985+00	{jjohannson2002@gmail.com}	2
87	neighborhoodnorth@mail.teknovention.com	{jjohannson2002@gmail.com}	Bob Gray has been invited to join Neighborhood North application.	Hello Bob,\nYou invited Bob Gray to join the timesheet system for Neighborhood North\nYou will receive another email once Bob Gray has registered with the site.\nYou can also check the status by going to the onboarding site of the application.\nPlease do not reply to this email.  It will go nowhere	2023-10-16 03:42:35.029419+00	{}	2
88	rgray@ttsa.net	{rgray@teknovention.com}	Robert Gray has been invited to join Teknovention application.	Dear Robert Gray,\n\nPlease click on the link below and use the access code:  0Q6ST9RIDk\nhttp://localhost:9500/accounts/register?org=1\n Thank you for joining our organization	2023-10-16 03:54:03.046698+00	{rgray@teknovention.com}	1
89	rgray@ttsa.net	{rgray@teknovention.com}	Robert Gray has been invited to join Teknovention application.	Hello ,\nYou invited Robert Gray to join the timesheet system for Teknovention\nYou will receive another email once Robert Gray has registered with the site.\nYou can also check the status by going to the onboarding site of the application.\nPlease do not reply to this email.  It will go nowhere	2023-10-16 03:54:04.177167+00	{}	1
90	mailer@mail.teknovention.com	{jjohannson@hotmail.com}	Bo Gray has been invited to join Teknovention application.	Dear Bo Gray,\n\nPlease click on the link below and use the access code:  sRfYejx0Is\nhttp://localhost:9500/accounts/register?org=1\n Thank you for joining our organization	2023-10-16 04:07:09.715811+00	{rgray@teknovention.com}	1
91	mailer@mail.teknovention.com	{rgray@teknovention.com}	Bo Gray has been invited to join Teknovention application.	Hello ,\nYou invited Bo Gray to join the timesheet system for Teknovention\nYou will receive another email once Bo Gray has registered with the site.\nYou can also check the status by going to the onboarding site of the application.\nPlease do not reply to this email.  It will go nowhere	2023-10-16 04:07:10.391863+00	{}	1
92	mailer@mail.teknovention.com	{rgray@teknovention.com}	Robert Gray has been invited to join Teknovention application.	Dear Robert Gray,\n\nPlease click on the link below and use the access code:  znYb6HHGEt\nhttp://localhost:9500/accounts/register?org=1\n Thank you for joining our organization	2023-10-16 04:08:57.748178+00	{rgray@teknovention.com}	1
93	mailer@mail.teknovention.com	{rgray@teknovention.com}	Robert Gray has been invited to join Teknovention application.	Hello ,\nYou invited Robert Gray to join the timesheet system for Teknovention\nYou will receive another email once Robert Gray has registered with the site.\nYou can also check the status by going to the onboarding site of the application.\nPlease do not reply to this email.  It will go nowhere	2023-10-16 04:08:58.44229+00	{}	1
94	mailer@mail.teknovention.com	{rgray@teknovention.com}	User reset information request for rgray@teknovention.com	Dear User with email rgray@teknovention.com,\nYou are getting this email because you requested either a password reset or username information.\nIt looks as if you have more than one account with this email.  We will list each account for you.\n\n Your username: rgray-tf\n To reset password please click on the link http://localhost:9500/accounts/reset?code=ekEwDg8yNC&user_id=8\n\n Your username: rgray\n To reset password please click on the link http://localhost:9500/accounts/reset?code=ekEwDg8yNC&user_id=1	2023-10-16 04:20:27.483145+00	{}	\N
95	rgray@teknovention.com	{rgray@teknovention.com}	User reset information request for rgray@teknovention.com	Dear User with email rgray@teknovention.com,\nYou are getting this email because you requested either a password reset or username information.\nIt looks as if you have more than one account with this email.  We will list each account for you.\n\n Your username: rgray\n To reset password please click on the link http://localhost:9500/accounts/reset?code=ifcIAx9VqG&user_id=1\n\n Your username: rgray-tf\n To reset password please click on the link http://localhost:9500/accounts/reset?code=ifcIAx9VqG&user_id=8	2023-10-25 21:30:46.794835+00	{}	\N
96	neighborhoodnorth@mail.teknovention.com	{rgray@teknovention.com}	Regarding timesheet entry 6/19/2023, 3:00:00 PM - 6/19/2023, 6:00:00 PM  Neighborhood North	Hello Bob Gray NN,\n\nBob Gray NN has a question about your timesheet entry: \nIN: 6/19/2023, 3:00:00 PM\nOUT: 6/19/2023, 6:00:00 PM	2023-11-14 07:09:18.063021+00	{jjohannson2002@gmail.com}	2
97	rgray@teknovention.com	{rgray@teknovention.com}	User reset information request for rgray@teknovention.com	Dear User with email rgray@teknovention.com,\nYou are getting this email because you requested either a password reset or username information.\nIt looks as if you have more than one account with this email.  We will list each account for you.\n\n Your username: rgray\n To reset password please click on the link http://localhost:9500/accounts/reset?code=9CWgK9VBr5&user_id=1\n\n Your username: rgray-tf\n To reset password please click on the link http://localhost:9500/accounts/reset?code=9CWgK9VBr5&user_id=8	2023-11-27 18:14:14.847455+00	{}	\N
98	rgray@teknovention.com	{rgray@teknovention.com}	User reset information request for rgray@teknovention.com	Dear User with email rgray@teknovention.com,\nYou are getting this email because you requested either a password reset or username information.\nIt looks as if you have more than one account with this email.  We will list each account for you.\n\n Your username: rgray\n To reset password please click on the link http://localhost:9500/accounts/reset?code=mnyEKXmTBK&user_id=1\n\n Your username: rgray-tf\n To reset password please click on the link http://localhost:9500/accounts/reset?code=mnyEKXmTBK&user_id=8	2023-11-27 18:22:48.679959+00	{}	\N
99	rgray@teknovention.com	{rgray@teknovention.com}	User reset information request for rgray@teknovention.com	Dear User with email rgray@teknovention.com,\nYou are getting this email because you requested either a password reset or username information.\nIt looks as if you have more than one account with this email.  We will list each account for you.\n\n Your username: rgray\n To reset password please click on the link http://localhost:9500/accounts/reset?code=XnnZHWjcFu&user_id=1\n\n Your username: rgray-tf\n To reset password please click on the link http://localhost:9500/accounts/reset?code=XnnZHWjcFu&user_id=8	2023-11-27 18:23:55.858745+00	{}	\N
100	mailer@mail.teknovention.com	{rgray@teknovention.com}	User reset information request for rgray@teknovention.com	Dear User with email rgray@teknovention.com,\nYou are getting this email because you requested either a password reset or username information.\nIt looks as if you have more than one account with this email.  We will list each account for you.\n\n Your username: rgray\n To reset password please click on the link http://localhost:9500/accounts/reset?code=OjWxPxZsu9&user_id=1\n\n Your username: rgray-tf\n To reset password please click on the link http://localhost:9500/accounts/reset?code=OjWxPxZsu9&user_id=8	2023-11-27 18:49:29.226524+00	{}	\N
101	mailer@mail.teknovention.com	{rgray@teknovention.com}	User reset information request for rgray@teknovention.com	Dear User with email rgray@teknovention.com,\nYou are getting this email because you requested either a password reset or username information.\nIt looks as if you have more than one account with this email.  We will list each account for you.\n\n Your username: rgray\n To reset password please click on the link http://localhost:9500/accounts/reset?code=QCMfdnQHna&user_id=1\n\n Your username: rgray-tf\n To reset password please click on the link http://localhost:9500/accounts/reset?code=QCMfdnQHna&user_id=8	2023-11-27 21:07:08.62611+00	{}	\N
102	mailer@mail.teknovention.com	{jjohannson@hotmail.com}	User reset information request for jjohannson@hotmail.com	Dear User with email jjohannson@hotmail.com,\nYou are getting this email because you requested either a password reset or username information.\n\n Your username: jazzbo\n To reset password please click on the link http://localhost:9500/accounts/reset?code=UxRWq1CKxX&user_id=34	2023-11-27 21:14:48.869371+00	{}	\N
103	mailer@mail.teknovention.com	{jjohannson@hotmail.com}	User reset information request for jjohannson@hotmail.com	Dear User with email jjohannson@hotmail.com,\nYou are getting this email because you requested either a password reset or username information.\n\n Your username: jazzbo\n To reset password please click on the link http://localhost:9500/accounts/reset?code=i68keeehxd&user_id=34	2023-11-27 21:15:51.848758+00	{}	\N
104	mailer@mail.teknovention.com	{jjohannson@hotmail.com}	User reset information request for jjohannson@hotmail.com	Dear User with email jjohannson@hotmail.com,\nYou are getting this email because you requested either a password reset or username information.\n\n Your username: jazzbo\n To reset password please click on the link http://localhost:9500/accounts/reset?code=AtdQuGPrzz&user_id=34	2023-11-27 21:16:57.638267+00	{}	\N
105	mailer@mail.teknovention.com	{jjohannson@hotmail.com}	User reset information request for jjohannson@hotmail.com	Dear User with email jjohannson@hotmail.com,\nYou are getting this email because you requested either a password reset or username information.\n\n Your username: jazzbo\n To reset password please click on the link http://localhost:9500/accounts/reset?code=cADa4mWUGm&user_id=34	2023-11-28 00:00:30.506992+00	{}	\N
\.


--
-- Data for Name: organizations_organization; Type: TABLE DATA; Schema: public; Owner: erp
--

COPY public.organizations_organization (id, name, street1, street2, city, zip, state, phone, mailer_email, timezone) FROM stdin;
3	Taskforce	11057 Torrey Pine Road	\N	Truckee	96161	CA	5304481108	robert.gray@taskforce.app	America/Los_Angeles
2	Neighborhood North	716 14th Street	\N	Beaver Falls	15010	PA	7257777777	neighborhoodnorth@mail.teknovention.com	America/New_York
1	Teknovention	11058 Torrey Pine Road	\N	Truckee	96161	CA	5304481108	mailer@mail.teknovention.com	America/Los_Angeles
4	Optidefense USA	11058 Torrey Pine Road	\N	Truckee	96161	CA	5555555555	rgray@teknovention.com	America/New_York
5	daniel-harper.com	612 Washington Avenue	\N	Monaca	15061	PA	6468248609	daniel@daniel-harper.com	America/New_York
\.


--
-- Data for Name: organizations_periodtype; Type: TABLE DATA; Schema: public; Owner: erp
--

COPY public.organizations_periodtype (id, name, seed_date, dates_of_month, organization_id) FROM stdin;
3	monthly	2022-11-01 08:00:00+00	{1}	3
1	biweekly	2023-07-02 05:00:00+00	{1}	2
2	semimonthly	2022-11-07 08:00:00+00	{1,16}	1
\.


--
-- Data for Name: projects_project; Type: TABLE DATA; Schema: public; Owner: erp
--

COPY public.projects_project (id, name, description, owner_id, active, finished_date, start_date) FROM stdin;
1	Laser Control System	This is the Laser Control System project for Optidefense.	1	t	\N	2024-07-16 06:22:06.539304+00
2	Torrey Pine House Exterior Painting	Paint exterior of house at 11058 Torrey Pine Road	1	t	\N	2024-07-16 06:26:24.112461+00
3	Teknovention ERP Development	Developing the ERP (Enterprise Resource Package) for Teknovention.	1	t	\N	2024-07-16 06:28:07.281349+00
4	Balancing Platform	Designing a balancing platform for an art installation that dims one led and brightens another depending on how well the platform is balanced.	1	t	\N	2024-07-19 05:57:38.412537+00
5	Nissan Frontier Maintenance	This project contains all the work to be done for the Nissan Frontier including:\r\nOil Changes	1	t	\N	2024-07-23 21:19:56.152961+00
6	Laburnham House Maintenance and Selling	Selling the Laburnham House.  All work to be done for selling the house	1	t	\N	2024-07-25 06:02:46.309708+00
7	Volunteering Neighborhood North	Project that encompasses volunteer work for Neighborhood North, Museum of Play	1	t	\N	2024-07-30 23:54:31.289425+00
\.


--
-- Data for Name: projects_project_contributors; Type: TABLE DATA; Schema: public; Owner: erp
--

COPY public.projects_project_contributors (id, project_id, user_id) FROM stdin;
1	1	1
2	2	1
3	3	1
4	4	1
5	5	1
6	6	1
7	7	1
\.


--
-- Data for Name: projects_project_organizations; Type: TABLE DATA; Schema: public; Owner: erp
--

COPY public.projects_project_organizations (id, project_id, organization_id) FROM stdin;
1	1	4
2	2	1
3	3	1
4	4	1
5	4	5
6	5	1
7	6	1
8	7	2
\.


--
-- Data for Name: purchasing_item; Type: TABLE DATA; Schema: public; Owner: erp
--

COPY public.purchasing_item (id, name, description, polymorphic_ctype_id, organization_id) FROM stdin;
9	Equipment1	My first Equipement	40	1
8	SerialPart1	First serial part	40	1
7	InventoryPart2	Second Inventory Part	40	1
6	InventoryPart1	First Inventory Part 1	40	1
3	Part1	My first part	34	1
5	Subscription1	My first subscription	32	1
4	Service1	My first service	33	1
10	Laburnham House	Home at 10599 Laburnham Circle	40	1
11	Nissan Frontier 4X4 2008	Nissan Frontier 4X4 2008 Crew Cab	40	1
12	Chevy Spark 2014	Chevy Spark 204 Mom's car.	40	1
\.


--
-- Data for Name: purchasing_manufacturer; Type: TABLE DATA; Schema: public; Owner: erp
--

COPY public.purchasing_manufacturer (id, name, email, website, phone, is_active, notes, organization_id) FROM stdin;
1	Teknovention	manufacturing@teknovention.com	teknovention.com	5304481108	t	Manufacturer for Teknovention	2
2	Canakit	\N	www.canakit.com	\N	t	\N	2
3	Apple	\N	apple.com	\N	t	\N	2
4	TP-LINK	\N	\N	\N	t	Here is a note for TP-LINK	2
5	Lionel	\N	\N	\N	t	Lionel Train Company	2
6	Adafruit Industriess Incorporated LLC	\N	adafruit.com	\N	t		1
\.


--
-- Data for Name: purchasing_part; Type: TABLE DATA; Schema: public; Owner: erp
--

COPY public.purchasing_part (item_ptr_id) FROM stdin;
3
6
7
8
9
10
11
12
\.


--
-- Data for Name: purchasing_payment; Type: TABLE DATA; Schema: public; Owner: erp
--

COPY public.purchasing_payment (id, payment_date, amount, account_id, order_id) FROM stdin;
\.


--
-- Data for Name: purchasing_paymentaccount; Type: TABLE DATA; Schema: public; Owner: erp
--

COPY public.purchasing_paymentaccount (id, name, type, last_four, active) FROM stdin;
\.


--
-- Data for Name: purchasing_purchaseitem; Type: TABLE DATA; Schema: public; Owner: erp
--

COPY public.purchasing_purchaseitem (id, type, units, item_id) FROM stdin;
1	PART	EACH	3
2	PART	EACH	6
3	PART	EACH	8
\.


--
-- Data for Name: purchasing_purchaseitem_manufacturer; Type: TABLE DATA; Schema: public; Owner: erp
--

COPY public.purchasing_purchaseitem_manufacturer (id, purchaseitem_id, manufacturer_id) FROM stdin;
1	1	1
2	2	1
3	3	1
\.


--
-- Data for Name: purchasing_purchaseitem_vendor; Type: TABLE DATA; Schema: public; Owner: erp
--

COPY public.purchasing_purchaseitem_vendor (id, purchaseitem_id, vendor_id) FROM stdin;
1	1	1
2	2	1
3	3	1
\.


--
-- Data for Name: purchasing_purchaseorder; Type: TABLE DATA; Schema: public; Owner: erp
--

COPY public.purchasing_purchaseorder (id, sub_total, shipping, tax, total, create_date, organization_id, vendor_id, orderer_id, purchaser_id, status, status_change_date) FROM stdin;
1	0.00	0.00	0.00	0.00	2023-04-20 00:06:06.1131+00	2	1	6	6	CREATED	2023-04-20 00:06:06.113119+00
4	-0.15	0.00	0.00	0.00	2023-04-20 02:42:26.071151+00	2	1	6	6	SUBMITTED	2023-04-20 02:42:26.07116+00
\.


--
-- Data for Name: purchasing_purchaseorderhistory; Type: TABLE DATA; Schema: public; Owner: erp
--

COPY public.purchasing_purchaseorderhistory (id, status, status_change_date, purchase_order_id) FROM stdin;
1	CREATED	2023-04-20 02:41:10.585145+00	4
2	SUBMITTED	2023-04-20 02:42:26.073544+00	4
\.


--
-- Data for Name: purchasing_purchaseorderitem; Type: TABLE DATA; Schema: public; Owner: erp
--

COPY public.purchasing_purchaseorderitem (id, quantity, unit_cost, total_cost, purchase_item_id, purchase_order_id, status, status_change_date) FROM stdin;
2	3.00	20.00	60.00	1	1	ORDERED	2023-04-20 01:56:03.279135+00
3	1.00	1.00	1.00	3	1	ENTERED	2023-04-20 02:43:25.342507+00
\.


--
-- Data for Name: purchasing_purchaseorderitemhistory; Type: TABLE DATA; Schema: public; Owner: erp
--

COPY public.purchasing_purchaseorderitemhistory (id, status_change_date, purchase_order_item_id, status) FROM stdin;
2	2023-04-20 01:54:47.887018+00	2	ENTERED
3	2023-04-20 01:56:03.281494+00	2	ORDERED
4	2023-04-20 02:43:25.343448+00	3	ENTERED
\.


--
-- Data for Name: purchasing_service; Type: TABLE DATA; Schema: public; Owner: erp
--

COPY public.purchasing_service (item_ptr_id, is_recurring) FROM stdin;
4	f
\.


--
-- Data for Name: purchasing_subscription; Type: TABLE DATA; Schema: public; Owner: erp
--

COPY public.purchasing_subscription (item_ptr_id, is_recurring) FROM stdin;
5	t
\.


--
-- Data for Name: purchasing_vendor; Type: TABLE DATA; Schema: public; Owner: erp
--

COPY public.purchasing_vendor (id, name, email, website, phone, is_active, organization_id, notes) FROM stdin;
1	teknovention.com	bgray@teknovention.com	teknovention-new.com	5304481108	t	2	\N
5	amazon.com	accounting@amazon.com	amazon.com	1800amazon	t	2	\N
8	amazo	\N	\N	\N	t	2	\N
9	Ace Hardware (GreenTree)	\N	\N	\N	t	2	\N
2	teknov	test@vendor.com	vendor.net	5304481108	t	2	\N
3	my test vendor	\N	\N	\N	t	2	This is only a test
10	craigs hardware	\N	\N	\N	t	2	Craigs hardware notes
11	Mountain Hardware (Truckee Airport)	\N	\N	5305632950	t	1	Mountain Hardware on Soaring Way.
7	Digikey	sales@digikey.com	digikey.com	\N	t	1	Digikey
\.


--
-- Data for Name: schedule_calendar; Type: TABLE DATA; Schema: public; Owner: erp
--

COPY public.schedule_calendar (id, name, slug) FROM stdin;
1	Neighborhood North Main	neighborhood-north-main
2	Teknovention General Calendar	teknoventiongeneralcalendar
\.


--
-- Data for Name: schedule_calendarrelation; Type: TABLE DATA; Schema: public; Owner: erp
--

COPY public.schedule_calendarrelation (id, object_id, distinction, inheritable, calendar_id, content_type_id) FROM stdin;
\.


--
-- Data for Name: schedule_event; Type: TABLE DATA; Schema: public; Owner: erp
--

COPY public.schedule_event (id, start, "end", title, description, created_on, updated_on, end_recurring_period, calendar_id, creator_id, rule_id, color_event) FROM stdin;
\.


--
-- Data for Name: schedule_eventrelation; Type: TABLE DATA; Schema: public; Owner: erp
--

COPY public.schedule_eventrelation (id, object_id, distinction, content_type_id, event_id) FROM stdin;
\.


--
-- Data for Name: schedule_occurrence; Type: TABLE DATA; Schema: public; Owner: erp
--

COPY public.schedule_occurrence (id, title, description, start, "end", cancelled, original_start, original_end, created_on, updated_on, event_id) FROM stdin;
\.


--
-- Data for Name: schedule_rule; Type: TABLE DATA; Schema: public; Owner: erp
--

COPY public.schedule_rule (id, name, description, frequency, params) FROM stdin;
\.


--
-- Data for Name: timesheets_timesheetentry; Type: TABLE DATA; Schema: public; Owner: erp
--

COPY public.timesheets_timesheetentry (id, date_time_entry, date_time_in, date_time_out, duration, is_approved, user_id, period_id, notes, hourly_rate, project_id) FROM stdin;
79	2023-03-21 23:08:21.22692+00	2023-03-21 14:30:00+00	2023-03-21 16:00:00+00	1.50	f	8	71	Oh right doing great stuff with hourly rates	20.00	\N
80	2023-03-21 23:21:09.783223+00	2023-03-21 16:00:00+00	2023-03-21 16:30:00+00	0.50	f	8	71	Increased wage to 45$	45.00	\N
81	2023-03-28 04:53:51.830009+00	2023-03-27 23:00:00+00	2023-03-27 23:30:00+00	0.50	f	8	74	Adding timesheet period	45.00	\N
83	2023-10-14 19:50:51.514234+00	2023-10-13 12:00:00+00	2023-10-13 13:00:00+00	1.00	f	8	76	Testing to see if alternate wage code goes in.	45.00	\N
84	2023-10-14 19:58:01.590935+00	2023-05-22 12:00:00+00	2023-05-22 13:00:00+00	1.00	f	8	78	wage code change	20.00	\N
85	2023-10-14 20:09:58.102352+00	2023-10-16 12:00:00+00	2023-10-16 14:00:00+00	2.00	f	8	79	We are adding another wage code difference	20.00	\N
86	2023-10-14 20:11:06.070908+00	2023-05-23 14:00:00+00	2023-05-23 18:00:00+00	4.00	f	8	78	Testing with another wage code	20.00	\N
87	2023-10-14 20:11:59.603459+00	2023-05-24 17:00:00+00	2023-05-24 19:00:00+00	2.00	f	8	78	Adding with base code	45.00	\N
89	2023-11-14 04:26:02.186437+00	2023-06-19 15:00:00+00	2023-06-19 18:00:00+00	3.00	f	8	80	Test with alternates	45.00	\N
88	2023-11-14 04:25:20.85404+00	2023-06-19 12:00:00+00	2023-06-19 14:00:00+00	2.00	f	8	80	Test with normal wages	45.00	\N
73	2023-01-21 05:05:19.287114+00	2023-01-02 04:00:00+00	2023-01-02 05:00:00+00	1.00	f	11	67	Tester gain	75.00	\N
60	2022-12-13 01:34:20.17935+00	2022-12-12 12:00:00+00	2022-12-12 15:00:00+00	4.00	f	11	57	Adding a test time for De. 12 we are doing well	75.00	\N
74	2023-01-22 21:18:50.346524+00	2023-01-22 02:00:00+00	2023-01-22 04:00:00+00	2.00	f	11	67	This is a test	75.00	\N
57	2022-11-24 05:15:54.891934+00	2022-11-22 09:00:00+00	2022-11-22 11:00:00+00	2.00	f	11	56	\N	75.00	\N
71	2023-01-20 16:14:38.967528+00	2023-01-15 00:00:00+00	2023-01-15 02:00:00+00	2.00	t	8	65	Testing again	20.00	\N
65	2022-12-19 16:53:22.016198+00	2022-12-14 11:00:00+00	2022-12-14 12:30:00+00	1.50	t	8	54	Test for datetime transfer\r\n	20.00	\N
59	2022-12-06 22:50:37.505606+00	2022-12-06 16:00:00+00	2022-12-06 19:00:00+00	3.00	f	8	54	Working on the timesheet application getting notes configured	20.00	\N
55	2022-11-24 04:03:00.146631+00	2022-12-06 14:00:00+00	2022-12-06 19:00:00+00	5.00	t	8	54	This here is a massive test on length of notes.  Yessiree	20.00	\N
54	2022-11-24 03:57:09.078381+00	2022-12-05 12:00:00+00	2022-12-05 14:00:00+00	2.00	f	8	54	Here we go on another test	20.00	\N
70	2023-01-20 16:13:41.036273+00	2023-01-14 22:00:00+00	2023-01-14 23:00:00+00	1.00	t	8	64	Testing the what time period entry goes in.	20.00	\N
67	2023-01-03 03:17:40.597593+00	2023-01-02 20:00:00+00	2023-01-02 22:00:00+00	2.00	t	8	64	Working on approvals	20.00	\N
53	2022-11-24 03:56:25.448813+00	2022-12-03 22:00:00+00	2022-12-04 13:00:00+00	3.00	f	8	53	\N	20.00	\N
52	2022-11-24 03:54:16.72469+00	2022-11-23 12:00:00+00	2022-11-23 16:00:00+00	4.00	f	8	53	\N	20.00	\N
77	2023-02-21 21:15:38.016904+00	2023-02-15 12:00:00+00	2023-02-15 14:00:00+00	2.00	f	8	69	Quick entry to start new period	20.00	\N
78	2023-03-04 04:44:48.69687+00	2023-03-03 02:00:00+00	2023-03-03 03:00:00+00	1.00	f	8	70	working on emailer	20.00	\N
101	2024-07-24 07:16:36.28383+00	2024-07-23 23:00:00+00	2024-07-24 00:15:00+00	1.25	f	14	81	Working on Mileage and Expense.  In admin page mileage will not save.  Look into saving a derived model.	0.00	3
92	2024-07-18 07:37:01.302518+00	2024-07-17 22:30:00+00	2024-07-18 00:45:00+00	2.25	f	14	81	Worked on getting timesheets and projects assigned correctly.  Load on to production machine tomorrow and test.  Tested changing projects to existing timesheet entries.	0.00	3
91	2024-07-17 07:37:46.339148+00	2024-07-16 23:00:00+00	2024-07-17 00:00:00+00	1.00	f	14	81	Working on assigning projects to timesheet entries.  Realized that existing tables still had the owner 'timesheet'.  I used the psql command: reassign owned by timesheet to erp ;\r\nI was able to get another select box that includes all the projects that the user is either an owner or a contributor.	0.00	3
94	2024-07-19 05:50:35.466313+00	2024-07-18 20:00:00+00	2024-07-18 22:45:00+00	2.75	f	14	81	Got projects working on production site.  Had to fix a couple of issues:\r\nWhen deleting a timesheet entry got redirecting to dashboard with proper project.\r\nWhen updating an existing timesheet entry project now comes up from entry in database and not the project select from dashboard.	0.00	3
95	2024-07-19 06:19:28.42784+00	2024-07-18 23:00:00+00	2024-07-18 23:20:00+00	0.33	f	14	81	Received accelerometers LSM90S1 from Digikey and soldered heads.  We are going to try to use one of these instead of 2 tilt sensors.	0.00	4
96	2024-07-19 06:21:30.151108+00	2024-07-18 15:00:00+00	2024-07-18 18:00:00+00	3.00	f	14	81	Worked on scraping the paint from the eaves.  I have about 5 sections left to do.	0.00	2
97	2024-07-23 06:55:33.701457+00	2024-07-22 22:00:00+00	2024-07-23 00:00:00+00	2.00	f	14	81	Worked on building the following models in purchasing:\r\nPaymentAccount, Payment.  Each Payment has foreign key to PaymentAccount.  Each Purchase order has a list of payments allowing for multiple payments for each order, allowing for split payments.	0.00	3
98	2024-07-23 21:32:30.975294+00	2024-07-23 13:00:00+00	2024-07-23 14:00:00+00	1.00	f	14	81	Gave the frontier an oil change.  Also made a funnel from old dishwash soap container that I'll use next time also.  The oil containers are full and will need to be disposed of.  Mileage is:  130965.	0.00	5
99	2024-07-23 21:36:00.24975+00	2024-07-21 22:00:00+00	2024-07-22 00:30:00+00	2.50	f	14	81	I got the acclerator integrated in and 2 LEDs,  the discontinued shift bright working.  When a tilt is sensed the one LED goes from bright to dim while the other LED does from dim to bright as the accelerometer is balanced.	0.00	4
100	2024-07-24 06:12:42.623476+00	2024-07-23 22:00:00+00	2024-07-23 23:00:00+00	1.00	f	14	81	Worked on the PurchaseAccount and Purchase and get them working in the admin pages.  Added  __str__() for proper names of objects.  Loaded onto production site.	0.00	3
102	2024-07-24 18:52:36.042426+00	2024-07-23 17:30:00+00	2024-07-23 18:45:00+00	1.25	f	14	81	Finished power washing the back of the house with special attention to top of windows.  Removed screens	0.00	2
103	2024-07-24 18:53:17.468548+00	2024-07-24 11:00:00+00	2024-07-24 12:00:00+00	1.00	f	14	81	Caulked around the windows tops and sides and letting dry.	0.00	2
104	2024-07-25 06:12:42.260713+00	2024-07-24 21:00:00+00	2024-07-24 23:00:00+00	2.00	f	14	81	Added ExpenseType model and fixed code to be able to add mileage.  Uploaded to development machine.  However I wanted to add mileage for work performed at the Laburnham House for the electrical issues, however I'll have to manually add the TimesheetPeriod and UserTimesheetPeriod for first 2 weeks of July.	0.00	3
105	2024-07-29 17:09:13.807331+00	2024-07-28 10:15:00+00	2024-07-28 11:30:00+00	1.25	f	14	81	Went with Forrest to have a look over at Glenshire house Forrest said that $600,000 is reasonable as is.  She mentioned I should get an inspection and stronly think about painting the exterior of the house.	0.00	6
106	2024-07-30 23:56:49.190211+00	2024-07-30 15:45:00+00	2024-07-30 16:55:00+00	1.17	f	14	81	Worked on getting my clearances.  So far the child abuse has been accepted and the PA state police criminal check is being worked on.\r\nURL for status of criminal check:This is a notification that the Pennsylvania State Police have completed the following PATCH Request(s), Control Number(s); R31447006.\r\n\r\nhttps://epatch.pa.gov/RcStatusSearch\r\n \r\n \r\nTHIS EMAIL WAS SENT FROM AN UNMONITORED ACCOUNT. DO NOT REPLY TO THIS EMAIL. CONTACT THE PATCH HELP DESK AT 1-888-783-7972 FOR ANY ASSISTANCE.	0.00	7
107	2024-07-31 19:34:47.019466+00	2024-07-31 13:10:00+00	2024-07-31 15:10:00+00	2.00	f	14	81	Got my fingerprints at the Intermediate Unit near CCBC.  I paid 22.40$ and they said they will send the results to my jjohannson email.  Identogo is the company.	0.00	7
108	2024-08-01 19:34:33.898047+00	2024-08-01 11:20:00+00	2024-08-01 14:00:00+00	2.67	f	14	87	Cooking Camp volunteering	0.00	7
\.


--
-- Data for Name: timesheets_timesheetperiod; Type: TABLE DATA; Schema: public; Owner: erp
--

COPY public.timesheets_timesheetperiod (id, date_start, date_end, org_id) FROM stdin;
48	2022-11-16 08:00:00+00	2022-12-01 08:00:00+00	1
53	2022-11-20 05:00:00+00	2022-12-04 05:00:00+00	2
54	2022-12-04 05:00:00+00	2022-12-18 05:00:00+00	2
56	2022-11-01 08:00:00+00	2022-12-01 08:00:00+00	3
57	2022-12-01 08:00:00+00	2023-01-01 08:00:00+00	3
63	2022-12-18 05:00:00+00	2023-01-01 05:00:00+00	2
64	2023-01-01 05:00:00+00	2023-01-15 05:00:00+00	2
65	2023-01-15 05:00:00+00	2023-01-29 05:00:00+00	2
67	2023-01-01 08:00:00+00	2023-02-01 08:00:00+00	3
68	2023-01-29 05:00:00+00	2023-02-12 05:00:00+00	2
69	2023-02-12 05:00:00+00	2023-02-26 05:00:00+00	2
70	2023-02-26 05:00:00+00	2023-03-12 05:00:00+00	2
71	2023-03-12 05:00:00+00	2023-03-26 05:00:00+00	2
72	2023-03-16 08:00:00+00	2023-04-01 08:00:00+00	1
73	2023-03-01 08:00:00+00	2023-04-01 08:00:00+00	3
74	2023-03-26 05:00:00+00	2023-04-09 05:00:00+00	2
75	2023-04-09 05:00:00+00	2023-04-23 05:00:00+00	2
76	2023-04-23 05:00:00+00	2023-05-07 05:00:00+00	2
77	2023-05-07 05:00:00+00	2023-05-21 05:00:00+00	2
78	2023-05-21 05:00:00+00	2023-06-04 05:00:00+00	2
79	2023-06-04 05:00:00+00	2023-06-18 05:00:00+00	2
80	2023-06-18 05:00:00+00	2023-07-02 05:00:00+00	2
81	2024-07-16 08:00:00+00	2024-08-01 08:00:00+00	1
87	2024-08-01 08:00:00+00	2024-08-16 08:00:00+00	1
\.


--
-- Data for Name: timesheets_usertimesheetperiod; Type: TABLE DATA; Schema: public; Owner: erp
--

COPY public.timesheets_usertimesheetperiod (id, submitted, approved, date_submitted, date_approved, period_id, user_id) FROM stdin;
66	f	f	\N	\N	68	8
34	t	t	2023-02-08 22:25:41.027303+00	2023-01-21 04:34:55.908809+00	64	8
70	f	f	\N	\N	69	8
21	f	f	2023-01-21 04:34:55.888746+00	2023-01-21 04:34:55.888775+00	48	14
23	f	f	2023-01-21 04:34:55.892791+00	2023-01-21 04:34:55.892807+00	53	8
190	f	f	\N	\N	75	8
26	f	f	2023-01-21 04:34:55.897091+00	2023-01-21 04:34:55.897105+00	54	8
31	f	f	2023-01-21 04:34:55.905452+00	2023-01-21 04:34:55.905468+00	63	8
194	f	f	\N	\N	76	8
37	f	f	2023-01-21 04:34:55.912248+00	2023-01-21 04:34:55.912262+00	65	8
74	f	f	\N	\N	70	8
198	f	f	\N	\N	77	8
82	f	f	\N	\N	72	14
84	f	f	\N	\N	73	11
29	t	t	2023-01-22 19:55:38.574944+00	2023-01-21 04:34:55.900952+00	56	11
78	f	f	\N	\N	71	8
202	f	f	\N	\N	78	8
87	f	f	\N	\N	74	8
30	t	f	2023-01-22 21:05:30.608351+00	2023-01-21 04:34:55.903156+00	57	11
40	f	f	\N	2023-01-21 05:05:19.286105+00	67	11
206	f	f	\N	\N	79	8
210	f	f	\N	\N	80	8
213	f	f	\N	\N	81	14
214	f	f	\N	\N	87	14
\.


--
-- Data for Name: tsmanagement_approval; Type: TABLE DATA; Schema: public; Owner: erp
--

COPY public.tsmanagement_approval (id, approval_time, approvee_id, approver_id, timesheet_entry_id) FROM stdin;
20	2023-01-04 02:09:53.940372+00	8	8	65
21	2023-01-04 02:09:53.9461+00	8	8	55
22	2023-01-04 02:09:53.9506+00	8	8	59
23	2023-01-04 02:09:53.955524+00	8	8	54
34	2023-02-08 21:31:35.315693+00	8	8	71
47	2023-02-08 22:25:54.206031+00	8	8	70
48	2023-02-08 22:26:00.850671+00	8	8	67
\.


--
-- Name: accounting_expense_id_seq; Type: SEQUENCE SET; Schema: public; Owner: erp
--

SELECT pg_catalog.setval('public.accounting_expense_id_seq', 2, true);


--
-- Name: accounting_rate_id_seq; Type: SEQUENCE SET; Schema: public; Owner: erp
--

SELECT pg_catalog.setval('public.accounting_rate_id_seq', 2, true);


--
-- Name: accounts_passwordreset_id_seq; Type: SEQUENCE SET; Schema: public; Owner: erp
--

SELECT pg_catalog.setval('public.accounts_passwordreset_id_seq', 32, true);


--
-- Name: assets_asset_id_seq; Type: SEQUENCE SET; Schema: public; Owner: erp
--

SELECT pg_catalog.setval('public.assets_asset_id_seq', 3, true);


--
-- Name: auth_group_id_seq; Type: SEQUENCE SET; Schema: public; Owner: erp
--

SELECT pg_catalog.setval('public.auth_group_id_seq', 3, true);


--
-- Name: auth_group_permissions_id_seq; Type: SEQUENCE SET; Schema: public; Owner: erp
--

SELECT pg_catalog.setval('public.auth_group_permissions_id_seq', 9, true);


--
-- Name: auth_permission_id_seq; Type: SEQUENCE SET; Schema: public; Owner: erp
--

SELECT pg_catalog.setval('public.auth_permission_id_seq', 272, true);


--
-- Name: auth_user_groups_id_seq; Type: SEQUENCE SET; Schema: public; Owner: erp
--

SELECT pg_catalog.setval('public.auth_user_groups_id_seq', 2, true);


--
-- Name: auth_user_id_seq; Type: SEQUENCE SET; Schema: public; Owner: erp
--

SELECT pg_catalog.setval('public.auth_user_id_seq', 34, true);


--
-- Name: auth_user_user_permissions_id_seq; Type: SEQUENCE SET; Schema: public; Owner: erp
--

SELECT pg_catalog.setval('public.auth_user_user_permissions_id_seq', 5, true);


--
-- Name: custom_scheduler_eventtype_id_seq; Type: SEQUENCE SET; Schema: public; Owner: erp
--

SELECT pg_catalog.setval('public.custom_scheduler_eventtype_id_seq', 1, false);


--
-- Name: custom_scheduler_staff_id_seq; Type: SEQUENCE SET; Schema: public; Owner: erp
--

SELECT pg_catalog.setval('public.custom_scheduler_staff_id_seq', 1, false);


--
-- Name: custom_scheduler_stafftime_id_seq; Type: SEQUENCE SET; Schema: public; Owner: erp
--

SELECT pg_catalog.setval('public.custom_scheduler_stafftime_id_seq', 1, false);


--
-- Name: django_admin_log_id_seq; Type: SEQUENCE SET; Schema: public; Owner: erp
--

SELECT pg_catalog.setval('public.django_admin_log_id_seq', 226, true);


--
-- Name: django_celery_beat_clockedschedule_id_seq; Type: SEQUENCE SET; Schema: public; Owner: erp
--

SELECT pg_catalog.setval('public.django_celery_beat_clockedschedule_id_seq', 1, false);


--
-- Name: django_celery_beat_crontabschedule_id_seq; Type: SEQUENCE SET; Schema: public; Owner: erp
--

SELECT pg_catalog.setval('public.django_celery_beat_crontabschedule_id_seq', 2, true);


--
-- Name: django_celery_beat_intervalschedule_id_seq; Type: SEQUENCE SET; Schema: public; Owner: erp
--

SELECT pg_catalog.setval('public.django_celery_beat_intervalschedule_id_seq', 1, true);


--
-- Name: django_celery_beat_periodictask_id_seq; Type: SEQUENCE SET; Schema: public; Owner: erp
--

SELECT pg_catalog.setval('public.django_celery_beat_periodictask_id_seq', 2, true);


--
-- Name: django_celery_beat_solarschedule_id_seq; Type: SEQUENCE SET; Schema: public; Owner: erp
--

SELECT pg_catalog.setval('public.django_celery_beat_solarschedule_id_seq', 1, false);


--
-- Name: django_celery_results_chordcounter_id_seq; Type: SEQUENCE SET; Schema: public; Owner: erp
--

SELECT pg_catalog.setval('public.django_celery_results_chordcounter_id_seq', 1, false);


--
-- Name: django_celery_results_groupresult_id_seq; Type: SEQUENCE SET; Schema: public; Owner: erp
--

SELECT pg_catalog.setval('public.django_celery_results_groupresult_id_seq', 1, false);


--
-- Name: django_celery_results_taskresult_id_seq; Type: SEQUENCE SET; Schema: public; Owner: erp
--

SELECT pg_catalog.setval('public.django_celery_results_taskresult_id_seq', 296, true);


--
-- Name: django_content_type_id_seq; Type: SEQUENCE SET; Schema: public; Owner: erp
--

SELECT pg_catalog.setval('public.django_content_type_id_seq', 67, true);


--
-- Name: django_migrations_id_seq; Type: SEQUENCE SET; Schema: public; Owner: erp
--

SELECT pg_catalog.setval('public.django_migrations_id_seq', 196, true);


--
-- Name: employee_alternatewagecode_id_seq; Type: SEQUENCE SET; Schema: public; Owner: erp
--

SELECT pg_catalog.setval('public.employee_alternatewagecode_id_seq', 1, true);


--
-- Name: employee_employee_id_seq; Type: SEQUENCE SET; Schema: public; Owner: erp
--

SELECT pg_catalog.setval('public.employee_employee_id_seq', 3, true);


--
-- Name: employee_invitee_id_seq; Type: SEQUENCE SET; Schema: public; Owner: erp
--

SELECT pg_catalog.setval('public.employee_invitee_id_seq', 29, true);


--
-- Name: employee_timesheetuser_approvers_id_seq; Type: SEQUENCE SET; Schema: public; Owner: erp
--

SELECT pg_catalog.setval('public.employee_timesheetuser_approvers_id_seq', 6, true);


--
-- Name: employee_timesheetuser_id_seq; Type: SEQUENCE SET; Schema: public; Owner: erp
--

SELECT pg_catalog.setval('public.employee_timesheetuser_id_seq', 35, true);


--
-- Name: employee_timesheetuser_org_manager_id_seq; Type: SEQUENCE SET; Schema: public; Owner: erp
--

SELECT pg_catalog.setval('public.employee_timesheetuser_org_manager_id_seq', 3, true);


--
-- Name: inventory_childpart_id_seq; Type: SEQUENCE SET; Schema: public; Owner: erp
--

SELECT pg_catalog.setval('public.inventory_childpart_id_seq', 5, true);


--
-- Name: inventory_inventorypart_id_seq; Type: SEQUENCE SET; Schema: public; Owner: erp
--

SELECT pg_catalog.setval('public.inventory_inventorypart_id_seq', 1, false);


--
-- Name: inventory_serialpart_id_seq; Type: SEQUENCE SET; Schema: public; Owner: erp
--

SELECT pg_catalog.setval('public.inventory_serialpart_id_seq', 10, true);


--
-- Name: invoice_invoice_id_seq; Type: SEQUENCE SET; Schema: public; Owner: erp
--

SELECT pg_catalog.setval('public.invoice_invoice_id_seq', 1, false);


--
-- Name: invoice_invoiceentry_id_seq; Type: SEQUENCE SET; Schema: public; Owner: erp
--

SELECT pg_catalog.setval('public.invoice_invoiceentry_id_seq', 1, false);


--
-- Name: mailer_email_id_seq; Type: SEQUENCE SET; Schema: public; Owner: erp
--

SELECT pg_catalog.setval('public.mailer_email_id_seq', 105, true);


--
-- Name: organizations_organization_id_seq; Type: SEQUENCE SET; Schema: public; Owner: erp
--

SELECT pg_catalog.setval('public.organizations_organization_id_seq', 5, true);


--
-- Name: organizations_periodtype_id_seq; Type: SEQUENCE SET; Schema: public; Owner: erp
--

SELECT pg_catalog.setval('public.organizations_periodtype_id_seq', 3, true);


--
-- Name: projects_project_contributors_id_seq; Type: SEQUENCE SET; Schema: public; Owner: erp
--

SELECT pg_catalog.setval('public.projects_project_contributors_id_seq', 7, true);


--
-- Name: projects_project_id_seq; Type: SEQUENCE SET; Schema: public; Owner: erp
--

SELECT pg_catalog.setval('public.projects_project_id_seq', 7, true);


--
-- Name: projects_project_organizations_id_seq; Type: SEQUENCE SET; Schema: public; Owner: erp
--

SELECT pg_catalog.setval('public.projects_project_organizations_id_seq', 8, true);


--
-- Name: purchasing_item_id_seq; Type: SEQUENCE SET; Schema: public; Owner: erp
--

SELECT pg_catalog.setval('public.purchasing_item_id_seq', 12, true);


--
-- Name: purchasing_manufacturer_id_seq; Type: SEQUENCE SET; Schema: public; Owner: erp
--

SELECT pg_catalog.setval('public.purchasing_manufacturer_id_seq', 6, true);


--
-- Name: purchasing_payment_id_seq; Type: SEQUENCE SET; Schema: public; Owner: erp
--

SELECT pg_catalog.setval('public.purchasing_payment_id_seq', 1, false);


--
-- Name: purchasing_paymentaccount_id_seq; Type: SEQUENCE SET; Schema: public; Owner: erp
--

SELECT pg_catalog.setval('public.purchasing_paymentaccount_id_seq', 1, false);


--
-- Name: purchasing_purchaseitem_id_seq; Type: SEQUENCE SET; Schema: public; Owner: erp
--

SELECT pg_catalog.setval('public.purchasing_purchaseitem_id_seq', 3, true);


--
-- Name: purchasing_purchaseitem_manufacturer_id_seq; Type: SEQUENCE SET; Schema: public; Owner: erp
--

SELECT pg_catalog.setval('public.purchasing_purchaseitem_manufacturer_id_seq', 3, true);


--
-- Name: purchasing_purchaseitem_vendor_id_seq; Type: SEQUENCE SET; Schema: public; Owner: erp
--

SELECT pg_catalog.setval('public.purchasing_purchaseitem_vendor_id_seq', 3, true);


--
-- Name: purchasing_purchaseorder_id_seq; Type: SEQUENCE SET; Schema: public; Owner: erp
--

SELECT pg_catalog.setval('public.purchasing_purchaseorder_id_seq', 4, true);


--
-- Name: purchasing_purchaseorderhistory_id_seq; Type: SEQUENCE SET; Schema: public; Owner: erp
--

SELECT pg_catalog.setval('public.purchasing_purchaseorderhistory_id_seq', 2, true);


--
-- Name: purchasing_purchaseorderitem_id_seq; Type: SEQUENCE SET; Schema: public; Owner: erp
--

SELECT pg_catalog.setval('public.purchasing_purchaseorderitem_id_seq', 3, true);


--
-- Name: purchasing_purchaseorderitemhistory_id_seq; Type: SEQUENCE SET; Schema: public; Owner: erp
--

SELECT pg_catalog.setval('public.purchasing_purchaseorderitemhistory_id_seq', 4, true);


--
-- Name: purchasing_vendor_id_seq; Type: SEQUENCE SET; Schema: public; Owner: erp
--

SELECT pg_catalog.setval('public.purchasing_vendor_id_seq', 11, true);


--
-- Name: schedule_calendar_id_seq; Type: SEQUENCE SET; Schema: public; Owner: erp
--

SELECT pg_catalog.setval('public.schedule_calendar_id_seq', 2, true);


--
-- Name: schedule_calendarrelation_id_seq; Type: SEQUENCE SET; Schema: public; Owner: erp
--

SELECT pg_catalog.setval('public.schedule_calendarrelation_id_seq', 1, false);


--
-- Name: schedule_event_id_seq; Type: SEQUENCE SET; Schema: public; Owner: erp
--

SELECT pg_catalog.setval('public.schedule_event_id_seq', 1, false);


--
-- Name: schedule_eventrelation_id_seq; Type: SEQUENCE SET; Schema: public; Owner: erp
--

SELECT pg_catalog.setval('public.schedule_eventrelation_id_seq', 1, false);


--
-- Name: schedule_occurrence_id_seq; Type: SEQUENCE SET; Schema: public; Owner: erp
--

SELECT pg_catalog.setval('public.schedule_occurrence_id_seq', 1, false);


--
-- Name: schedule_rule_id_seq; Type: SEQUENCE SET; Schema: public; Owner: erp
--

SELECT pg_catalog.setval('public.schedule_rule_id_seq', 1, false);


--
-- Name: timesheets_timesheetentry_id_seq; Type: SEQUENCE SET; Schema: public; Owner: erp
--

SELECT pg_catalog.setval('public.timesheets_timesheetentry_id_seq', 108, true);


--
-- Name: timesheets_timesheetperiod_id_seq; Type: SEQUENCE SET; Schema: public; Owner: erp
--

SELECT pg_catalog.setval('public.timesheets_timesheetperiod_id_seq', 87, true);


--
-- Name: timesheets_usertimesheetperiod_id_seq; Type: SEQUENCE SET; Schema: public; Owner: erp
--

SELECT pg_catalog.setval('public.timesheets_usertimesheetperiod_id_seq', 214, true);


--
-- Name: tsmanagement_approval_id_seq; Type: SEQUENCE SET; Schema: public; Owner: erp
--

SELECT pg_catalog.setval('public.tsmanagement_approval_id_seq', 48, true);


--
-- Name: accounting_expense accounting_expense_pkey; Type: CONSTRAINT; Schema: public; Owner: erp
--

ALTER TABLE ONLY public.accounting_expense
    ADD CONSTRAINT accounting_expense_pkey PRIMARY KEY (id);


--
-- Name: accounting_mileage accounting_mileage_pkey; Type: CONSTRAINT; Schema: public; Owner: erp
--

ALTER TABLE ONLY public.accounting_mileage
    ADD CONSTRAINT accounting_mileage_pkey PRIMARY KEY (expense_ptr_id);


--
-- Name: accounting_rate accounting_rate_pkey; Type: CONSTRAINT; Schema: public; Owner: erp
--

ALTER TABLE ONLY public.accounting_rate
    ADD CONSTRAINT accounting_rate_pkey PRIMARY KEY (id);


--
-- Name: accounts_passwordreset accounts_passwordreset_pkey; Type: CONSTRAINT; Schema: public; Owner: erp
--

ALTER TABLE ONLY public.accounts_passwordreset
    ADD CONSTRAINT accounts_passwordreset_pkey PRIMARY KEY (id);


--
-- Name: assets_asset assets_asset_equipment_id_key; Type: CONSTRAINT; Schema: public; Owner: erp
--

ALTER TABLE ONLY public.assets_asset
    ADD CONSTRAINT assets_asset_equipment_id_key UNIQUE (equipment_id);


--
-- Name: assets_asset assets_asset_pkey; Type: CONSTRAINT; Schema: public; Owner: erp
--

ALTER TABLE ONLY public.assets_asset
    ADD CONSTRAINT assets_asset_pkey PRIMARY KEY (id);


--
-- Name: assets_building assets_building_pkey; Type: CONSTRAINT; Schema: public; Owner: erp
--

ALTER TABLE ONLY public.assets_building
    ADD CONSTRAINT assets_building_pkey PRIMARY KEY (asset_ptr_id);


--
-- Name: assets_vehicle assets_vehicle_pkey; Type: CONSTRAINT; Schema: public; Owner: erp
--

ALTER TABLE ONLY public.assets_vehicle
    ADD CONSTRAINT assets_vehicle_pkey PRIMARY KEY (asset_ptr_id);


--
-- Name: auth_group auth_group_name_key; Type: CONSTRAINT; Schema: public; Owner: erp
--

ALTER TABLE ONLY public.auth_group
    ADD CONSTRAINT auth_group_name_key UNIQUE (name);


--
-- Name: auth_group_permissions auth_group_permissions_group_id_permission_id_0cd325b0_uniq; Type: CONSTRAINT; Schema: public; Owner: erp
--

ALTER TABLE ONLY public.auth_group_permissions
    ADD CONSTRAINT auth_group_permissions_group_id_permission_id_0cd325b0_uniq UNIQUE (group_id, permission_id);


--
-- Name: auth_group_permissions auth_group_permissions_pkey; Type: CONSTRAINT; Schema: public; Owner: erp
--

ALTER TABLE ONLY public.auth_group_permissions
    ADD CONSTRAINT auth_group_permissions_pkey PRIMARY KEY (id);


--
-- Name: auth_group auth_group_pkey; Type: CONSTRAINT; Schema: public; Owner: erp
--

ALTER TABLE ONLY public.auth_group
    ADD CONSTRAINT auth_group_pkey PRIMARY KEY (id);


--
-- Name: auth_permission auth_permission_content_type_id_codename_01ab375a_uniq; Type: CONSTRAINT; Schema: public; Owner: erp
--

ALTER TABLE ONLY public.auth_permission
    ADD CONSTRAINT auth_permission_content_type_id_codename_01ab375a_uniq UNIQUE (content_type_id, codename);


--
-- Name: auth_permission auth_permission_pkey; Type: CONSTRAINT; Schema: public; Owner: erp
--

ALTER TABLE ONLY public.auth_permission
    ADD CONSTRAINT auth_permission_pkey PRIMARY KEY (id);


--
-- Name: auth_user_groups auth_user_groups_pkey; Type: CONSTRAINT; Schema: public; Owner: erp
--

ALTER TABLE ONLY public.auth_user_groups
    ADD CONSTRAINT auth_user_groups_pkey PRIMARY KEY (id);


--
-- Name: auth_user_groups auth_user_groups_user_id_group_id_94350c0c_uniq; Type: CONSTRAINT; Schema: public; Owner: erp
--

ALTER TABLE ONLY public.auth_user_groups
    ADD CONSTRAINT auth_user_groups_user_id_group_id_94350c0c_uniq UNIQUE (user_id, group_id);


--
-- Name: auth_user auth_user_pkey; Type: CONSTRAINT; Schema: public; Owner: erp
--

ALTER TABLE ONLY public.auth_user
    ADD CONSTRAINT auth_user_pkey PRIMARY KEY (id);


--
-- Name: auth_user_user_permissions auth_user_user_permissions_pkey; Type: CONSTRAINT; Schema: public; Owner: erp
--

ALTER TABLE ONLY public.auth_user_user_permissions
    ADD CONSTRAINT auth_user_user_permissions_pkey PRIMARY KEY (id);


--
-- Name: auth_user_user_permissions auth_user_user_permissions_user_id_permission_id_14a6b632_uniq; Type: CONSTRAINT; Schema: public; Owner: erp
--

ALTER TABLE ONLY public.auth_user_user_permissions
    ADD CONSTRAINT auth_user_user_permissions_user_id_permission_id_14a6b632_uniq UNIQUE (user_id, permission_id);


--
-- Name: auth_user auth_user_username_key; Type: CONSTRAINT; Schema: public; Owner: erp
--

ALTER TABLE ONLY public.auth_user
    ADD CONSTRAINT auth_user_username_key UNIQUE (username);


--
-- Name: custom_scheduler_calendar custom_scheduler_calendar_pkey; Type: CONSTRAINT; Schema: public; Owner: erp
--

ALTER TABLE ONLY public.custom_scheduler_calendar
    ADD CONSTRAINT custom_scheduler_calendar_pkey PRIMARY KEY (calendar_ptr_id);


--
-- Name: custom_scheduler_customevent custom_scheduler_customevent_pkey; Type: CONSTRAINT; Schema: public; Owner: erp
--

ALTER TABLE ONLY public.custom_scheduler_customevent
    ADD CONSTRAINT custom_scheduler_customevent_pkey PRIMARY KEY (event_ptr_id);


--
-- Name: custom_scheduler_eventtype custom_scheduler_eventtype_pkey; Type: CONSTRAINT; Schema: public; Owner: erp
--

ALTER TABLE ONLY public.custom_scheduler_eventtype
    ADD CONSTRAINT custom_scheduler_eventtype_pkey PRIMARY KEY (id);


--
-- Name: custom_scheduler_staff custom_scheduler_staff_pkey; Type: CONSTRAINT; Schema: public; Owner: erp
--

ALTER TABLE ONLY public.custom_scheduler_staff
    ADD CONSTRAINT custom_scheduler_staff_pkey PRIMARY KEY (id);


--
-- Name: custom_scheduler_staff custom_scheduler_staff_user_id_key; Type: CONSTRAINT; Schema: public; Owner: erp
--

ALTER TABLE ONLY public.custom_scheduler_staff
    ADD CONSTRAINT custom_scheduler_staff_user_id_key UNIQUE (user_id);


--
-- Name: custom_scheduler_stafftime custom_scheduler_stafftime_pkey; Type: CONSTRAINT; Schema: public; Owner: erp
--

ALTER TABLE ONLY public.custom_scheduler_stafftime
    ADD CONSTRAINT custom_scheduler_stafftime_pkey PRIMARY KEY (id);


--
-- Name: django_admin_log django_admin_log_pkey; Type: CONSTRAINT; Schema: public; Owner: erp
--

ALTER TABLE ONLY public.django_admin_log
    ADD CONSTRAINT django_admin_log_pkey PRIMARY KEY (id);


--
-- Name: django_celery_beat_clockedschedule django_celery_beat_clockedschedule_pkey; Type: CONSTRAINT; Schema: public; Owner: erp
--

ALTER TABLE ONLY public.django_celery_beat_clockedschedule
    ADD CONSTRAINT django_celery_beat_clockedschedule_pkey PRIMARY KEY (id);


--
-- Name: django_celery_beat_crontabschedule django_celery_beat_crontabschedule_pkey; Type: CONSTRAINT; Schema: public; Owner: erp
--

ALTER TABLE ONLY public.django_celery_beat_crontabschedule
    ADD CONSTRAINT django_celery_beat_crontabschedule_pkey PRIMARY KEY (id);


--
-- Name: django_celery_beat_intervalschedule django_celery_beat_intervalschedule_pkey; Type: CONSTRAINT; Schema: public; Owner: erp
--

ALTER TABLE ONLY public.django_celery_beat_intervalschedule
    ADD CONSTRAINT django_celery_beat_intervalschedule_pkey PRIMARY KEY (id);


--
-- Name: django_celery_beat_periodictask django_celery_beat_periodictask_name_key; Type: CONSTRAINT; Schema: public; Owner: erp
--

ALTER TABLE ONLY public.django_celery_beat_periodictask
    ADD CONSTRAINT django_celery_beat_periodictask_name_key UNIQUE (name);


--
-- Name: django_celery_beat_periodictask django_celery_beat_periodictask_pkey; Type: CONSTRAINT; Schema: public; Owner: erp
--

ALTER TABLE ONLY public.django_celery_beat_periodictask
    ADD CONSTRAINT django_celery_beat_periodictask_pkey PRIMARY KEY (id);


--
-- Name: django_celery_beat_periodictasks django_celery_beat_periodictasks_pkey; Type: CONSTRAINT; Schema: public; Owner: erp
--

ALTER TABLE ONLY public.django_celery_beat_periodictasks
    ADD CONSTRAINT django_celery_beat_periodictasks_pkey PRIMARY KEY (ident);


--
-- Name: django_celery_beat_solarschedule django_celery_beat_solar_event_latitude_longitude_ba64999a_uniq; Type: CONSTRAINT; Schema: public; Owner: erp
--

ALTER TABLE ONLY public.django_celery_beat_solarschedule
    ADD CONSTRAINT django_celery_beat_solar_event_latitude_longitude_ba64999a_uniq UNIQUE (event, latitude, longitude);


--
-- Name: django_celery_beat_solarschedule django_celery_beat_solarschedule_pkey; Type: CONSTRAINT; Schema: public; Owner: erp
--

ALTER TABLE ONLY public.django_celery_beat_solarschedule
    ADD CONSTRAINT django_celery_beat_solarschedule_pkey PRIMARY KEY (id);


--
-- Name: django_celery_results_chordcounter django_celery_results_chordcounter_group_id_key; Type: CONSTRAINT; Schema: public; Owner: erp
--

ALTER TABLE ONLY public.django_celery_results_chordcounter
    ADD CONSTRAINT django_celery_results_chordcounter_group_id_key UNIQUE (group_id);


--
-- Name: django_celery_results_chordcounter django_celery_results_chordcounter_pkey; Type: CONSTRAINT; Schema: public; Owner: erp
--

ALTER TABLE ONLY public.django_celery_results_chordcounter
    ADD CONSTRAINT django_celery_results_chordcounter_pkey PRIMARY KEY (id);


--
-- Name: django_celery_results_groupresult django_celery_results_groupresult_group_id_key; Type: CONSTRAINT; Schema: public; Owner: erp
--

ALTER TABLE ONLY public.django_celery_results_groupresult
    ADD CONSTRAINT django_celery_results_groupresult_group_id_key UNIQUE (group_id);


--
-- Name: django_celery_results_groupresult django_celery_results_groupresult_pkey; Type: CONSTRAINT; Schema: public; Owner: erp
--

ALTER TABLE ONLY public.django_celery_results_groupresult
    ADD CONSTRAINT django_celery_results_groupresult_pkey PRIMARY KEY (id);


--
-- Name: django_celery_results_taskresult django_celery_results_taskresult_pkey; Type: CONSTRAINT; Schema: public; Owner: erp
--

ALTER TABLE ONLY public.django_celery_results_taskresult
    ADD CONSTRAINT django_celery_results_taskresult_pkey PRIMARY KEY (id);


--
-- Name: django_celery_results_taskresult django_celery_results_taskresult_task_id_key; Type: CONSTRAINT; Schema: public; Owner: erp
--

ALTER TABLE ONLY public.django_celery_results_taskresult
    ADD CONSTRAINT django_celery_results_taskresult_task_id_key UNIQUE (task_id);


--
-- Name: django_content_type django_content_type_app_label_model_76bd3d3b_uniq; Type: CONSTRAINT; Schema: public; Owner: erp
--

ALTER TABLE ONLY public.django_content_type
    ADD CONSTRAINT django_content_type_app_label_model_76bd3d3b_uniq UNIQUE (app_label, model);


--
-- Name: django_content_type django_content_type_pkey; Type: CONSTRAINT; Schema: public; Owner: erp
--

ALTER TABLE ONLY public.django_content_type
    ADD CONSTRAINT django_content_type_pkey PRIMARY KEY (id);


--
-- Name: django_migrations django_migrations_pkey; Type: CONSTRAINT; Schema: public; Owner: erp
--

ALTER TABLE ONLY public.django_migrations
    ADD CONSTRAINT django_migrations_pkey PRIMARY KEY (id);


--
-- Name: django_session django_session_pkey; Type: CONSTRAINT; Schema: public; Owner: erp
--

ALTER TABLE ONLY public.django_session
    ADD CONSTRAINT django_session_pkey PRIMARY KEY (session_key);


--
-- Name: employee_alternatewagecode employee_alternatewagecode_pkey; Type: CONSTRAINT; Schema: public; Owner: erp
--

ALTER TABLE ONLY public.employee_alternatewagecode
    ADD CONSTRAINT employee_alternatewagecode_pkey PRIMARY KEY (id);


--
-- Name: employee_employee employee_employee_pkey; Type: CONSTRAINT; Schema: public; Owner: erp
--

ALTER TABLE ONLY public.employee_employee
    ADD CONSTRAINT employee_employee_pkey PRIMARY KEY (id);


--
-- Name: employee_invitee employee_invitee_pkey; Type: CONSTRAINT; Schema: public; Owner: erp
--

ALTER TABLE ONLY public.employee_invitee
    ADD CONSTRAINT employee_invitee_pkey PRIMARY KEY (id);


--
-- Name: employee_invitee employee_invitee_user_id_key; Type: CONSTRAINT; Schema: public; Owner: erp
--

ALTER TABLE ONLY public.employee_invitee
    ADD CONSTRAINT employee_invitee_user_id_key UNIQUE (user_id);


--
-- Name: employee_timesheetuser_approvers employee_timesheetuser_a_from_timesheetuser_id_to_f52cf60c_uniq; Type: CONSTRAINT; Schema: public; Owner: erp
--

ALTER TABLE ONLY public.employee_timesheetuser_approvers
    ADD CONSTRAINT employee_timesheetuser_a_from_timesheetuser_id_to_f52cf60c_uniq UNIQUE (from_timesheetuser_id, to_timesheetuser_id);


--
-- Name: employee_timesheetuser_approvers employee_timesheetuser_approvers_pkey; Type: CONSTRAINT; Schema: public; Owner: erp
--

ALTER TABLE ONLY public.employee_timesheetuser_approvers
    ADD CONSTRAINT employee_timesheetuser_approvers_pkey PRIMARY KEY (id);


--
-- Name: employee_timesheetuser_org_manager employee_timesheetuser_o_timesheetuser_id_organiz_644d8599_uniq; Type: CONSTRAINT; Schema: public; Owner: erp
--

ALTER TABLE ONLY public.employee_timesheetuser_org_manager
    ADD CONSTRAINT employee_timesheetuser_o_timesheetuser_id_organiz_644d8599_uniq UNIQUE (timesheetuser_id, organization_id);


--
-- Name: employee_timesheetuser_org_manager employee_timesheetuser_org_manager_pkey; Type: CONSTRAINT; Schema: public; Owner: erp
--

ALTER TABLE ONLY public.employee_timesheetuser_org_manager
    ADD CONSTRAINT employee_timesheetuser_org_manager_pkey PRIMARY KEY (id);


--
-- Name: employee_timesheetuser employee_timesheetuser_pkey; Type: CONSTRAINT; Schema: public; Owner: erp
--

ALTER TABLE ONLY public.employee_timesheetuser
    ADD CONSTRAINT employee_timesheetuser_pkey PRIMARY KEY (id);


--
-- Name: employee_timesheetuser employee_timesheetuser_user_id_key; Type: CONSTRAINT; Schema: public; Owner: erp
--

ALTER TABLE ONLY public.employee_timesheetuser
    ADD CONSTRAINT employee_timesheetuser_user_id_key UNIQUE (user_id);


--
-- Name: inventory_childpart inventory_childpart_parent_part_id_child_part_id_9aff34ed_uniq; Type: CONSTRAINT; Schema: public; Owner: erp
--

ALTER TABLE ONLY public.inventory_childpart
    ADD CONSTRAINT inventory_childpart_parent_part_id_child_part_id_9aff34ed_uniq UNIQUE (parent_part_id, child_part_id);


--
-- Name: inventory_childpart inventory_childpart_pkey; Type: CONSTRAINT; Schema: public; Owner: erp
--

ALTER TABLE ONLY public.inventory_childpart
    ADD CONSTRAINT inventory_childpart_pkey PRIMARY KEY (id);


--
-- Name: inventory_equipment inventory_equipment_pkey; Type: CONSTRAINT; Schema: public; Owner: erp
--

ALTER TABLE ONLY public.inventory_equipment
    ADD CONSTRAINT inventory_equipment_pkey PRIMARY KEY (serialpart_ptr_id);


--
-- Name: inventory_inventorypart inventory_inventorypart_part_id_key; Type: CONSTRAINT; Schema: public; Owner: erp
--

ALTER TABLE ONLY public.inventory_inventorypart
    ADD CONSTRAINT inventory_inventorypart_part_id_key UNIQUE (part_id);


--
-- Name: inventory_inventorypart inventory_inventorypart_pkey; Type: CONSTRAINT; Schema: public; Owner: erp
--

ALTER TABLE ONLY public.inventory_inventorypart
    ADD CONSTRAINT inventory_inventorypart_pkey PRIMARY KEY (id);


--
-- Name: inventory_part inventory_part_pkey; Type: CONSTRAINT; Schema: public; Owner: erp
--

ALTER TABLE ONLY public.inventory_part
    ADD CONSTRAINT inventory_part_pkey PRIMARY KEY (part_ptr_id);


--
-- Name: inventory_serialpart inventory_serialpart_man_serial_number_23d3bd85_uniq; Type: CONSTRAINT; Schema: public; Owner: erp
--

ALTER TABLE ONLY public.inventory_serialpart
    ADD CONSTRAINT inventory_serialpart_man_serial_number_23d3bd85_uniq UNIQUE (man_serial_number);


--
-- Name: inventory_serialpart inventory_serialpart_pkey; Type: CONSTRAINT; Schema: public; Owner: erp
--

ALTER TABLE ONLY public.inventory_serialpart
    ADD CONSTRAINT inventory_serialpart_pkey PRIMARY KEY (id);


--
-- Name: invoice_invoice invoice_invoice_period_id_key; Type: CONSTRAINT; Schema: public; Owner: erp
--

ALTER TABLE ONLY public.invoice_invoice
    ADD CONSTRAINT invoice_invoice_period_id_key UNIQUE (period_id);


--
-- Name: invoice_invoice invoice_invoice_pkey; Type: CONSTRAINT; Schema: public; Owner: erp
--

ALTER TABLE ONLY public.invoice_invoice
    ADD CONSTRAINT invoice_invoice_pkey PRIMARY KEY (id);


--
-- Name: invoice_invoiceentry invoice_invoiceentry_pkey; Type: CONSTRAINT; Schema: public; Owner: erp
--

ALTER TABLE ONLY public.invoice_invoiceentry
    ADD CONSTRAINT invoice_invoiceentry_pkey PRIMARY KEY (id);


--
-- Name: mailer_email mailer_email_pkey; Type: CONSTRAINT; Schema: public; Owner: erp
--

ALTER TABLE ONLY public.mailer_email
    ADD CONSTRAINT mailer_email_pkey PRIMARY KEY (id);


--
-- Name: custom_scheduler_eventtype name_organization_constraint; Type: CONSTRAINT; Schema: public; Owner: erp
--

ALTER TABLE ONLY public.custom_scheduler_eventtype
    ADD CONSTRAINT name_organization_constraint UNIQUE (name, organization_id);


--
-- Name: organizations_organization organizations_organization_pkey; Type: CONSTRAINT; Schema: public; Owner: erp
--

ALTER TABLE ONLY public.organizations_organization
    ADD CONSTRAINT organizations_organization_pkey PRIMARY KEY (id);


--
-- Name: organizations_periodtype organizations_periodtype_organization_id_key; Type: CONSTRAINT; Schema: public; Owner: erp
--

ALTER TABLE ONLY public.organizations_periodtype
    ADD CONSTRAINT organizations_periodtype_organization_id_key UNIQUE (organization_id);


--
-- Name: organizations_periodtype organizations_periodtype_pkey; Type: CONSTRAINT; Schema: public; Owner: erp
--

ALTER TABLE ONLY public.organizations_periodtype
    ADD CONSTRAINT organizations_periodtype_pkey PRIMARY KEY (id);


--
-- Name: projects_project_contributors projects_project_contributors_pkey; Type: CONSTRAINT; Schema: public; Owner: erp
--

ALTER TABLE ONLY public.projects_project_contributors
    ADD CONSTRAINT projects_project_contributors_pkey PRIMARY KEY (id);


--
-- Name: projects_project_contributors projects_project_contributors_project_id_user_id_b4830341_uniq; Type: CONSTRAINT; Schema: public; Owner: erp
--

ALTER TABLE ONLY public.projects_project_contributors
    ADD CONSTRAINT projects_project_contributors_project_id_user_id_b4830341_uniq UNIQUE (project_id, user_id);


--
-- Name: projects_project projects_project_name_key; Type: CONSTRAINT; Schema: public; Owner: erp
--

ALTER TABLE ONLY public.projects_project
    ADD CONSTRAINT projects_project_name_key UNIQUE (name);


--
-- Name: projects_project_organizations projects_project_organiz_project_id_organization__c225ce56_uniq; Type: CONSTRAINT; Schema: public; Owner: erp
--

ALTER TABLE ONLY public.projects_project_organizations
    ADD CONSTRAINT projects_project_organiz_project_id_organization__c225ce56_uniq UNIQUE (project_id, organization_id);


--
-- Name: projects_project_organizations projects_project_organizations_pkey; Type: CONSTRAINT; Schema: public; Owner: erp
--

ALTER TABLE ONLY public.projects_project_organizations
    ADD CONSTRAINT projects_project_organizations_pkey PRIMARY KEY (id);


--
-- Name: projects_project projects_project_pkey; Type: CONSTRAINT; Schema: public; Owner: erp
--

ALTER TABLE ONLY public.projects_project
    ADD CONSTRAINT projects_project_pkey PRIMARY KEY (id);


--
-- Name: purchasing_item purchasing_item_name_723a4971_uniq; Type: CONSTRAINT; Schema: public; Owner: erp
--

ALTER TABLE ONLY public.purchasing_item
    ADD CONSTRAINT purchasing_item_name_723a4971_uniq UNIQUE (name);


--
-- Name: purchasing_item purchasing_item_pkey; Type: CONSTRAINT; Schema: public; Owner: erp
--

ALTER TABLE ONLY public.purchasing_item
    ADD CONSTRAINT purchasing_item_pkey PRIMARY KEY (id);


--
-- Name: purchasing_manufacturer purchasing_manufacturer_name_key; Type: CONSTRAINT; Schema: public; Owner: erp
--

ALTER TABLE ONLY public.purchasing_manufacturer
    ADD CONSTRAINT purchasing_manufacturer_name_key UNIQUE (name);


--
-- Name: purchasing_manufacturer purchasing_manufacturer_pkey; Type: CONSTRAINT; Schema: public; Owner: erp
--

ALTER TABLE ONLY public.purchasing_manufacturer
    ADD CONSTRAINT purchasing_manufacturer_pkey PRIMARY KEY (id);


--
-- Name: purchasing_part purchasing_part_pkey; Type: CONSTRAINT; Schema: public; Owner: erp
--

ALTER TABLE ONLY public.purchasing_part
    ADD CONSTRAINT purchasing_part_pkey PRIMARY KEY (item_ptr_id);


--
-- Name: purchasing_payment purchasing_payment_pkey; Type: CONSTRAINT; Schema: public; Owner: erp
--

ALTER TABLE ONLY public.purchasing_payment
    ADD CONSTRAINT purchasing_payment_pkey PRIMARY KEY (id);


--
-- Name: purchasing_paymentaccount purchasing_paymentaccount_pkey; Type: CONSTRAINT; Schema: public; Owner: erp
--

ALTER TABLE ONLY public.purchasing_paymentaccount
    ADD CONSTRAINT purchasing_paymentaccount_pkey PRIMARY KEY (id);


--
-- Name: purchasing_purchaseitem_manufacturer purchasing_purchaseitem__purchaseitem_id_manufact_4e76cf30_uniq; Type: CONSTRAINT; Schema: public; Owner: erp
--

ALTER TABLE ONLY public.purchasing_purchaseitem_manufacturer
    ADD CONSTRAINT purchasing_purchaseitem__purchaseitem_id_manufact_4e76cf30_uniq UNIQUE (purchaseitem_id, manufacturer_id);


--
-- Name: purchasing_purchaseitem_vendor purchasing_purchaseitem__purchaseitem_id_vendoror_78a0236e_uniq; Type: CONSTRAINT; Schema: public; Owner: erp
--

ALTER TABLE ONLY public.purchasing_purchaseitem_vendor
    ADD CONSTRAINT purchasing_purchaseitem__purchaseitem_id_vendoror_78a0236e_uniq UNIQUE (purchaseitem_id, vendor_id);


--
-- Name: purchasing_purchaseitem purchasing_purchaseitem_item_id_units_8dbfea90_uniq; Type: CONSTRAINT; Schema: public; Owner: erp
--

ALTER TABLE ONLY public.purchasing_purchaseitem
    ADD CONSTRAINT purchasing_purchaseitem_item_id_units_8dbfea90_uniq UNIQUE (item_id, units);


--
-- Name: purchasing_purchaseitem_manufacturer purchasing_purchaseitem_manufacturer_pkey; Type: CONSTRAINT; Schema: public; Owner: erp
--

ALTER TABLE ONLY public.purchasing_purchaseitem_manufacturer
    ADD CONSTRAINT purchasing_purchaseitem_manufacturer_pkey PRIMARY KEY (id);


--
-- Name: purchasing_purchaseitem purchasing_purchaseitem_pkey; Type: CONSTRAINT; Schema: public; Owner: erp
--

ALTER TABLE ONLY public.purchasing_purchaseitem
    ADD CONSTRAINT purchasing_purchaseitem_pkey PRIMARY KEY (id);


--
-- Name: purchasing_purchaseitem_vendor purchasing_purchaseitem_vendor_pkey; Type: CONSTRAINT; Schema: public; Owner: erp
--

ALTER TABLE ONLY public.purchasing_purchaseitem_vendor
    ADD CONSTRAINT purchasing_purchaseitem_vendor_pkey PRIMARY KEY (id);


--
-- Name: purchasing_purchaseorder purchasing_purchaseorder_pkey; Type: CONSTRAINT; Schema: public; Owner: erp
--

ALTER TABLE ONLY public.purchasing_purchaseorder
    ADD CONSTRAINT purchasing_purchaseorder_pkey PRIMARY KEY (id);


--
-- Name: purchasing_purchaseorderitem purchasing_purchaseorder_purchase_order_id_purcha_46e1f0ff_uniq; Type: CONSTRAINT; Schema: public; Owner: erp
--

ALTER TABLE ONLY public.purchasing_purchaseorderitem
    ADD CONSTRAINT purchasing_purchaseorder_purchase_order_id_purcha_46e1f0ff_uniq UNIQUE (purchase_order_id, purchase_item_id);


--
-- Name: purchasing_purchaseorderhistory purchasing_purchaseorderhistory_pkey; Type: CONSTRAINT; Schema: public; Owner: erp
--

ALTER TABLE ONLY public.purchasing_purchaseorderhistory
    ADD CONSTRAINT purchasing_purchaseorderhistory_pkey PRIMARY KEY (id);


--
-- Name: purchasing_purchaseorderitem purchasing_purchaseorderitem_pkey; Type: CONSTRAINT; Schema: public; Owner: erp
--

ALTER TABLE ONLY public.purchasing_purchaseorderitem
    ADD CONSTRAINT purchasing_purchaseorderitem_pkey PRIMARY KEY (id);


--
-- Name: purchasing_purchaseorderitemhistory purchasing_purchaseorderitemhistory_pkey; Type: CONSTRAINT; Schema: public; Owner: erp
--

ALTER TABLE ONLY public.purchasing_purchaseorderitemhistory
    ADD CONSTRAINT purchasing_purchaseorderitemhistory_pkey PRIMARY KEY (id);


--
-- Name: purchasing_service purchasing_service_pkey; Type: CONSTRAINT; Schema: public; Owner: erp
--

ALTER TABLE ONLY public.purchasing_service
    ADD CONSTRAINT purchasing_service_pkey PRIMARY KEY (item_ptr_id);


--
-- Name: purchasing_subscription purchasing_subscription_pkey; Type: CONSTRAINT; Schema: public; Owner: erp
--

ALTER TABLE ONLY public.purchasing_subscription
    ADD CONSTRAINT purchasing_subscription_pkey PRIMARY KEY (item_ptr_id);


--
-- Name: purchasing_vendor purchasing_vendor_name_organization_id_d3f66730_uniq; Type: CONSTRAINT; Schema: public; Owner: erp
--

ALTER TABLE ONLY public.purchasing_vendor
    ADD CONSTRAINT purchasing_vendor_name_organization_id_d3f66730_uniq UNIQUE (name, organization_id);


--
-- Name: purchasing_vendor purchasing_vendor_pkey; Type: CONSTRAINT; Schema: public; Owner: erp
--

ALTER TABLE ONLY public.purchasing_vendor
    ADD CONSTRAINT purchasing_vendor_pkey PRIMARY KEY (id);


--
-- Name: schedule_calendar schedule_calendar_pkey; Type: CONSTRAINT; Schema: public; Owner: erp
--

ALTER TABLE ONLY public.schedule_calendar
    ADD CONSTRAINT schedule_calendar_pkey PRIMARY KEY (id);


--
-- Name: schedule_calendar schedule_calendar_slug_ba17e861_uniq; Type: CONSTRAINT; Schema: public; Owner: erp
--

ALTER TABLE ONLY public.schedule_calendar
    ADD CONSTRAINT schedule_calendar_slug_ba17e861_uniq UNIQUE (slug);


--
-- Name: schedule_calendarrelation schedule_calendarrelation_pkey; Type: CONSTRAINT; Schema: public; Owner: erp
--

ALTER TABLE ONLY public.schedule_calendarrelation
    ADD CONSTRAINT schedule_calendarrelation_pkey PRIMARY KEY (id);


--
-- Name: schedule_event schedule_event_pkey; Type: CONSTRAINT; Schema: public; Owner: erp
--

ALTER TABLE ONLY public.schedule_event
    ADD CONSTRAINT schedule_event_pkey PRIMARY KEY (id);


--
-- Name: schedule_eventrelation schedule_eventrelation_pkey; Type: CONSTRAINT; Schema: public; Owner: erp
--

ALTER TABLE ONLY public.schedule_eventrelation
    ADD CONSTRAINT schedule_eventrelation_pkey PRIMARY KEY (id);


--
-- Name: schedule_occurrence schedule_occurrence_pkey; Type: CONSTRAINT; Schema: public; Owner: erp
--

ALTER TABLE ONLY public.schedule_occurrence
    ADD CONSTRAINT schedule_occurrence_pkey PRIMARY KEY (id);


--
-- Name: schedule_rule schedule_rule_pkey; Type: CONSTRAINT; Schema: public; Owner: erp
--

ALTER TABLE ONLY public.schedule_rule
    ADD CONSTRAINT schedule_rule_pkey PRIMARY KEY (id);


--
-- Name: timesheets_timesheetentry timesheets_timesheetentry_pkey; Type: CONSTRAINT; Schema: public; Owner: erp
--

ALTER TABLE ONLY public.timesheets_timesheetentry
    ADD CONSTRAINT timesheets_timesheetentry_pkey PRIMARY KEY (id);


--
-- Name: timesheets_timesheetperiod timesheets_timesheetperi_org_id_date_start_date_e_2ba6ad32_uniq; Type: CONSTRAINT; Schema: public; Owner: erp
--

ALTER TABLE ONLY public.timesheets_timesheetperiod
    ADD CONSTRAINT timesheets_timesheetperi_org_id_date_start_date_e_2ba6ad32_uniq UNIQUE (org_id, date_start, date_end);


--
-- Name: timesheets_timesheetperiod timesheets_timesheetperiod_pkey; Type: CONSTRAINT; Schema: public; Owner: erp
--

ALTER TABLE ONLY public.timesheets_timesheetperiod
    ADD CONSTRAINT timesheets_timesheetperiod_pkey PRIMARY KEY (id);


--
-- Name: timesheets_usertimesheetperiod timesheets_usertimesheetperiod_pkey; Type: CONSTRAINT; Schema: public; Owner: erp
--

ALTER TABLE ONLY public.timesheets_usertimesheetperiod
    ADD CONSTRAINT timesheets_usertimesheetperiod_pkey PRIMARY KEY (id);


--
-- Name: timesheets_usertimesheetperiod timesheets_usertimesheetperiod_user_id_period_id_83de97c0_uniq; Type: CONSTRAINT; Schema: public; Owner: erp
--

ALTER TABLE ONLY public.timesheets_usertimesheetperiod
    ADD CONSTRAINT timesheets_usertimesheetperiod_user_id_period_id_83de97c0_uniq UNIQUE (user_id, period_id);


--
-- Name: tsmanagement_approval tsmanagement_approval_pkey; Type: CONSTRAINT; Schema: public; Owner: erp
--

ALTER TABLE ONLY public.tsmanagement_approval
    ADD CONSTRAINT tsmanagement_approval_pkey PRIMARY KEY (id);


--
-- Name: accounting_mileage_entry_id_f786b049; Type: INDEX; Schema: public; Owner: erp
--

CREATE INDEX accounting_mileage_entry_id_f786b049 ON public.accounting_mileage USING btree (entry_id);


--
-- Name: accounting_mileage_equipment_id_8bc59953; Type: INDEX; Schema: public; Owner: erp
--

CREATE INDEX accounting_mileage_equipment_id_8bc59953 ON public.accounting_mileage USING btree (equipment_id);


--
-- Name: accounting_mileage_project_id_d882911d; Type: INDEX; Schema: public; Owner: erp
--

CREATE INDEX accounting_mileage_project_id_d882911d ON public.accounting_mileage USING btree (project_id);


--
-- Name: accounting_mileage_rate_id_fc7e36ea; Type: INDEX; Schema: public; Owner: erp
--

CREATE INDEX accounting_mileage_rate_id_fc7e36ea ON public.accounting_mileage USING btree (rate_id);


--
-- Name: auth_group_name_a6ea08ec_like; Type: INDEX; Schema: public; Owner: erp
--

CREATE INDEX auth_group_name_a6ea08ec_like ON public.auth_group USING btree (name varchar_pattern_ops);


--
-- Name: auth_group_permissions_group_id_b120cbf9; Type: INDEX; Schema: public; Owner: erp
--

CREATE INDEX auth_group_permissions_group_id_b120cbf9 ON public.auth_group_permissions USING btree (group_id);


--
-- Name: auth_group_permissions_permission_id_84c5c92e; Type: INDEX; Schema: public; Owner: erp
--

CREATE INDEX auth_group_permissions_permission_id_84c5c92e ON public.auth_group_permissions USING btree (permission_id);


--
-- Name: auth_permission_content_type_id_2f476e4b; Type: INDEX; Schema: public; Owner: erp
--

CREATE INDEX auth_permission_content_type_id_2f476e4b ON public.auth_permission USING btree (content_type_id);


--
-- Name: auth_user_groups_group_id_97559544; Type: INDEX; Schema: public; Owner: erp
--

CREATE INDEX auth_user_groups_group_id_97559544 ON public.auth_user_groups USING btree (group_id);


--
-- Name: auth_user_groups_user_id_6a12ed8b; Type: INDEX; Schema: public; Owner: erp
--

CREATE INDEX auth_user_groups_user_id_6a12ed8b ON public.auth_user_groups USING btree (user_id);


--
-- Name: auth_user_user_permissions_permission_id_1fbb5f2c; Type: INDEX; Schema: public; Owner: erp
--

CREATE INDEX auth_user_user_permissions_permission_id_1fbb5f2c ON public.auth_user_user_permissions USING btree (permission_id);


--
-- Name: auth_user_user_permissions_user_id_a95ead1b; Type: INDEX; Schema: public; Owner: erp
--

CREATE INDEX auth_user_user_permissions_user_id_a95ead1b ON public.auth_user_user_permissions USING btree (user_id);


--
-- Name: auth_user_username_6821ab7c_like; Type: INDEX; Schema: public; Owner: erp
--

CREATE INDEX auth_user_username_6821ab7c_like ON public.auth_user USING btree (username varchar_pattern_ops);


--
-- Name: custom_scheduler_calendar_organization_id_8e3570b6; Type: INDEX; Schema: public; Owner: erp
--

CREATE INDEX custom_scheduler_calendar_organization_id_8e3570b6 ON public.custom_scheduler_calendar USING btree (organization_id);


--
-- Name: custom_scheduler_customevent_event_type_id_e82dd102; Type: INDEX; Schema: public; Owner: erp
--

CREATE INDEX custom_scheduler_customevent_event_type_id_e82dd102 ON public.custom_scheduler_customevent USING btree (event_type_id);


--
-- Name: custom_scheduler_eventtype_organization_id_72a499b3; Type: INDEX; Schema: public; Owner: erp
--

CREATE INDEX custom_scheduler_eventtype_organization_id_72a499b3 ON public.custom_scheduler_eventtype USING btree (organization_id);


--
-- Name: custom_scheduler_staff_organization_id_7ae115c4; Type: INDEX; Schema: public; Owner: erp
--

CREATE INDEX custom_scheduler_staff_organization_id_7ae115c4 ON public.custom_scheduler_staff USING btree (organization_id);


--
-- Name: custom_scheduler_stafftime_event_id_9f67e16b; Type: INDEX; Schema: public; Owner: erp
--

CREATE INDEX custom_scheduler_stafftime_event_id_9f67e16b ON public.custom_scheduler_stafftime USING btree (event_id);


--
-- Name: custom_scheduler_stafftime_occurrence_id_c5e2c801; Type: INDEX; Schema: public; Owner: erp
--

CREATE INDEX custom_scheduler_stafftime_occurrence_id_c5e2c801 ON public.custom_scheduler_stafftime USING btree (occurrence_id);


--
-- Name: custom_scheduler_stafftime_staff_member_id_09dcc630; Type: INDEX; Schema: public; Owner: erp
--

CREATE INDEX custom_scheduler_stafftime_staff_member_id_09dcc630 ON public.custom_scheduler_stafftime USING btree (staff_member_id);


--
-- Name: django_admin_log_content_type_id_c4bce8eb; Type: INDEX; Schema: public; Owner: erp
--

CREATE INDEX django_admin_log_content_type_id_c4bce8eb ON public.django_admin_log USING btree (content_type_id);


--
-- Name: django_admin_log_user_id_c564eba6; Type: INDEX; Schema: public; Owner: erp
--

CREATE INDEX django_admin_log_user_id_c564eba6 ON public.django_admin_log USING btree (user_id);


--
-- Name: django_cele_date_cr_bd6c1d_idx; Type: INDEX; Schema: public; Owner: erp
--

CREATE INDEX django_cele_date_cr_bd6c1d_idx ON public.django_celery_results_groupresult USING btree (date_created);


--
-- Name: django_cele_date_cr_f04a50_idx; Type: INDEX; Schema: public; Owner: erp
--

CREATE INDEX django_cele_date_cr_f04a50_idx ON public.django_celery_results_taskresult USING btree (date_created);


--
-- Name: django_cele_date_do_caae0e_idx; Type: INDEX; Schema: public; Owner: erp
--

CREATE INDEX django_cele_date_do_caae0e_idx ON public.django_celery_results_groupresult USING btree (date_done);


--
-- Name: django_cele_date_do_f59aad_idx; Type: INDEX; Schema: public; Owner: erp
--

CREATE INDEX django_cele_date_do_f59aad_idx ON public.django_celery_results_taskresult USING btree (date_done);


--
-- Name: django_cele_status_9b6201_idx; Type: INDEX; Schema: public; Owner: erp
--

CREATE INDEX django_cele_status_9b6201_idx ON public.django_celery_results_taskresult USING btree (status);


--
-- Name: django_cele_task_na_08aec9_idx; Type: INDEX; Schema: public; Owner: erp
--

CREATE INDEX django_cele_task_na_08aec9_idx ON public.django_celery_results_taskresult USING btree (task_name);


--
-- Name: django_cele_worker_d54dd8_idx; Type: INDEX; Schema: public; Owner: erp
--

CREATE INDEX django_cele_worker_d54dd8_idx ON public.django_celery_results_taskresult USING btree (worker);


--
-- Name: django_celery_beat_periodictask_clocked_id_47a69f82; Type: INDEX; Schema: public; Owner: erp
--

CREATE INDEX django_celery_beat_periodictask_clocked_id_47a69f82 ON public.django_celery_beat_periodictask USING btree (clocked_id);


--
-- Name: django_celery_beat_periodictask_crontab_id_d3cba168; Type: INDEX; Schema: public; Owner: erp
--

CREATE INDEX django_celery_beat_periodictask_crontab_id_d3cba168 ON public.django_celery_beat_periodictask USING btree (crontab_id);


--
-- Name: django_celery_beat_periodictask_interval_id_a8ca27da; Type: INDEX; Schema: public; Owner: erp
--

CREATE INDEX django_celery_beat_periodictask_interval_id_a8ca27da ON public.django_celery_beat_periodictask USING btree (interval_id);


--
-- Name: django_celery_beat_periodictask_name_265a36b7_like; Type: INDEX; Schema: public; Owner: erp
--

CREATE INDEX django_celery_beat_periodictask_name_265a36b7_like ON public.django_celery_beat_periodictask USING btree (name varchar_pattern_ops);


--
-- Name: django_celery_beat_periodictask_solar_id_a87ce72c; Type: INDEX; Schema: public; Owner: erp
--

CREATE INDEX django_celery_beat_periodictask_solar_id_a87ce72c ON public.django_celery_beat_periodictask USING btree (solar_id);


--
-- Name: django_celery_results_chordcounter_group_id_1f70858c_like; Type: INDEX; Schema: public; Owner: erp
--

CREATE INDEX django_celery_results_chordcounter_group_id_1f70858c_like ON public.django_celery_results_chordcounter USING btree (group_id varchar_pattern_ops);


--
-- Name: django_celery_results_groupresult_group_id_a085f1a9_like; Type: INDEX; Schema: public; Owner: erp
--

CREATE INDEX django_celery_results_groupresult_group_id_a085f1a9_like ON public.django_celery_results_groupresult USING btree (group_id varchar_pattern_ops);


--
-- Name: django_celery_results_taskresult_task_id_de0d95bf_like; Type: INDEX; Schema: public; Owner: erp
--

CREATE INDEX django_celery_results_taskresult_task_id_de0d95bf_like ON public.django_celery_results_taskresult USING btree (task_id varchar_pattern_ops);


--
-- Name: django_session_expire_date_a5c62663; Type: INDEX; Schema: public; Owner: erp
--

CREATE INDEX django_session_expire_date_a5c62663 ON public.django_session USING btree (expire_date);


--
-- Name: django_session_session_key_c0390e0f_like; Type: INDEX; Schema: public; Owner: erp
--

CREATE INDEX django_session_session_key_c0390e0f_like ON public.django_session USING btree (session_key varchar_pattern_ops);


--
-- Name: employee_alternatewagecode_user_id_8f44d8d2; Type: INDEX; Schema: public; Owner: erp
--

CREATE INDEX employee_alternatewagecode_user_id_8f44d8d2 ON public.employee_alternatewagecode USING btree (user_id);


--
-- Name: employee_invitee_inviter_id_e22d8c2e; Type: INDEX; Schema: public; Owner: erp
--

CREATE INDEX employee_invitee_inviter_id_e22d8c2e ON public.employee_invitee USING btree (inviter_id);


--
-- Name: employee_invitee_organization_id_f1e48c2a; Type: INDEX; Schema: public; Owner: erp
--

CREATE INDEX employee_invitee_organization_id_f1e48c2a ON public.employee_invitee USING btree (organization_id);


--
-- Name: employee_timesheetuser_approvers_from_timesheetuser_id_6431ad3e; Type: INDEX; Schema: public; Owner: erp
--

CREATE INDEX employee_timesheetuser_approvers_from_timesheetuser_id_6431ad3e ON public.employee_timesheetuser_approvers USING btree (from_timesheetuser_id);


--
-- Name: employee_timesheetuser_approvers_to_timesheetuser_id_ceb8602d; Type: INDEX; Schema: public; Owner: erp
--

CREATE INDEX employee_timesheetuser_approvers_to_timesheetuser_id_ceb8602d ON public.employee_timesheetuser_approvers USING btree (to_timesheetuser_id);


--
-- Name: employee_timesheetuser_org_manager_organization_id_5c576f75; Type: INDEX; Schema: public; Owner: erp
--

CREATE INDEX employee_timesheetuser_org_manager_organization_id_5c576f75 ON public.employee_timesheetuser_org_manager USING btree (organization_id);


--
-- Name: employee_timesheetuser_org_manager_timesheetuser_id_38659a09; Type: INDEX; Schema: public; Owner: erp
--

CREATE INDEX employee_timesheetuser_org_manager_timesheetuser_id_38659a09 ON public.employee_timesheetuser_org_manager USING btree (timesheetuser_id);


--
-- Name: employee_timesheetuser_organization_id_c93e607e; Type: INDEX; Schema: public; Owner: erp
--

CREATE INDEX employee_timesheetuser_organization_id_c93e607e ON public.employee_timesheetuser USING btree (organization_id);


--
-- Name: inventory_childpart_child_part_id_ca2feac2; Type: INDEX; Schema: public; Owner: erp
--

CREATE INDEX inventory_childpart_child_part_id_ca2feac2 ON public.inventory_childpart USING btree (child_part_id);


--
-- Name: inventory_childpart_parent_part_id_6de64c8e; Type: INDEX; Schema: public; Owner: erp
--

CREATE INDEX inventory_childpart_parent_part_id_6de64c8e ON public.inventory_childpart USING btree (parent_part_id);


--
-- Name: inventory_serialpart_man_serial_number_23d3bd85_like; Type: INDEX; Schema: public; Owner: erp
--

CREATE INDEX inventory_serialpart_man_serial_number_23d3bd85_like ON public.inventory_serialpart USING btree (man_serial_number varchar_pattern_ops);


--
-- Name: inventory_serialpart_parent_serial_part_id_24fcf4c2; Type: INDEX; Schema: public; Owner: erp
--

CREATE INDEX inventory_serialpart_parent_serial_part_id_24fcf4c2 ON public.inventory_serialpart USING btree (parent_serial_part_id);


--
-- Name: inventory_serialpart_part_id_8cf511e1; Type: INDEX; Schema: public; Owner: erp
--

CREATE INDEX inventory_serialpart_part_id_8cf511e1 ON public.inventory_serialpart USING btree (part_id);


--
-- Name: inventory_serialpart_polymorphic_ctype_id_de4da796; Type: INDEX; Schema: public; Owner: erp
--

CREATE INDEX inventory_serialpart_polymorphic_ctype_id_de4da796 ON public.inventory_serialpart USING btree (polymorphic_ctype_id);


--
-- Name: invoice_invoiceentry_invoice_id_a2e2b9b6; Type: INDEX; Schema: public; Owner: erp
--

CREATE INDEX invoice_invoiceentry_invoice_id_a2e2b9b6 ON public.invoice_invoiceentry USING btree (invoice_id);


--
-- Name: mailer_email_organization_id_0bb2c7a6; Type: INDEX; Schema: public; Owner: erp
--

CREATE INDEX mailer_email_organization_id_0bb2c7a6 ON public.mailer_email USING btree (organization_id);


--
-- Name: projects_project_contributors_project_id_4bc3d6c5; Type: INDEX; Schema: public; Owner: erp
--

CREATE INDEX projects_project_contributors_project_id_4bc3d6c5 ON public.projects_project_contributors USING btree (project_id);


--
-- Name: projects_project_contributors_user_id_c34e040d; Type: INDEX; Schema: public; Owner: erp
--

CREATE INDEX projects_project_contributors_user_id_c34e040d ON public.projects_project_contributors USING btree (user_id);


--
-- Name: projects_project_name_1ecf4961_like; Type: INDEX; Schema: public; Owner: erp
--

CREATE INDEX projects_project_name_1ecf4961_like ON public.projects_project USING btree (name varchar_pattern_ops);


--
-- Name: projects_project_organizations_organization_id_cfda860f; Type: INDEX; Schema: public; Owner: erp
--

CREATE INDEX projects_project_organizations_organization_id_cfda860f ON public.projects_project_organizations USING btree (organization_id);


--
-- Name: projects_project_organizations_project_id_79ea652a; Type: INDEX; Schema: public; Owner: erp
--

CREATE INDEX projects_project_organizations_project_id_79ea652a ON public.projects_project_organizations USING btree (project_id);


--
-- Name: projects_project_owner_id_b940de39; Type: INDEX; Schema: public; Owner: erp
--

CREATE INDEX projects_project_owner_id_b940de39 ON public.projects_project USING btree (owner_id);


--
-- Name: purchasing_item_name_723a4971_like; Type: INDEX; Schema: public; Owner: erp
--

CREATE INDEX purchasing_item_name_723a4971_like ON public.purchasing_item USING btree (name varchar_pattern_ops);


--
-- Name: purchasing_item_organization_id_994d9a64; Type: INDEX; Schema: public; Owner: erp
--

CREATE INDEX purchasing_item_organization_id_994d9a64 ON public.purchasing_item USING btree (organization_id);


--
-- Name: purchasing_item_polymorphic_ctype_id_bdb6273b; Type: INDEX; Schema: public; Owner: erp
--

CREATE INDEX purchasing_item_polymorphic_ctype_id_bdb6273b ON public.purchasing_item USING btree (polymorphic_ctype_id);


--
-- Name: purchasing_manufacturer_name_b2e672cd_like; Type: INDEX; Schema: public; Owner: erp
--

CREATE INDEX purchasing_manufacturer_name_b2e672cd_like ON public.purchasing_manufacturer USING btree (name varchar_pattern_ops);


--
-- Name: purchasing_manufacturer_organization_id_92271b30; Type: INDEX; Schema: public; Owner: erp
--

CREATE INDEX purchasing_manufacturer_organization_id_92271b30 ON public.purchasing_manufacturer USING btree (organization_id);


--
-- Name: purchasing_payment_account_id_b2f8b0d3; Type: INDEX; Schema: public; Owner: erp
--

CREATE INDEX purchasing_payment_account_id_b2f8b0d3 ON public.purchasing_payment USING btree (account_id);


--
-- Name: purchasing_payment_order_id_d36694b0; Type: INDEX; Schema: public; Owner: erp
--

CREATE INDEX purchasing_payment_order_id_d36694b0 ON public.purchasing_payment USING btree (order_id);


--
-- Name: purchasing_purchaseitem_item_id_12ff8331; Type: INDEX; Schema: public; Owner: erp
--

CREATE INDEX purchasing_purchaseitem_item_id_12ff8331 ON public.purchasing_purchaseitem USING btree (item_id);


--
-- Name: purchasing_purchaseitem_manufacturer_manufacturer_id_d79f31fa; Type: INDEX; Schema: public; Owner: erp
--

CREATE INDEX purchasing_purchaseitem_manufacturer_manufacturer_id_d79f31fa ON public.purchasing_purchaseitem_manufacturer USING btree (manufacturer_id);


--
-- Name: purchasing_purchaseitem_manufacturer_purchaseitem_id_7c6adff3; Type: INDEX; Schema: public; Owner: erp
--

CREATE INDEX purchasing_purchaseitem_manufacturer_purchaseitem_id_7c6adff3 ON public.purchasing_purchaseitem_manufacturer USING btree (purchaseitem_id);


--
-- Name: purchasing_purchaseitem_vendor_purchaseitem_id_823f3b9b; Type: INDEX; Schema: public; Owner: erp
--

CREATE INDEX purchasing_purchaseitem_vendor_purchaseitem_id_823f3b9b ON public.purchasing_purchaseitem_vendor USING btree (purchaseitem_id);


--
-- Name: purchasing_purchaseitem_vendor_vendororganization_id_9662a5ff; Type: INDEX; Schema: public; Owner: erp
--

CREATE INDEX purchasing_purchaseitem_vendor_vendororganization_id_9662a5ff ON public.purchasing_purchaseitem_vendor USING btree (vendor_id);


--
-- Name: purchasing_purchaseorder_orderer_id_a3f714ac; Type: INDEX; Schema: public; Owner: erp
--

CREATE INDEX purchasing_purchaseorder_orderer_id_a3f714ac ON public.purchasing_purchaseorder USING btree (orderer_id);


--
-- Name: purchasing_purchaseorder_organization_id_5e39ac62; Type: INDEX; Schema: public; Owner: erp
--

CREATE INDEX purchasing_purchaseorder_organization_id_5e39ac62 ON public.purchasing_purchaseorder USING btree (organization_id);


--
-- Name: purchasing_purchaseorder_purchaser_id_5f29d45f; Type: INDEX; Schema: public; Owner: erp
--

CREATE INDEX purchasing_purchaseorder_purchaser_id_5f29d45f ON public.purchasing_purchaseorder USING btree (purchaser_id);


--
-- Name: purchasing_purchaseorder_vendor_id_17ec5360; Type: INDEX; Schema: public; Owner: erp
--

CREATE INDEX purchasing_purchaseorder_vendor_id_17ec5360 ON public.purchasing_purchaseorder USING btree (vendor_id);


--
-- Name: purchasing_purchaseorderhistory_purchase_order_id_71d60e6b; Type: INDEX; Schema: public; Owner: erp
--

CREATE INDEX purchasing_purchaseorderhistory_purchase_order_id_71d60e6b ON public.purchasing_purchaseorderhistory USING btree (purchase_order_id);


--
-- Name: purchasing_purchaseorderit_purchase_order_item_id_d6a50653; Type: INDEX; Schema: public; Owner: erp
--

CREATE INDEX purchasing_purchaseorderit_purchase_order_item_id_d6a50653 ON public.purchasing_purchaseorderitemhistory USING btree (purchase_order_item_id);


--
-- Name: purchasing_purchaseorderitem_purchase_item_id_4b20d0e1; Type: INDEX; Schema: public; Owner: erp
--

CREATE INDEX purchasing_purchaseorderitem_purchase_item_id_4b20d0e1 ON public.purchasing_purchaseorderitem USING btree (purchase_item_id);


--
-- Name: purchasing_purchaseorderitem_purchase_order_id_2bf48ec0; Type: INDEX; Schema: public; Owner: erp
--

CREATE INDEX purchasing_purchaseorderitem_purchase_order_id_2bf48ec0 ON public.purchasing_purchaseorderitem USING btree (purchase_order_id);


--
-- Name: purchasing_vendor_organization_id_e73c1797; Type: INDEX; Schema: public; Owner: erp
--

CREATE INDEX purchasing_vendor_organization_id_e73c1797 ON public.purchasing_vendor USING btree (organization_id);


--
-- Name: schedule_calendar_slug_ba17e861_like; Type: INDEX; Schema: public; Owner: erp
--

CREATE INDEX schedule_calendar_slug_ba17e861_like ON public.schedule_calendar USING btree (slug varchar_pattern_ops);


--
-- Name: schedule_calendarrelatio_content_type_id_object_i_3378a516_idx; Type: INDEX; Schema: public; Owner: erp
--

CREATE INDEX schedule_calendarrelatio_content_type_id_object_i_3378a516_idx ON public.schedule_calendarrelation USING btree (content_type_id, object_id);


--
-- Name: schedule_calendarrelation_calendar_id_0a50be2e; Type: INDEX; Schema: public; Owner: erp
--

CREATE INDEX schedule_calendarrelation_calendar_id_0a50be2e ON public.schedule_calendarrelation USING btree (calendar_id);


--
-- Name: schedule_calendarrelation_content_type_id_f2a42f5b; Type: INDEX; Schema: public; Owner: erp
--

CREATE INDEX schedule_calendarrelation_content_type_id_f2a42f5b ON public.schedule_calendarrelation USING btree (content_type_id);


--
-- Name: schedule_calendarrelation_object_id_1743bce6; Type: INDEX; Schema: public; Owner: erp
--

CREATE INDEX schedule_calendarrelation_object_id_1743bce6 ON public.schedule_calendarrelation USING btree (object_id);


--
-- Name: schedule_event_calendar_id_eb1c700f; Type: INDEX; Schema: public; Owner: erp
--

CREATE INDEX schedule_event_calendar_id_eb1c700f ON public.schedule_event USING btree (calendar_id);


--
-- Name: schedule_event_creator_id_d2ffab6e; Type: INDEX; Schema: public; Owner: erp
--

CREATE INDEX schedule_event_creator_id_d2ffab6e ON public.schedule_event USING btree (creator_id);


--
-- Name: schedule_event_end_674c5848; Type: INDEX; Schema: public; Owner: erp
--

CREATE INDEX schedule_event_end_674c5848 ON public.schedule_event USING btree ("end");


--
-- Name: schedule_event_end_recurring_period_672addcf; Type: INDEX; Schema: public; Owner: erp
--

CREATE INDEX schedule_event_end_recurring_period_672addcf ON public.schedule_event USING btree (end_recurring_period);


--
-- Name: schedule_event_rule_id_90b83d31; Type: INDEX; Schema: public; Owner: erp
--

CREATE INDEX schedule_event_rule_id_90b83d31 ON public.schedule_event USING btree (rule_id);


--
-- Name: schedule_event_start_a11492a7; Type: INDEX; Schema: public; Owner: erp
--

CREATE INDEX schedule_event_start_a11492a7 ON public.schedule_event USING btree (start);


--
-- Name: schedule_event_start_end_89f30672_idx; Type: INDEX; Schema: public; Owner: erp
--

CREATE INDEX schedule_event_start_end_89f30672_idx ON public.schedule_event USING btree (start, "end");


--
-- Name: schedule_eventrelation_content_type_id_d4187723; Type: INDEX; Schema: public; Owner: erp
--

CREATE INDEX schedule_eventrelation_content_type_id_d4187723 ON public.schedule_eventrelation USING btree (content_type_id);


--
-- Name: schedule_eventrelation_content_type_id_object_id_c1b1e893_idx; Type: INDEX; Schema: public; Owner: erp
--

CREATE INDEX schedule_eventrelation_content_type_id_object_id_c1b1e893_idx ON public.schedule_eventrelation USING btree (content_type_id, object_id);


--
-- Name: schedule_eventrelation_event_id_8c57a7b4; Type: INDEX; Schema: public; Owner: erp
--

CREATE INDEX schedule_eventrelation_event_id_8c57a7b4 ON public.schedule_eventrelation USING btree (event_id);


--
-- Name: schedule_eventrelation_object_id_e22334a2; Type: INDEX; Schema: public; Owner: erp
--

CREATE INDEX schedule_eventrelation_object_id_e22334a2 ON public.schedule_eventrelation USING btree (object_id);


--
-- Name: schedule_occurrence_end_ae255624; Type: INDEX; Schema: public; Owner: erp
--

CREATE INDEX schedule_occurrence_end_ae255624 ON public.schedule_occurrence USING btree ("end");


--
-- Name: schedule_occurrence_event_id_ade47cd8; Type: INDEX; Schema: public; Owner: erp
--

CREATE INDEX schedule_occurrence_event_id_ade47cd8 ON public.schedule_occurrence USING btree (event_id);


--
-- Name: schedule_occurrence_start_b28eeb2f; Type: INDEX; Schema: public; Owner: erp
--

CREATE INDEX schedule_occurrence_start_b28eeb2f ON public.schedule_occurrence USING btree (start);


--
-- Name: schedule_occurrence_start_end_5fc98870_idx; Type: INDEX; Schema: public; Owner: erp
--

CREATE INDEX schedule_occurrence_start_end_5fc98870_idx ON public.schedule_occurrence USING btree (start, "end");


--
-- Name: timesheets_timesheetentry_period_id_6986cbf7; Type: INDEX; Schema: public; Owner: erp
--

CREATE INDEX timesheets_timesheetentry_period_id_6986cbf7 ON public.timesheets_timesheetentry USING btree (period_id);


--
-- Name: timesheets_timesheetentry_project_id_c77b008e; Type: INDEX; Schema: public; Owner: erp
--

CREATE INDEX timesheets_timesheetentry_project_id_c77b008e ON public.timesheets_timesheetentry USING btree (project_id);


--
-- Name: timesheets_timesheetentry_user_id_6f459031; Type: INDEX; Schema: public; Owner: erp
--

CREATE INDEX timesheets_timesheetentry_user_id_6f459031 ON public.timesheets_timesheetentry USING btree (user_id);


--
-- Name: timesheets_timesheetperiod_org_id_4876bb91; Type: INDEX; Schema: public; Owner: erp
--

CREATE INDEX timesheets_timesheetperiod_org_id_4876bb91 ON public.timesheets_timesheetperiod USING btree (org_id);


--
-- Name: timesheets_usertimesheetperiod_period_id_88a50318; Type: INDEX; Schema: public; Owner: erp
--

CREATE INDEX timesheets_usertimesheetperiod_period_id_88a50318 ON public.timesheets_usertimesheetperiod USING btree (period_id);


--
-- Name: timesheets_usertimesheetperiod_user_id_5fe4cbd6; Type: INDEX; Schema: public; Owner: erp
--

CREATE INDEX timesheets_usertimesheetperiod_user_id_5fe4cbd6 ON public.timesheets_usertimesheetperiod USING btree (user_id);


--
-- Name: tsmanagement_approval_approvee_id_448f15d9; Type: INDEX; Schema: public; Owner: erp
--

CREATE INDEX tsmanagement_approval_approvee_id_448f15d9 ON public.tsmanagement_approval USING btree (approvee_id);


--
-- Name: tsmanagement_approval_approver_id_ac9ad969; Type: INDEX; Schema: public; Owner: erp
--

CREATE INDEX tsmanagement_approval_approver_id_ac9ad969 ON public.tsmanagement_approval USING btree (approver_id);


--
-- Name: tsmanagement_approval_timesheet_entry_id_7b04cc20; Type: INDEX; Schema: public; Owner: erp
--

CREATE INDEX tsmanagement_approval_timesheet_entry_id_7b04cc20 ON public.tsmanagement_approval USING btree (timesheet_entry_id);


--
-- Name: accounting_mileage accounting_mileage_entry_id_f786b049_fk_timesheet; Type: FK CONSTRAINT; Schema: public; Owner: erp
--

ALTER TABLE ONLY public.accounting_mileage
    ADD CONSTRAINT accounting_mileage_entry_id_f786b049_fk_timesheet FOREIGN KEY (entry_id) REFERENCES public.timesheets_timesheetentry(id) DEFERRABLE INITIALLY DEFERRED;


--
-- Name: accounting_mileage accounting_mileage_equipment_id_8bc59953_fk_inventory; Type: FK CONSTRAINT; Schema: public; Owner: erp
--

ALTER TABLE ONLY public.accounting_mileage
    ADD CONSTRAINT accounting_mileage_equipment_id_8bc59953_fk_inventory FOREIGN KEY (equipment_id) REFERENCES public.inventory_equipment(serialpart_ptr_id) DEFERRABLE INITIALLY DEFERRED;


--
-- Name: accounting_mileage accounting_mileage_expense_ptr_id_9b42d692_fk_accountin; Type: FK CONSTRAINT; Schema: public; Owner: erp
--

ALTER TABLE ONLY public.accounting_mileage
    ADD CONSTRAINT accounting_mileage_expense_ptr_id_9b42d692_fk_accountin FOREIGN KEY (expense_ptr_id) REFERENCES public.accounting_expense(id) DEFERRABLE INITIALLY DEFERRED;


--
-- Name: accounting_mileage accounting_mileage_project_id_d882911d_fk_projects_project_id; Type: FK CONSTRAINT; Schema: public; Owner: erp
--

ALTER TABLE ONLY public.accounting_mileage
    ADD CONSTRAINT accounting_mileage_project_id_d882911d_fk_projects_project_id FOREIGN KEY (project_id) REFERENCES public.projects_project(id) DEFERRABLE INITIALLY DEFERRED;


--
-- Name: accounting_mileage accounting_mileage_rate_id_fc7e36ea_fk_accounting_rate_id; Type: FK CONSTRAINT; Schema: public; Owner: erp
--

ALTER TABLE ONLY public.accounting_mileage
    ADD CONSTRAINT accounting_mileage_rate_id_fc7e36ea_fk_accounting_rate_id FOREIGN KEY (rate_id) REFERENCES public.accounting_rate(id) DEFERRABLE INITIALLY DEFERRED;


--
-- Name: assets_asset assets_asset_equipment_id_cfa4a127_fk_inventory; Type: FK CONSTRAINT; Schema: public; Owner: erp
--

ALTER TABLE ONLY public.assets_asset
    ADD CONSTRAINT assets_asset_equipment_id_cfa4a127_fk_inventory FOREIGN KEY (equipment_id) REFERENCES public.inventory_equipment(serialpart_ptr_id) DEFERRABLE INITIALLY DEFERRED;


--
-- Name: assets_building assets_building_asset_ptr_id_d7982be7_fk_assets_asset_id; Type: FK CONSTRAINT; Schema: public; Owner: erp
--

ALTER TABLE ONLY public.assets_building
    ADD CONSTRAINT assets_building_asset_ptr_id_d7982be7_fk_assets_asset_id FOREIGN KEY (asset_ptr_id) REFERENCES public.assets_asset(id) DEFERRABLE INITIALLY DEFERRED;


--
-- Name: assets_vehicle assets_vehicle_asset_ptr_id_205663de_fk_assets_asset_id; Type: FK CONSTRAINT; Schema: public; Owner: erp
--

ALTER TABLE ONLY public.assets_vehicle
    ADD CONSTRAINT assets_vehicle_asset_ptr_id_205663de_fk_assets_asset_id FOREIGN KEY (asset_ptr_id) REFERENCES public.assets_asset(id) DEFERRABLE INITIALLY DEFERRED;


--
-- Name: auth_group_permissions auth_group_permissio_permission_id_84c5c92e_fk_auth_perm; Type: FK CONSTRAINT; Schema: public; Owner: erp
--

ALTER TABLE ONLY public.auth_group_permissions
    ADD CONSTRAINT auth_group_permissio_permission_id_84c5c92e_fk_auth_perm FOREIGN KEY (permission_id) REFERENCES public.auth_permission(id) DEFERRABLE INITIALLY DEFERRED;


--
-- Name: auth_group_permissions auth_group_permissions_group_id_b120cbf9_fk_auth_group_id; Type: FK CONSTRAINT; Schema: public; Owner: erp
--

ALTER TABLE ONLY public.auth_group_permissions
    ADD CONSTRAINT auth_group_permissions_group_id_b120cbf9_fk_auth_group_id FOREIGN KEY (group_id) REFERENCES public.auth_group(id) DEFERRABLE INITIALLY DEFERRED;


--
-- Name: auth_permission auth_permission_content_type_id_2f476e4b_fk_django_co; Type: FK CONSTRAINT; Schema: public; Owner: erp
--

ALTER TABLE ONLY public.auth_permission
    ADD CONSTRAINT auth_permission_content_type_id_2f476e4b_fk_django_co FOREIGN KEY (content_type_id) REFERENCES public.django_content_type(id) DEFERRABLE INITIALLY DEFERRED;


--
-- Name: auth_user_groups auth_user_groups_group_id_97559544_fk_auth_group_id; Type: FK CONSTRAINT; Schema: public; Owner: erp
--

ALTER TABLE ONLY public.auth_user_groups
    ADD CONSTRAINT auth_user_groups_group_id_97559544_fk_auth_group_id FOREIGN KEY (group_id) REFERENCES public.auth_group(id) DEFERRABLE INITIALLY DEFERRED;


--
-- Name: auth_user_groups auth_user_groups_user_id_6a12ed8b_fk_auth_user_id; Type: FK CONSTRAINT; Schema: public; Owner: erp
--

ALTER TABLE ONLY public.auth_user_groups
    ADD CONSTRAINT auth_user_groups_user_id_6a12ed8b_fk_auth_user_id FOREIGN KEY (user_id) REFERENCES public.auth_user(id) DEFERRABLE INITIALLY DEFERRED;


--
-- Name: auth_user_user_permissions auth_user_user_permi_permission_id_1fbb5f2c_fk_auth_perm; Type: FK CONSTRAINT; Schema: public; Owner: erp
--

ALTER TABLE ONLY public.auth_user_user_permissions
    ADD CONSTRAINT auth_user_user_permi_permission_id_1fbb5f2c_fk_auth_perm FOREIGN KEY (permission_id) REFERENCES public.auth_permission(id) DEFERRABLE INITIALLY DEFERRED;


--
-- Name: auth_user_user_permissions auth_user_user_permissions_user_id_a95ead1b_fk_auth_user_id; Type: FK CONSTRAINT; Schema: public; Owner: erp
--

ALTER TABLE ONLY public.auth_user_user_permissions
    ADD CONSTRAINT auth_user_user_permissions_user_id_a95ead1b_fk_auth_user_id FOREIGN KEY (user_id) REFERENCES public.auth_user(id) DEFERRABLE INITIALLY DEFERRED;


--
-- Name: custom_scheduler_calendar custom_scheduler_cal_calendar_ptr_id_3ad73096_fk_schedule_; Type: FK CONSTRAINT; Schema: public; Owner: erp
--

ALTER TABLE ONLY public.custom_scheduler_calendar
    ADD CONSTRAINT custom_scheduler_cal_calendar_ptr_id_3ad73096_fk_schedule_ FOREIGN KEY (calendar_ptr_id) REFERENCES public.schedule_calendar(id) DEFERRABLE INITIALLY DEFERRED;


--
-- Name: custom_scheduler_calendar custom_scheduler_cal_organization_id_8e3570b6_fk_organizat; Type: FK CONSTRAINT; Schema: public; Owner: erp
--

ALTER TABLE ONLY public.custom_scheduler_calendar
    ADD CONSTRAINT custom_scheduler_cal_organization_id_8e3570b6_fk_organizat FOREIGN KEY (organization_id) REFERENCES public.organizations_organization(id) DEFERRABLE INITIALLY DEFERRED;


--
-- Name: custom_scheduler_customevent custom_scheduler_cus_event_ptr_id_a4ec9ca1_fk_schedule_; Type: FK CONSTRAINT; Schema: public; Owner: erp
--

ALTER TABLE ONLY public.custom_scheduler_customevent
    ADD CONSTRAINT custom_scheduler_cus_event_ptr_id_a4ec9ca1_fk_schedule_ FOREIGN KEY (event_ptr_id) REFERENCES public.schedule_event(id) DEFERRABLE INITIALLY DEFERRED;


--
-- Name: custom_scheduler_customevent custom_scheduler_cus_event_type_id_e82dd102_fk_custom_sc; Type: FK CONSTRAINT; Schema: public; Owner: erp
--

ALTER TABLE ONLY public.custom_scheduler_customevent
    ADD CONSTRAINT custom_scheduler_cus_event_type_id_e82dd102_fk_custom_sc FOREIGN KEY (event_type_id) REFERENCES public.custom_scheduler_eventtype(id) DEFERRABLE INITIALLY DEFERRED;


--
-- Name: custom_scheduler_eventtype custom_scheduler_eve_organization_id_72a499b3_fk_organizat; Type: FK CONSTRAINT; Schema: public; Owner: erp
--

ALTER TABLE ONLY public.custom_scheduler_eventtype
    ADD CONSTRAINT custom_scheduler_eve_organization_id_72a499b3_fk_organizat FOREIGN KEY (organization_id) REFERENCES public.organizations_organization(id) DEFERRABLE INITIALLY DEFERRED;


--
-- Name: custom_scheduler_stafftime custom_scheduler_sta_event_id_9f67e16b_fk_schedule_; Type: FK CONSTRAINT; Schema: public; Owner: erp
--

ALTER TABLE ONLY public.custom_scheduler_stafftime
    ADD CONSTRAINT custom_scheduler_sta_event_id_9f67e16b_fk_schedule_ FOREIGN KEY (event_id) REFERENCES public.schedule_event(id) DEFERRABLE INITIALLY DEFERRED;


--
-- Name: custom_scheduler_stafftime custom_scheduler_sta_occurrence_id_c5e2c801_fk_schedule_; Type: FK CONSTRAINT; Schema: public; Owner: erp
--

ALTER TABLE ONLY public.custom_scheduler_stafftime
    ADD CONSTRAINT custom_scheduler_sta_occurrence_id_c5e2c801_fk_schedule_ FOREIGN KEY (occurrence_id) REFERENCES public.schedule_occurrence(id) DEFERRABLE INITIALLY DEFERRED;


--
-- Name: custom_scheduler_staff custom_scheduler_sta_organization_id_7ae115c4_fk_organizat; Type: FK CONSTRAINT; Schema: public; Owner: erp
--

ALTER TABLE ONLY public.custom_scheduler_staff
    ADD CONSTRAINT custom_scheduler_sta_organization_id_7ae115c4_fk_organizat FOREIGN KEY (organization_id) REFERENCES public.organizations_organization(id) DEFERRABLE INITIALLY DEFERRED;


--
-- Name: custom_scheduler_stafftime custom_scheduler_sta_staff_member_id_09dcc630_fk_custom_sc; Type: FK CONSTRAINT; Schema: public; Owner: erp
--

ALTER TABLE ONLY public.custom_scheduler_stafftime
    ADD CONSTRAINT custom_scheduler_sta_staff_member_id_09dcc630_fk_custom_sc FOREIGN KEY (staff_member_id) REFERENCES public.custom_scheduler_staff(id) DEFERRABLE INITIALLY DEFERRED;


--
-- Name: custom_scheduler_staff custom_scheduler_staff_user_id_0b4b5a35_fk_auth_user_id; Type: FK CONSTRAINT; Schema: public; Owner: erp
--

ALTER TABLE ONLY public.custom_scheduler_staff
    ADD CONSTRAINT custom_scheduler_staff_user_id_0b4b5a35_fk_auth_user_id FOREIGN KEY (user_id) REFERENCES public.auth_user(id) DEFERRABLE INITIALLY DEFERRED;


--
-- Name: django_admin_log django_admin_log_content_type_id_c4bce8eb_fk_django_co; Type: FK CONSTRAINT; Schema: public; Owner: erp
--

ALTER TABLE ONLY public.django_admin_log
    ADD CONSTRAINT django_admin_log_content_type_id_c4bce8eb_fk_django_co FOREIGN KEY (content_type_id) REFERENCES public.django_content_type(id) DEFERRABLE INITIALLY DEFERRED;


--
-- Name: django_admin_log django_admin_log_user_id_c564eba6_fk_auth_user_id; Type: FK CONSTRAINT; Schema: public; Owner: erp
--

ALTER TABLE ONLY public.django_admin_log
    ADD CONSTRAINT django_admin_log_user_id_c564eba6_fk_auth_user_id FOREIGN KEY (user_id) REFERENCES public.auth_user(id) DEFERRABLE INITIALLY DEFERRED;


--
-- Name: django_celery_beat_periodictask django_celery_beat_p_clocked_id_47a69f82_fk_django_ce; Type: FK CONSTRAINT; Schema: public; Owner: erp
--

ALTER TABLE ONLY public.django_celery_beat_periodictask
    ADD CONSTRAINT django_celery_beat_p_clocked_id_47a69f82_fk_django_ce FOREIGN KEY (clocked_id) REFERENCES public.django_celery_beat_clockedschedule(id) DEFERRABLE INITIALLY DEFERRED;


--
-- Name: django_celery_beat_periodictask django_celery_beat_p_crontab_id_d3cba168_fk_django_ce; Type: FK CONSTRAINT; Schema: public; Owner: erp
--

ALTER TABLE ONLY public.django_celery_beat_periodictask
    ADD CONSTRAINT django_celery_beat_p_crontab_id_d3cba168_fk_django_ce FOREIGN KEY (crontab_id) REFERENCES public.django_celery_beat_crontabschedule(id) DEFERRABLE INITIALLY DEFERRED;


--
-- Name: django_celery_beat_periodictask django_celery_beat_p_interval_id_a8ca27da_fk_django_ce; Type: FK CONSTRAINT; Schema: public; Owner: erp
--

ALTER TABLE ONLY public.django_celery_beat_periodictask
    ADD CONSTRAINT django_celery_beat_p_interval_id_a8ca27da_fk_django_ce FOREIGN KEY (interval_id) REFERENCES public.django_celery_beat_intervalschedule(id) DEFERRABLE INITIALLY DEFERRED;


--
-- Name: django_celery_beat_periodictask django_celery_beat_p_solar_id_a87ce72c_fk_django_ce; Type: FK CONSTRAINT; Schema: public; Owner: erp
--

ALTER TABLE ONLY public.django_celery_beat_periodictask
    ADD CONSTRAINT django_celery_beat_p_solar_id_a87ce72c_fk_django_ce FOREIGN KEY (solar_id) REFERENCES public.django_celery_beat_solarschedule(id) DEFERRABLE INITIALLY DEFERRED;


--
-- Name: employee_alternatewagecode employee_alternatewa_user_id_8f44d8d2_fk_employee_; Type: FK CONSTRAINT; Schema: public; Owner: erp
--

ALTER TABLE ONLY public.employee_alternatewagecode
    ADD CONSTRAINT employee_alternatewa_user_id_8f44d8d2_fk_employee_ FOREIGN KEY (user_id) REFERENCES public.employee_timesheetuser(id) DEFERRABLE INITIALLY DEFERRED;


--
-- Name: employee_invitee employee_invitee_inviter_id_e22d8c2e_fk_employee_; Type: FK CONSTRAINT; Schema: public; Owner: erp
--

ALTER TABLE ONLY public.employee_invitee
    ADD CONSTRAINT employee_invitee_inviter_id_e22d8c2e_fk_employee_ FOREIGN KEY (inviter_id) REFERENCES public.employee_timesheetuser(id) DEFERRABLE INITIALLY DEFERRED;


--
-- Name: employee_invitee employee_invitee_organization_id_f1e48c2a_fk_organizat; Type: FK CONSTRAINT; Schema: public; Owner: erp
--

ALTER TABLE ONLY public.employee_invitee
    ADD CONSTRAINT employee_invitee_organization_id_f1e48c2a_fk_organizat FOREIGN KEY (organization_id) REFERENCES public.organizations_organization(id) DEFERRABLE INITIALLY DEFERRED;


--
-- Name: employee_invitee employee_invitee_user_id_02dfad81_fk_employee_timesheetuser_id; Type: FK CONSTRAINT; Schema: public; Owner: erp
--

ALTER TABLE ONLY public.employee_invitee
    ADD CONSTRAINT employee_invitee_user_id_02dfad81_fk_employee_timesheetuser_id FOREIGN KEY (user_id) REFERENCES public.employee_timesheetuser(id) DEFERRABLE INITIALLY DEFERRED;


--
-- Name: employee_timesheetuser_approvers employee_timesheetus_from_timesheetuser_i_6431ad3e_fk_employee_; Type: FK CONSTRAINT; Schema: public; Owner: erp
--

ALTER TABLE ONLY public.employee_timesheetuser_approvers
    ADD CONSTRAINT employee_timesheetus_from_timesheetuser_i_6431ad3e_fk_employee_ FOREIGN KEY (from_timesheetuser_id) REFERENCES public.employee_timesheetuser(id) DEFERRABLE INITIALLY DEFERRED;


--
-- Name: employee_timesheetuser_org_manager employee_timesheetus_organization_id_5c576f75_fk_organizat; Type: FK CONSTRAINT; Schema: public; Owner: erp
--

ALTER TABLE ONLY public.employee_timesheetuser_org_manager
    ADD CONSTRAINT employee_timesheetus_organization_id_5c576f75_fk_organizat FOREIGN KEY (organization_id) REFERENCES public.organizations_organization(id) DEFERRABLE INITIALLY DEFERRED;


--
-- Name: employee_timesheetuser employee_timesheetus_organization_id_c93e607e_fk_organizat; Type: FK CONSTRAINT; Schema: public; Owner: erp
--

ALTER TABLE ONLY public.employee_timesheetuser
    ADD CONSTRAINT employee_timesheetus_organization_id_c93e607e_fk_organizat FOREIGN KEY (organization_id) REFERENCES public.organizations_organization(id) DEFERRABLE INITIALLY DEFERRED;


--
-- Name: employee_timesheetuser_org_manager employee_timesheetus_timesheetuser_id_38659a09_fk_employee_; Type: FK CONSTRAINT; Schema: public; Owner: erp
--

ALTER TABLE ONLY public.employee_timesheetuser_org_manager
    ADD CONSTRAINT employee_timesheetus_timesheetuser_id_38659a09_fk_employee_ FOREIGN KEY (timesheetuser_id) REFERENCES public.employee_timesheetuser(id) DEFERRABLE INITIALLY DEFERRED;


--
-- Name: employee_timesheetuser_approvers employee_timesheetus_to_timesheetuser_id_ceb8602d_fk_employee_; Type: FK CONSTRAINT; Schema: public; Owner: erp
--

ALTER TABLE ONLY public.employee_timesheetuser_approvers
    ADD CONSTRAINT employee_timesheetus_to_timesheetuser_id_ceb8602d_fk_employee_ FOREIGN KEY (to_timesheetuser_id) REFERENCES public.employee_timesheetuser(id) DEFERRABLE INITIALLY DEFERRED;


--
-- Name: employee_timesheetuser employee_timesheetuser_user_id_5c0519ae_fk_auth_user_id; Type: FK CONSTRAINT; Schema: public; Owner: erp
--

ALTER TABLE ONLY public.employee_timesheetuser
    ADD CONSTRAINT employee_timesheetuser_user_id_5c0519ae_fk_auth_user_id FOREIGN KEY (user_id) REFERENCES public.auth_user(id) DEFERRABLE INITIALLY DEFERRED;


--
-- Name: inventory_childpart inventory_childpart_child_part_id_ca2feac2_fk_inventory; Type: FK CONSTRAINT; Schema: public; Owner: erp
--

ALTER TABLE ONLY public.inventory_childpart
    ADD CONSTRAINT inventory_childpart_child_part_id_ca2feac2_fk_inventory FOREIGN KEY (child_part_id) REFERENCES public.inventory_part(part_ptr_id) DEFERRABLE INITIALLY DEFERRED;


--
-- Name: inventory_childpart inventory_childpart_parent_part_id_6de64c8e_fk_inventory; Type: FK CONSTRAINT; Schema: public; Owner: erp
--

ALTER TABLE ONLY public.inventory_childpart
    ADD CONSTRAINT inventory_childpart_parent_part_id_6de64c8e_fk_inventory FOREIGN KEY (parent_part_id) REFERENCES public.inventory_part(part_ptr_id) DEFERRABLE INITIALLY DEFERRED;


--
-- Name: inventory_equipment inventory_equipment_serialpart_ptr_id_cc97af4d_fk_inventory; Type: FK CONSTRAINT; Schema: public; Owner: erp
--

ALTER TABLE ONLY public.inventory_equipment
    ADD CONSTRAINT inventory_equipment_serialpart_ptr_id_cc97af4d_fk_inventory FOREIGN KEY (serialpart_ptr_id) REFERENCES public.inventory_serialpart(id) DEFERRABLE INITIALLY DEFERRED;


--
-- Name: inventory_inventorypart inventory_inventoryp_part_id_54bccede_fk_inventory; Type: FK CONSTRAINT; Schema: public; Owner: erp
--

ALTER TABLE ONLY public.inventory_inventorypart
    ADD CONSTRAINT inventory_inventoryp_part_id_54bccede_fk_inventory FOREIGN KEY (part_id) REFERENCES public.inventory_part(part_ptr_id) DEFERRABLE INITIALLY DEFERRED;


--
-- Name: inventory_part inventory_part_part_ptr_id_94df8236_fk_purchasin; Type: FK CONSTRAINT; Schema: public; Owner: erp
--

ALTER TABLE ONLY public.inventory_part
    ADD CONSTRAINT inventory_part_part_ptr_id_94df8236_fk_purchasin FOREIGN KEY (part_ptr_id) REFERENCES public.purchasing_part(item_ptr_id) DEFERRABLE INITIALLY DEFERRED;


--
-- Name: inventory_serialpart inventory_serialpart_parent_serial_part_i_24fcf4c2_fk_inventory; Type: FK CONSTRAINT; Schema: public; Owner: erp
--

ALTER TABLE ONLY public.inventory_serialpart
    ADD CONSTRAINT inventory_serialpart_parent_serial_part_i_24fcf4c2_fk_inventory FOREIGN KEY (parent_serial_part_id) REFERENCES public.inventory_serialpart(id) DEFERRABLE INITIALLY DEFERRED;


--
-- Name: inventory_serialpart inventory_serialpart_part_id_8cf511e1_fk_inventory; Type: FK CONSTRAINT; Schema: public; Owner: erp
--

ALTER TABLE ONLY public.inventory_serialpart
    ADD CONSTRAINT inventory_serialpart_part_id_8cf511e1_fk_inventory FOREIGN KEY (part_id) REFERENCES public.inventory_part(part_ptr_id) DEFERRABLE INITIALLY DEFERRED;


--
-- Name: inventory_serialpart inventory_serialpart_polymorphic_ctype_id_de4da796_fk_django_co; Type: FK CONSTRAINT; Schema: public; Owner: erp
--

ALTER TABLE ONLY public.inventory_serialpart
    ADD CONSTRAINT inventory_serialpart_polymorphic_ctype_id_de4da796_fk_django_co FOREIGN KEY (polymorphic_ctype_id) REFERENCES public.django_content_type(id) DEFERRABLE INITIALLY DEFERRED;


--
-- Name: invoice_invoice invoice_invoice_period_id_81af4a5e_fk_timesheet; Type: FK CONSTRAINT; Schema: public; Owner: erp
--

ALTER TABLE ONLY public.invoice_invoice
    ADD CONSTRAINT invoice_invoice_period_id_81af4a5e_fk_timesheet FOREIGN KEY (period_id) REFERENCES public.timesheets_usertimesheetperiod(id) DEFERRABLE INITIALLY DEFERRED;


--
-- Name: invoice_invoiceentry invoice_invoiceentry_invoice_id_a2e2b9b6_fk_invoice_invoice_id; Type: FK CONSTRAINT; Schema: public; Owner: erp
--

ALTER TABLE ONLY public.invoice_invoiceentry
    ADD CONSTRAINT invoice_invoiceentry_invoice_id_a2e2b9b6_fk_invoice_invoice_id FOREIGN KEY (invoice_id) REFERENCES public.invoice_invoice(id) DEFERRABLE INITIALLY DEFERRED;


--
-- Name: mailer_email mailer_email_organization_id_0bb2c7a6_fk_organizat; Type: FK CONSTRAINT; Schema: public; Owner: erp
--

ALTER TABLE ONLY public.mailer_email
    ADD CONSTRAINT mailer_email_organization_id_0bb2c7a6_fk_organizat FOREIGN KEY (organization_id) REFERENCES public.organizations_organization(id) DEFERRABLE INITIALLY DEFERRED;


--
-- Name: organizations_periodtype organizations_period_organization_id_1ef0f9ec_fk_organizat; Type: FK CONSTRAINT; Schema: public; Owner: erp
--

ALTER TABLE ONLY public.organizations_periodtype
    ADD CONSTRAINT organizations_period_organization_id_1ef0f9ec_fk_organizat FOREIGN KEY (organization_id) REFERENCES public.organizations_organization(id) DEFERRABLE INITIALLY DEFERRED;


--
-- Name: projects_project_contributors projects_project_con_project_id_4bc3d6c5_fk_projects_; Type: FK CONSTRAINT; Schema: public; Owner: erp
--

ALTER TABLE ONLY public.projects_project_contributors
    ADD CONSTRAINT projects_project_con_project_id_4bc3d6c5_fk_projects_ FOREIGN KEY (project_id) REFERENCES public.projects_project(id) DEFERRABLE INITIALLY DEFERRED;


--
-- Name: projects_project_contributors projects_project_contributors_user_id_c34e040d_fk_auth_user_id; Type: FK CONSTRAINT; Schema: public; Owner: erp
--

ALTER TABLE ONLY public.projects_project_contributors
    ADD CONSTRAINT projects_project_contributors_user_id_c34e040d_fk_auth_user_id FOREIGN KEY (user_id) REFERENCES public.auth_user(id) DEFERRABLE INITIALLY DEFERRED;


--
-- Name: projects_project_organizations projects_project_org_organization_id_cfda860f_fk_organizat; Type: FK CONSTRAINT; Schema: public; Owner: erp
--

ALTER TABLE ONLY public.projects_project_organizations
    ADD CONSTRAINT projects_project_org_organization_id_cfda860f_fk_organizat FOREIGN KEY (organization_id) REFERENCES public.organizations_organization(id) DEFERRABLE INITIALLY DEFERRED;


--
-- Name: projects_project_organizations projects_project_org_project_id_79ea652a_fk_projects_; Type: FK CONSTRAINT; Schema: public; Owner: erp
--

ALTER TABLE ONLY public.projects_project_organizations
    ADD CONSTRAINT projects_project_org_project_id_79ea652a_fk_projects_ FOREIGN KEY (project_id) REFERENCES public.projects_project(id) DEFERRABLE INITIALLY DEFERRED;


--
-- Name: projects_project projects_project_owner_id_b940de39_fk_auth_user_id; Type: FK CONSTRAINT; Schema: public; Owner: erp
--

ALTER TABLE ONLY public.projects_project
    ADD CONSTRAINT projects_project_owner_id_b940de39_fk_auth_user_id FOREIGN KEY (owner_id) REFERENCES public.auth_user(id) DEFERRABLE INITIALLY DEFERRED;


--
-- Name: purchasing_item purchasing_item_organization_id_994d9a64_fk_organizat; Type: FK CONSTRAINT; Schema: public; Owner: erp
--

ALTER TABLE ONLY public.purchasing_item
    ADD CONSTRAINT purchasing_item_organization_id_994d9a64_fk_organizat FOREIGN KEY (organization_id) REFERENCES public.organizations_organization(id) DEFERRABLE INITIALLY DEFERRED;


--
-- Name: purchasing_item purchasing_item_polymorphic_ctype_id_bdb6273b_fk_django_co; Type: FK CONSTRAINT; Schema: public; Owner: erp
--

ALTER TABLE ONLY public.purchasing_item
    ADD CONSTRAINT purchasing_item_polymorphic_ctype_id_bdb6273b_fk_django_co FOREIGN KEY (polymorphic_ctype_id) REFERENCES public.django_content_type(id) DEFERRABLE INITIALLY DEFERRED;


--
-- Name: purchasing_manufacturer purchasing_manufactu_organization_id_92271b30_fk_organizat; Type: FK CONSTRAINT; Schema: public; Owner: erp
--

ALTER TABLE ONLY public.purchasing_manufacturer
    ADD CONSTRAINT purchasing_manufactu_organization_id_92271b30_fk_organizat FOREIGN KEY (organization_id) REFERENCES public.organizations_organization(id) DEFERRABLE INITIALLY DEFERRED;


--
-- Name: purchasing_part purchasing_part_item_ptr_id_0e5f2870_fk_purchasing_item_id; Type: FK CONSTRAINT; Schema: public; Owner: erp
--

ALTER TABLE ONLY public.purchasing_part
    ADD CONSTRAINT purchasing_part_item_ptr_id_0e5f2870_fk_purchasing_item_id FOREIGN KEY (item_ptr_id) REFERENCES public.purchasing_item(id) DEFERRABLE INITIALLY DEFERRED;


--
-- Name: purchasing_payment purchasing_payment_account_id_b2f8b0d3_fk_purchasin; Type: FK CONSTRAINT; Schema: public; Owner: erp
--

ALTER TABLE ONLY public.purchasing_payment
    ADD CONSTRAINT purchasing_payment_account_id_b2f8b0d3_fk_purchasin FOREIGN KEY (account_id) REFERENCES public.purchasing_paymentaccount(id) DEFERRABLE INITIALLY DEFERRED;


--
-- Name: purchasing_payment purchasing_payment_order_id_d36694b0_fk_purchasin; Type: FK CONSTRAINT; Schema: public; Owner: erp
--

ALTER TABLE ONLY public.purchasing_payment
    ADD CONSTRAINT purchasing_payment_order_id_d36694b0_fk_purchasin FOREIGN KEY (order_id) REFERENCES public.purchasing_purchaseorder(id) DEFERRABLE INITIALLY DEFERRED;


--
-- Name: purchasing_purchaseitem_manufacturer purchasing_purchasei_manufacturer_id_d79f31fa_fk_purchasin; Type: FK CONSTRAINT; Schema: public; Owner: erp
--

ALTER TABLE ONLY public.purchasing_purchaseitem_manufacturer
    ADD CONSTRAINT purchasing_purchasei_manufacturer_id_d79f31fa_fk_purchasin FOREIGN KEY (manufacturer_id) REFERENCES public.purchasing_manufacturer(id) DEFERRABLE INITIALLY DEFERRED;


--
-- Name: purchasing_purchaseitem_manufacturer purchasing_purchasei_purchaseitem_id_7c6adff3_fk_purchasin; Type: FK CONSTRAINT; Schema: public; Owner: erp
--

ALTER TABLE ONLY public.purchasing_purchaseitem_manufacturer
    ADD CONSTRAINT purchasing_purchasei_purchaseitem_id_7c6adff3_fk_purchasin FOREIGN KEY (purchaseitem_id) REFERENCES public.purchasing_purchaseitem(id) DEFERRABLE INITIALLY DEFERRED;


--
-- Name: purchasing_purchaseitem_vendor purchasing_purchasei_purchaseitem_id_823f3b9b_fk_purchasin; Type: FK CONSTRAINT; Schema: public; Owner: erp
--

ALTER TABLE ONLY public.purchasing_purchaseitem_vendor
    ADD CONSTRAINT purchasing_purchasei_purchaseitem_id_823f3b9b_fk_purchasin FOREIGN KEY (purchaseitem_id) REFERENCES public.purchasing_purchaseitem(id) DEFERRABLE INITIALLY DEFERRED;


--
-- Name: purchasing_purchaseitem_vendor purchasing_purchasei_vendor_id_5e8d91d2_fk_purchasin; Type: FK CONSTRAINT; Schema: public; Owner: erp
--

ALTER TABLE ONLY public.purchasing_purchaseitem_vendor
    ADD CONSTRAINT purchasing_purchasei_vendor_id_5e8d91d2_fk_purchasin FOREIGN KEY (vendor_id) REFERENCES public.purchasing_vendor(id) DEFERRABLE INITIALLY DEFERRED;


--
-- Name: purchasing_purchaseitem purchasing_purchaseitem_item_id_12ff8331_fk_purchasing_item_id; Type: FK CONSTRAINT; Schema: public; Owner: erp
--

ALTER TABLE ONLY public.purchasing_purchaseitem
    ADD CONSTRAINT purchasing_purchaseitem_item_id_12ff8331_fk_purchasing_item_id FOREIGN KEY (item_id) REFERENCES public.purchasing_item(id) DEFERRABLE INITIALLY DEFERRED;


--
-- Name: purchasing_purchaseorder purchasing_purchaseo_organization_id_5e39ac62_fk_organizat; Type: FK CONSTRAINT; Schema: public; Owner: erp
--

ALTER TABLE ONLY public.purchasing_purchaseorder
    ADD CONSTRAINT purchasing_purchaseo_organization_id_5e39ac62_fk_organizat FOREIGN KEY (organization_id) REFERENCES public.organizations_organization(id) DEFERRABLE INITIALLY DEFERRED;


--
-- Name: purchasing_purchaseorderitem purchasing_purchaseo_purchase_item_id_4b20d0e1_fk_purchasin; Type: FK CONSTRAINT; Schema: public; Owner: erp
--

ALTER TABLE ONLY public.purchasing_purchaseorderitem
    ADD CONSTRAINT purchasing_purchaseo_purchase_item_id_4b20d0e1_fk_purchasin FOREIGN KEY (purchase_item_id) REFERENCES public.purchasing_purchaseitem(id) DEFERRABLE INITIALLY DEFERRED;


--
-- Name: purchasing_purchaseorderitem purchasing_purchaseo_purchase_order_id_2bf48ec0_fk_purchasin; Type: FK CONSTRAINT; Schema: public; Owner: erp
--

ALTER TABLE ONLY public.purchasing_purchaseorderitem
    ADD CONSTRAINT purchasing_purchaseo_purchase_order_id_2bf48ec0_fk_purchasin FOREIGN KEY (purchase_order_id) REFERENCES public.purchasing_purchaseorder(id) DEFERRABLE INITIALLY DEFERRED;


--
-- Name: purchasing_purchaseorderhistory purchasing_purchaseo_purchase_order_id_71d60e6b_fk_purchasin; Type: FK CONSTRAINT; Schema: public; Owner: erp
--

ALTER TABLE ONLY public.purchasing_purchaseorderhistory
    ADD CONSTRAINT purchasing_purchaseo_purchase_order_id_71d60e6b_fk_purchasin FOREIGN KEY (purchase_order_id) REFERENCES public.purchasing_purchaseorder(id) DEFERRABLE INITIALLY DEFERRED;


--
-- Name: purchasing_purchaseorderitemhistory purchasing_purchaseo_purchase_order_item__d6a50653_fk_purchasin; Type: FK CONSTRAINT; Schema: public; Owner: erp
--

ALTER TABLE ONLY public.purchasing_purchaseorderitemhistory
    ADD CONSTRAINT purchasing_purchaseo_purchase_order_item__d6a50653_fk_purchasin FOREIGN KEY (purchase_order_item_id) REFERENCES public.purchasing_purchaseorderitem(id) DEFERRABLE INITIALLY DEFERRED;


--
-- Name: purchasing_purchaseorder purchasing_purchaseo_vendor_id_17ec5360_fk_purchasin; Type: FK CONSTRAINT; Schema: public; Owner: erp
--

ALTER TABLE ONLY public.purchasing_purchaseorder
    ADD CONSTRAINT purchasing_purchaseo_vendor_id_17ec5360_fk_purchasin FOREIGN KEY (vendor_id) REFERENCES public.purchasing_vendor(id) DEFERRABLE INITIALLY DEFERRED;


--
-- Name: purchasing_purchaseorder purchasing_purchaseorder_orderer_id_a3f714ac_fk_auth_user_id; Type: FK CONSTRAINT; Schema: public; Owner: erp
--

ALTER TABLE ONLY public.purchasing_purchaseorder
    ADD CONSTRAINT purchasing_purchaseorder_orderer_id_a3f714ac_fk_auth_user_id FOREIGN KEY (orderer_id) REFERENCES public.auth_user(id) DEFERRABLE INITIALLY DEFERRED;


--
-- Name: purchasing_purchaseorder purchasing_purchaseorder_purchaser_id_5f29d45f_fk_auth_user_id; Type: FK CONSTRAINT; Schema: public; Owner: erp
--

ALTER TABLE ONLY public.purchasing_purchaseorder
    ADD CONSTRAINT purchasing_purchaseorder_purchaser_id_5f29d45f_fk_auth_user_id FOREIGN KEY (purchaser_id) REFERENCES public.auth_user(id) DEFERRABLE INITIALLY DEFERRED;


--
-- Name: purchasing_service purchasing_service_item_ptr_id_9ed4bfa9_fk_purchasing_item_id; Type: FK CONSTRAINT; Schema: public; Owner: erp
--

ALTER TABLE ONLY public.purchasing_service
    ADD CONSTRAINT purchasing_service_item_ptr_id_9ed4bfa9_fk_purchasing_item_id FOREIGN KEY (item_ptr_id) REFERENCES public.purchasing_item(id) DEFERRABLE INITIALLY DEFERRED;


--
-- Name: purchasing_subscription purchasing_subscript_item_ptr_id_665ba72f_fk_purchasin; Type: FK CONSTRAINT; Schema: public; Owner: erp
--

ALTER TABLE ONLY public.purchasing_subscription
    ADD CONSTRAINT purchasing_subscript_item_ptr_id_665ba72f_fk_purchasin FOREIGN KEY (item_ptr_id) REFERENCES public.purchasing_item(id) DEFERRABLE INITIALLY DEFERRED;


--
-- Name: purchasing_vendor purchasing_vendor_organization_id_e73c1797_fk_organizat; Type: FK CONSTRAINT; Schema: public; Owner: erp
--

ALTER TABLE ONLY public.purchasing_vendor
    ADD CONSTRAINT purchasing_vendor_organization_id_e73c1797_fk_organizat FOREIGN KEY (organization_id) REFERENCES public.organizations_organization(id) DEFERRABLE INITIALLY DEFERRED;


--
-- Name: schedule_calendarrelation schedule_calendarrel_content_type_id_f2a42f5b_fk_django_co; Type: FK CONSTRAINT; Schema: public; Owner: erp
--

ALTER TABLE ONLY public.schedule_calendarrelation
    ADD CONSTRAINT schedule_calendarrel_content_type_id_f2a42f5b_fk_django_co FOREIGN KEY (content_type_id) REFERENCES public.django_content_type(id) DEFERRABLE INITIALLY DEFERRED;


--
-- Name: schedule_calendarrelation schedule_calendarrelation_calendar_id_0a50be2e_fk; Type: FK CONSTRAINT; Schema: public; Owner: erp
--

ALTER TABLE ONLY public.schedule_calendarrelation
    ADD CONSTRAINT schedule_calendarrelation_calendar_id_0a50be2e_fk FOREIGN KEY (calendar_id) REFERENCES public.schedule_calendar(id) DEFERRABLE INITIALLY DEFERRED;


--
-- Name: schedule_event schedule_event_calendar_id_eb1c700f_fk; Type: FK CONSTRAINT; Schema: public; Owner: erp
--

ALTER TABLE ONLY public.schedule_event
    ADD CONSTRAINT schedule_event_calendar_id_eb1c700f_fk FOREIGN KEY (calendar_id) REFERENCES public.schedule_calendar(id) DEFERRABLE INITIALLY DEFERRED;


--
-- Name: schedule_event schedule_event_creator_id_d2ffab6e_fk_auth_user_id; Type: FK CONSTRAINT; Schema: public; Owner: erp
--

ALTER TABLE ONLY public.schedule_event
    ADD CONSTRAINT schedule_event_creator_id_d2ffab6e_fk_auth_user_id FOREIGN KEY (creator_id) REFERENCES public.auth_user(id) DEFERRABLE INITIALLY DEFERRED;


--
-- Name: schedule_event schedule_event_rule_id_90b83d31_fk; Type: FK CONSTRAINT; Schema: public; Owner: erp
--

ALTER TABLE ONLY public.schedule_event
    ADD CONSTRAINT schedule_event_rule_id_90b83d31_fk FOREIGN KEY (rule_id) REFERENCES public.schedule_rule(id) DEFERRABLE INITIALLY DEFERRED;


--
-- Name: schedule_eventrelation schedule_eventrelati_content_type_id_d4187723_fk_django_co; Type: FK CONSTRAINT; Schema: public; Owner: erp
--

ALTER TABLE ONLY public.schedule_eventrelation
    ADD CONSTRAINT schedule_eventrelati_content_type_id_d4187723_fk_django_co FOREIGN KEY (content_type_id) REFERENCES public.django_content_type(id) DEFERRABLE INITIALLY DEFERRED;


--
-- Name: schedule_eventrelation schedule_eventrelation_event_id_8c57a7b4_fk; Type: FK CONSTRAINT; Schema: public; Owner: erp
--

ALTER TABLE ONLY public.schedule_eventrelation
    ADD CONSTRAINT schedule_eventrelation_event_id_8c57a7b4_fk FOREIGN KEY (event_id) REFERENCES public.schedule_event(id) DEFERRABLE INITIALLY DEFERRED;


--
-- Name: schedule_occurrence schedule_occurrence_event_id_ade47cd8_fk; Type: FK CONSTRAINT; Schema: public; Owner: erp
--

ALTER TABLE ONLY public.schedule_occurrence
    ADD CONSTRAINT schedule_occurrence_event_id_ade47cd8_fk FOREIGN KEY (event_id) REFERENCES public.schedule_event(id) DEFERRABLE INITIALLY DEFERRED;


--
-- Name: timesheets_timesheetperiod timesheets_timesheet_org_id_4876bb91_fk_organizat; Type: FK CONSTRAINT; Schema: public; Owner: erp
--

ALTER TABLE ONLY public.timesheets_timesheetperiod
    ADD CONSTRAINT timesheets_timesheet_org_id_4876bb91_fk_organizat FOREIGN KEY (org_id) REFERENCES public.organizations_organization(id) DEFERRABLE INITIALLY DEFERRED;


--
-- Name: timesheets_timesheetentry timesheets_timesheet_period_id_6986cbf7_fk_timesheet; Type: FK CONSTRAINT; Schema: public; Owner: erp
--

ALTER TABLE ONLY public.timesheets_timesheetentry
    ADD CONSTRAINT timesheets_timesheet_period_id_6986cbf7_fk_timesheet FOREIGN KEY (period_id) REFERENCES public.timesheets_timesheetperiod(id) DEFERRABLE INITIALLY DEFERRED;


--
-- Name: timesheets_timesheetentry timesheets_timesheet_project_id_c77b008e_fk_projects_; Type: FK CONSTRAINT; Schema: public; Owner: erp
--

ALTER TABLE ONLY public.timesheets_timesheetentry
    ADD CONSTRAINT timesheets_timesheet_project_id_c77b008e_fk_projects_ FOREIGN KEY (project_id) REFERENCES public.projects_project(id) DEFERRABLE INITIALLY DEFERRED;


--
-- Name: timesheets_timesheetentry timesheets_timesheet_user_id_6f459031_fk_employee_; Type: FK CONSTRAINT; Schema: public; Owner: erp
--

ALTER TABLE ONLY public.timesheets_timesheetentry
    ADD CONSTRAINT timesheets_timesheet_user_id_6f459031_fk_employee_ FOREIGN KEY (user_id) REFERENCES public.employee_timesheetuser(id) DEFERRABLE INITIALLY DEFERRED;


--
-- Name: timesheets_usertimesheetperiod timesheets_usertimes_period_id_88a50318_fk_timesheet; Type: FK CONSTRAINT; Schema: public; Owner: erp
--

ALTER TABLE ONLY public.timesheets_usertimesheetperiod
    ADD CONSTRAINT timesheets_usertimes_period_id_88a50318_fk_timesheet FOREIGN KEY (period_id) REFERENCES public.timesheets_timesheetperiod(id) DEFERRABLE INITIALLY DEFERRED;


--
-- Name: timesheets_usertimesheetperiod timesheets_usertimes_user_id_5fe4cbd6_fk_employee_; Type: FK CONSTRAINT; Schema: public; Owner: erp
--

ALTER TABLE ONLY public.timesheets_usertimesheetperiod
    ADD CONSTRAINT timesheets_usertimes_user_id_5fe4cbd6_fk_employee_ FOREIGN KEY (user_id) REFERENCES public.employee_timesheetuser(id) DEFERRABLE INITIALLY DEFERRED;


--
-- Name: tsmanagement_approval tsmanagement_approva_approvee_id_448f15d9_fk_employee_; Type: FK CONSTRAINT; Schema: public; Owner: erp
--

ALTER TABLE ONLY public.tsmanagement_approval
    ADD CONSTRAINT tsmanagement_approva_approvee_id_448f15d9_fk_employee_ FOREIGN KEY (approvee_id) REFERENCES public.employee_timesheetuser(id) DEFERRABLE INITIALLY DEFERRED;


--
-- Name: tsmanagement_approval tsmanagement_approva_approver_id_ac9ad969_fk_employee_; Type: FK CONSTRAINT; Schema: public; Owner: erp
--

ALTER TABLE ONLY public.tsmanagement_approval
    ADD CONSTRAINT tsmanagement_approva_approver_id_ac9ad969_fk_employee_ FOREIGN KEY (approver_id) REFERENCES public.employee_timesheetuser(id) DEFERRABLE INITIALLY DEFERRED;


--
-- Name: tsmanagement_approval tsmanagement_approva_timesheet_entry_id_7b04cc20_fk_timesheet; Type: FK CONSTRAINT; Schema: public; Owner: erp
--

ALTER TABLE ONLY public.tsmanagement_approval
    ADD CONSTRAINT tsmanagement_approva_timesheet_entry_id_7b04cc20_fk_timesheet FOREIGN KEY (timesheet_entry_id) REFERENCES public.timesheets_timesheetentry(id) DEFERRABLE INITIALLY DEFERRED;


--
-- PostgreSQL database dump complete
--

